contrast,model,scenario,label_budget,target_fpr,metric,n_seeds,mean_difference,sd_difference,ci95_low,ci95_high,exact_signflip_p_two_sided,cohen_dz,wins,ties,losses,holm_p_primary4
AL_gain_T0_E2E_UNCERTAINTY_minus_RANDOM,T0_E2E,IID_ORIGINAL,0.25,0.005,recall,10,0.11550094517958412,0.07734036188217389,0.06017498319553365,0.17082690716363458,0.00390625,1.4934109741501718,9,0,1,
AL_gain_DAPT_E2E_UNCERTAINTY_minus_RANDOM,DAPT_E2E,IID_ORIGINAL,0.25,0.005,recall,10,0.1471644612476371,0.05400874101438194,0.10852893537926328,0.18579998711601092,0.001953125,2.7248267314442454,10,0,0,
INTERACTION_(DAPT_U-DAPT_R)-(T0_U-T0_R),DAPT_vs_T0,IID_ORIGINAL,0.25,0.005,recall,10,0.03166351606805297,0.09431215780046462,-0.03580333733317148,0.09913036946927742,0.31640625,0.33573101078911993,7,1,2,
AL_gain_T0_E2E_UNCERTAINTY_minus_RANDOM,T0_E2E,IID_ORIGINAL,0.25,0.005,empirical_fpr,10,0.0010536879076768688,0.002649242888666482,-0.0008414662883711979,0.0029488421037249355,0.26953125,0.3977317112691208,6,1,3,
AL_gain_DAPT_E2E_UNCERTAINTY_minus_RANDOM,DAPT_E2E,IID_ORIGINAL,0.25,0.005,empirical_fpr,10,0.0017059708981435099,0.0027906544391522706,-0.0002903430271310849,0.0037022848234181047,0.099609375,0.6113157093938654,7,0,3,
INTERACTION_(DAPT_U-DAPT_R)-(T0_U-T0_R),DAPT_vs_T0,IID_ORIGINAL,0.25,0.005,empirical_fpr,10,0.000652282990466641,0.003799604349194438,-0.0020657902207529325,0.0033703562016862147,0.619140625,0.171671292724184,7,0,3,
AL_gain_T0_E2E_UNCERTAINTY_minus_RANDOM,T0_E2E,IID_ORIGINAL,0.25,0.005,precision,10,5.934822365025738e-05,0.008491803280897017,-0.006015321897633867,0.006134018344934381,0.984375,0.006988883478231992,5,0,5,
AL_gain_DAPT_E2E_UNCERTAINTY_minus_RANDOM,DAPT_E2E,IID_ORIGINAL,0.25,0.005,precision,10,-0.0012213793411346874,0.00795352938731028,-0.006910991515328307,0.0044682328330589325,0.64453125,-0.15356444688359072,4,0,6,
INTERACTION_(DAPT_U-DAPT_R)-(T0_U-T0_R),DAPT_vs_T0,IID_ORIGINAL,0.25,0.005,precision,10,-0.0012807275647849447,0.010475246090391355,-0.00877426719747376,0.00621281206790387,0.69921875,-0.12226228899383276,3,0,7,
AL_gain_T0_E2E_UNCERTAINTY_minus_RANDOM,T0_E2E,IID_ORIGINAL,0.25,0.005,f1,10,0.09155485508850096,0.06309520350548356,0.04641926552611358,0.13669044465088834,0.00390625,1.4510588761401488,9,0,1,
AL_gain_DAPT_E2E_UNCERTAINTY_minus_RANDOM,DAPT_E2E,IID_ORIGINAL,0.25,0.005,f1,10,0.11936548711928947,0.04374651386350549,0.08807111631411615,0.1506598579244628,0.001953125,2.728571412380984,10,0,0,
INTERACTION_(DAPT_U-DAPT_R)-(T0_U-T0_R),DAPT_vs_T0,IID_ORIGINAL,0.25,0.005,f1,10,0.027810632030788505,0.08004831675217121,-0.029452484170619297,0.08507374823219631,0.296875,0.3474230709546329,7,0,3,
AL_gain_T0_E2E_UNCERTAINTY_minus_RANDOM,T0_E2E,IID_ORIGINAL,0.25,0.005,average_precision,10,0.000823680281659267,0.01934499915568031,-0.013014898460695248,0.014662259024013783,0.900390625,0.04257846046053758,4,0,6,
AL_gain_DAPT_E2E_UNCERTAINTY_minus_RANDOM,DAPT_E2E,IID_ORIGINAL,0.25,0.005,average_precision,10,0.011466911065114927,0.008169132742725387,0.005623065541670852,0.017310756588559004,0.005859375,1.4036876895318187,9,0,1,
INTERACTION_(DAPT_U-DAPT_R)-(T0_U-T0_R),DAPT_vs_T0,IID_ORIGINAL,0.25,0.005,average_precision,10,0.01064323078345566,0.021741455543806944,-0.004909669586045119,0.026196131152956437,0.15625,0.4895362576811186,7,0,3,
AL_gain_T0_E2E_UNCERTAINTY_minus_RANDOM,T0_E2E,IID_ORIGINAL,0.25,0.005,roc_auc,10,-0.016372118103342815,0.02799589975168575,-0.03639917833006846,0.0036549421233828365,0.09765625,-0.5848041409119913,2,0,8,
AL_gain_DAPT_E2E_UNCERTAINTY_minus_RANDOM,DAPT_E2E,IID_ORIGINAL,0.25,0.005,roc_auc,10,0.0020269667845019155,0.01732445391160832,-0.010366200963643806,0.014420134532647639,0.67578125,0.11700032767807696,6,0,4,
INTERACTION_(DAPT_U-DAPT_R)-(T0_U-T0_R),DAPT_vs_T0,IID_ORIGINAL,0.25,0.005,roc_auc,10,0.01839908488784473,0.03048463023174463,-0.0034083058749347223,0.040206475650624185,0.091796875,0.6035528313112084,8,0,2,
AL_gain_T0_E2E_UNCERTAINTY_minus_RANDOM,T0_E2E,IID_BALANCED,0.25,0.005,recall,10,0.11550094517958412,0.07734036188217389,0.06017498319553365,0.17082690716363458,0.00390625,1.4934109741501718,9,0,1,
AL_gain_DAPT_E2E_UNCERTAINTY_minus_RANDOM,DAPT_E2E,IID_BALANCED,0.25,0.005,recall,10,0.1471644612476371,0.05400874101438194,0.10852893537926328,0.18579998711601092,0.001953125,2.7248267314442454,10,0,0,
INTERACTION_(DAPT_U-DAPT_R)-(T0_U-T0_R),DAPT_vs_T0,IID_BALANCED,0.25,0.005,recall,10,0.03166351606805297,0.09431215780046462,-0.03580333733317148,0.09913036946927742,0.31640625,0.33573101078911993,7,1,2,
AL_gain_T0_E2E_UNCERTAINTY_minus_RANDOM,T0_E2E,IID_BALANCED,0.25,0.005,empirical_fpr,10,0.0007561436672967864,0.002982270842142213,-0.0013772443751573086,0.002889531709750881,0.4921875,0.25354627641855504,6,1,3,
AL_gain_DAPT_E2E_UNCERTAINTY_minus_RANDOM,DAPT_E2E,IID_BALANCED,0.25,0.005,empirical_fpr,10,0.00151228733459355,0.002962232961195496,-0.0006067664713439382,0.0036313411405310384,0.1640625,0.510522755773814,7,2,1,
INTERACTION_(DAPT_U-DAPT_R)-(T0_U-T0_R),DAPT_vs_T0,IID_BALANCED,0.25,0.005,empirical_fpr,10,0.0007561436672967636,0.004222272354820636,-0.0022642880206878296,0.0037765753552813563,0.62109375,0.17908453168196556,5,0,5,
AL_gain_T0_E2E_UNCERTAINTY_minus_RANDOM,T0_E2E,IID_BALANCED,0.25,0.005,precision,10,0.00010934089028806771,0.005145907415868569,-0.003571819517230126,0.003790501297806261,0.94921875,0.021248126219855872,4,0,6,
AL_gain_DAPT_E2E_UNCERTAINTY_minus_RANDOM,DAPT_E2E,IID_BALANCED,0.25,0.005,precision,10,0.00044810499929949233,0.004796727596362797,-0.0029832672129034847,0.0038794772115024697,0.7890625,0.09341889659093335,7,0,3,
INTERACTION_(DAPT_U-DAPT_R)-(T0_U-T0_R),DAPT_vs_T0,IID_BALANCED,0.25,0.005,precision,10,0.00033876410901142464,0.006726803350217271,-0.004473301122792001,0.005150829340814851,0.869140625,0.050360340770253496,5,0,5,
AL_gain_T0_E2E_UNCERTAINTY_minus_RANDOM,T0_E2E,IID_BALANCED,0.25,0.005,f1,10,0.09226528240379775,0.06365240267778521,0.04673109656549339,0.1377994682421021,0.00390625,1.4495176697548053,9,0,1,
AL_gain_DAPT_E2E_UNCERTAINTY_minus_RANDOM,DAPT_E2E,IID_BALANCED,0.25,0.005,f1,10,0.12022455809881274,0.04451601366539409,0.08837972029620177,0.1520693959014237,0.001953125,2.700703594047844,10,0,0,
INTERACTION_(DAPT_U-DAPT_R)-(T0_U-T0_R),DAPT_vs_T0,IID_BALANCED,0.25,0.005,f1,10,0.027959275695014985,0.08131723029434686,-0.03021156657189029,0.08613011796192026,0.294921875,0.3438296606243204,8,0,2,
AL_gain_T0_E2E_UNCERTAINTY_minus_RANDOM,T0_E2E,IID_BALANCED,0.25,0.005,average_precision,10,-0.003730090450060353,0.014599749941188457,-0.014174122396192375,0.00671394149607167,0.44921875,-0.2554900231227326,4,0,6,
AL_gain_DAPT_E2E_UNCERTAINTY_minus_RANDOM,DAPT_E2E,IID_BALANCED,0.25,0.005,average_precision,10,0.005162822357571284,0.006807784509982184,0.0002928266938750819,0.010032818021267487,0.05078125,0.758370414046022,9,0,1,
INTERACTION_(DAPT_U-DAPT_R)-(T0_U-T0_R),DAPT_vs_T0,IID_BALANCED,0.25,0.005,average_precision,10,0.008892912807631636,0.015326915913405733,-0.002071302338525741,0.019857127953789015,0.119140625,0.5802154104501496,8,0,2,
AL_gain_T0_E2E_UNCERTAINTY_minus_RANDOM,T0_E2E,IID_BALANCED,0.25,0.005,roc_auc,10,-0.017051781190032932,0.02796625926379793,-0.03705763788905117,0.0029540755089853057,0.091796875,-0.609726922331236,2,0,8,
AL_gain_DAPT_E2E_UNCERTAINTY_minus_RANDOM,DAPT_E2E,IID_BALANCED,0.25,0.005,roc_auc,10,0.001542527721098763,0.01691776759497894,-0.010559714161875174,0.0136447696040727,0.7421875,0.09117797087817739,6,0,4,
INTERACTION_(DAPT_U-DAPT_R)-(T0_U-T0_R),DAPT_vs_T0,IID_BALANCED,0.25,0.005,roc_auc,10,0.018594308911131695,0.029311423039898993,-0.002373819984805795,0.03956243780706918,0.076171875,0.6343707327283613,8,0,2,
AL_gain_T0_E2E_UNCERTAINTY_minus_RANDOM,T0_E2E,TEMPORAL,0.25,0.005,recall,10,0.123275,0.1037358725321188,0.04906682718542267,0.19748317281457733,0.00390625,1.1883545873856844,9,0,1,
AL_gain_DAPT_E2E_UNCERTAINTY_minus_RANDOM,DAPT_E2E,TEMPORAL,0.25,0.005,recall,10,0.16955,0.11689149764727212,0.0859308599067041,0.25316914009329594,0.005859375,1.450490441243455,9,0,1,
INTERACTION_(DAPT_U-DAPT_R)-(T0_U-T0_R),DAPT_vs_T0,TEMPORAL,0.25,0.005,recall,10,0.046275000000000004,0.12174309528675542,-0.04081476396977702,0.13336476396977703,0.248046875,0.3801036920492551,8,0,2,0.921875
AL_gain_T0_E2E_UNCERTAINTY_minus_RANDOM,T0_E2E,TEMPORAL,0.25,0.005,empirical_fpr,10,0.0018500000000000003,0.0028411656449813384,-0.00018244746519421634,0.003882447465194217,0.07421875,0.6511411973701208,7,1,2,
AL_gain_DAPT_E2E_UNCERTAINTY_minus_RANDOM,DAPT_E2E,TEMPORAL,0.25,0.005,empirical_fpr,10,0.0013499999999999999,0.0016758082626999228,0.00015119898616528784,0.002548801013834712,0.0390625,0.8055814200515948,8,1,1,
INTERACTION_(DAPT_U-DAPT_R)-(T0_U-T0_R),DAPT_vs_T0,TEMPORAL,0.25,0.005,empirical_fpr,10,-0.0005,0.0035138614403846693,-0.0030136650480653087,0.0020136650480653087,0.724609375,-0.1422936016353747,6,0,4,
AL_gain_T0_E2E_UNCERTAINTY_minus_RANDOM,T0_E2E,TEMPORAL,0.25,0.005,precision,10,-0.001996563197014245,0.0051928269950135145,-0.005711287849499843,0.0017181614554713522,0.2421875,-0.38448482857824323,5,0,5,
AL_gain_DAPT_E2E_UNCERTAINTY_minus_RANDOM,DAPT_E2E,TEMPORAL,0.25,0.005,precision,10,-0.0010415910789584703,0.003146056355594906,-0.0032921442195617953,0.0012089620616448544,0.322265625,-0.3310783283033434,3,0,7,
INTERACTION_(DAPT_U-DAPT_R)-(T0_U-T0_R),DAPT_vs_T0,TEMPORAL,0.25,0.005,precision,10,0.0009549721180557747,0.005964833140551208,-0.003312012462105651,0.0052219566982172,0.705078125,0.16010039100063175,4,0,6,
AL_gain_T0_E2E_UNCERTAINTY_minus_RANDOM,T0_E2E,TEMPORAL,0.25,0.005,f1,10,0.09534487260083233,0.08178493037926983,0.03683945784824606,0.1538502873534186,0.00390625,1.1658000093498833,9,0,1,
AL_gain_DAPT_E2E_UNCERTAINTY_minus_RANDOM,DAPT_E2E,TEMPORAL,0.25,0.005,f1,10,0.12985910029318742,0.09445276695272434,0.06229166116384881,0.19742653942252603,0.0078125,1.3748575556096172,9,0,1,
INTERACTION_(DAPT_U-DAPT_R)-(T0_U-T0_R),DAPT_vs_T0,TEMPORAL,0.25,0.005,f1,10,0.03451422769235509,0.09531361927886439,-0.033669028093523935,0.10269748347823413,0.275390625,0.362112234888226,8,0,2,
AL_gain_T0_E2E_UNCERTAINTY_minus_RANDOM,T0_E2E,TEMPORAL,0.25,0.005,average_precision,10,0.0031492131715709637,0.010391478773555531,-0.004284402932523231,0.01058282927566516,0.37890625,0.30305726838273994,6,0,4,
AL_gain_DAPT_E2E_UNCERTAINTY_minus_RANDOM,DAPT_E2E,TEMPORAL,0.25,0.005,average_precision,10,0.005451680753121579,0.0045974973001134895,0.002162829309222647,0.008740532197020512,0.0078125,1.185793138581507,9,0,1,
INTERACTION_(DAPT_U-DAPT_R)-(T0_U-T0_R),DAPT_vs_T0,TEMPORAL,0.25,0.005,average_precision,10,0.0023024675815506157,0.010021761469750682,-0.0048666686960033905,0.009471603859104623,0.4921875,0.22974679536130446,6,0,4,
AL_gain_T0_E2E_UNCERTAINTY_minus_RANDOM,T0_E2E,TEMPORAL,0.25,0.005,roc_auc,10,-0.0005556437500000788,0.012829916680445395,-0.009733613250611691,0.008622325750611533,0.890625,-0.04330844570853359,6,0,4,
AL_gain_DAPT_E2E_UNCERTAINTY_minus_RANDOM,DAPT_E2E,TEMPORAL,0.25,0.005,roc_auc,10,0.0032237499999999697,0.004106784180648372,0.00028593357496949036,0.006161566425030449,0.02734375,0.784981595865359,8,0,2,
INTERACTION_(DAPT_U-DAPT_R)-(T0_U-T0_R),DAPT_vs_T0,TEMPORAL,0.25,0.005,roc_auc,10,0.0037793937500000484,0.01232258380271415,-0.00503565167289158,0.012594439172891677,0.3515625,0.30670464981277756,7,0,3,
AL_gain_T0_E2E_UNCERTAINTY_minus_RANDOM,T0_E2E,DOMAIN_OOD,0.25,0.005,recall,10,0.16594090202177295,0.12387066213753573,0.07732916841233838,0.2545526356312075,0.00390625,1.3396303786406334,9,0,1,
AL_gain_DAPT_E2E_UNCERTAINTY_minus_RANDOM,DAPT_E2E,DOMAIN_OOD,0.25,0.005,recall,10,0.22519440124416795,0.14218899914316438,0.12347851875153515,0.32691028373680076,0.00390625,1.5837681016196532,9,0,1,
INTERACTION_(DAPT_U-DAPT_R)-(T0_U-T0_R),DAPT_vs_T0,DOMAIN_OOD,0.25,0.005,recall,10,0.05925349922239501,0.1478902998393411,-0.04654084809636393,0.16504784654115395,0.23046875,0.40065845621223545,7,1,2,0.921875
AL_gain_T0_E2E_UNCERTAINTY_minus_RANDOM,T0_E2E,DOMAIN_OOD,0.25,0.005,empirical_fpr,10,0.0007776049766718507,0.0024711162339856735,-0.0009901250868096995,0.0025453350401534007,0.4140625,0.3146776205737795,4,2,4,
AL_gain_DAPT_E2E_UNCERTAINTY_minus_RANDOM,DAPT_E2E,DOMAIN_OOD,0.25,0.005,empirical_fpr,10,0.0013478486262312,0.00197326454793434,-6.373979547559007e-05,0.00275943704793799,0.07421875,0.6830552080014612,7,0,3,
INTERACTION_(DAPT_U-DAPT_R)-(T0_U-T0_R),DAPT_vs_T0,DOMAIN_OOD,0.25,0.005,empirical_fpr,10,0.0005702436495593494,0.0030468907241598263,-0.0016093706717601967,0.002749857970878895,0.625,0.18715592424687066,7,1,2,
AL_gain_T0_E2E_UNCERTAINTY_minus_RANDOM,T0_E2E,DOMAIN_OOD,0.25,0.005,precision,10,0.001242127647516278,0.004973892857592902,-0.0023159809578088835,0.00480023625284144,0.44140625,0.24972947409192914,7,0,3,
AL_gain_DAPT_E2E_UNCERTAINTY_minus_RANDOM,DAPT_E2E,DOMAIN_OOD,0.25,0.005,precision,10,3.9370340708011484e-05,0.00324539037717563,-0.002282242078232679,0.002360982759648702,0.970703125,0.012131157159057814,5,0,5,
INTERACTION_(DAPT_U-DAPT_R)-(T0_U-T0_R),DAPT_vs_T0,DOMAIN_OOD,0.25,0.005,precision,10,-0.0012027573068082663,0.005807311975508377,-0.005357058033716973,0.002951543420100441,0.52734375,-0.20711084782094488,4,0,6,
AL_gain_T0_E2E_UNCERTAINTY_minus_RANDOM,T0_E2E,DOMAIN_OOD,0.25,0.005,f1,10,0.14733803407023296,0.11006383746702143,0.06860310783862097,0.22607296030184496,0.00390625,1.3386597947248573,9,0,1,
AL_gain_DAPT_E2E_UNCERTAINTY_minus_RANDOM,DAPT_E2E,DOMAIN_OOD,0.25,0.005,f1,10,0.19733450305435535,0.13257293284602797,0.1024975399958208,0.2921714661128899,0.00390625,1.48849768062039,9,0,1,
INTERACTION_(DAPT_U-DAPT_R)-(T0_U-T0_R),DAPT_vs_T0,DOMAIN_OOD,0.25,0.005,f1,10,0.0499964689841224,0.1319421201934874,-0.04438923788703242,0.1443821758552772,0.2578125,0.3789272819839847,8,0,2,
AL_gain_T0_E2E_UNCERTAINTY_minus_RANDOM,T0_E2E,DOMAIN_OOD,0.25,0.005,average_precision,10,0.011678903765137383,0.011203557999720335,0.003664361178396528,0.019693446351878238,0.01171875,1.0424281076983681,9,0,1,
AL_gain_DAPT_E2E_UNCERTAINTY_minus_RANDOM,DAPT_E2E,DOMAIN_OOD,0.25,0.005,average_precision,10,0.011157263499812409,0.0070404098552971734,0.006120857688837206,0.016193669310787612,0.001953125,1.5847463044239865,10,0,0,
INTERACTION_(DAPT_U-DAPT_R)-(T0_U-T0_R),DAPT_vs_T0,DOMAIN_OOD,0.25,0.005,average_precision,10,-0.0005216402653249741,0.00823109538095258,-0.006409811189938128,0.00536653065928818,0.84375,-0.06337434341146038,5,0,5,
AL_gain_T0_E2E_UNCERTAINTY_minus_RANDOM,T0_E2E,DOMAIN_OOD,0.25,0.005,roc_auc,10,0.008696437367930155,0.012019533447990907,9.818110915201482e-05,0.017294693626708296,0.041015625,0.7235253685644333,7,0,3,
AL_gain_DAPT_E2E_UNCERTAINTY_minus_RANDOM,DAPT_E2E,DOMAIN_OOD,0.25,0.005,roc_auc,10,0.008077430482491366,0.006075225989660316,0.003731475615348012,0.01242338534963472,0.00390625,1.3295687265360479,9,0,1,
INTERACTION_(DAPT_U-DAPT_R)-(T0_U-T0_R),DAPT_vs_T0,DOMAIN_OOD,0.25,0.005,roc_auc,10,-0.0006190068854387887,0.01051721723413218,-0.00814257086565483,0.006904557094777254,0.86328125,-0.05885652750709447,5,0,5,
AL_gain_T0_E2E_UNCERTAINTY_minus_RANDOM,T0_E2E,TEMPLATE_OOD,0.25,0.005,recall,10,0.12125292740046836,0.0991467509732428,0.050327614385452954,0.19217824041548376,0.00390625,1.2229642041743907,9,0,1,
AL_gain_DAPT_E2E_UNCERTAINTY_minus_RANDOM,DAPT_E2E,TEMPLATE_OOD,0.25,0.005,recall,10,0.16463700234192039,0.1181240811813245,0.08013612510533259,0.2491378795785082,0.0078125,1.3937632419692387,9,0,1,
INTERACTION_(DAPT_U-DAPT_R)-(T0_U-T0_R),DAPT_vs_T0,TEMPLATE_OOD,0.25,0.005,recall,10,0.043384074941452015,0.12037133114656923,-0.042724388077255655,0.1294925379601597,0.28125,0.3604186688658093,7,0,3,0.921875
AL_gain_T0_E2E_UNCERTAINTY_minus_RANDOM,T0_E2E,TEMPLATE_OOD,0.25,0.005,empirical_fpr,10,0.0014929742388758783,0.0019924013660535676,6.769616216885615e-05,0.0029182523155829006,0.048828125,0.7493340771157342,9,0,1,
AL_gain_DAPT_E2E_UNCERTAINTY_minus_RANDOM,DAPT_E2E,TEMPLATE_OOD,0.25,0.005,empirical_fpr,10,0.0010831381733020901,0.0017567113157178162,-0.0001735373982245127,0.002339813744828693,0.09375,0.6165715240807822,9,0,1,
INTERACTION_(DAPT_U-DAPT_R)-(T0_U-T0_R),DAPT_vs_T0,TEMPLATE_OOD,0.25,0.005,empirical_fpr,10,-0.0004098360655737881,0.0031745765132847686,-0.0026807912979404324,0.0018611191667928563,0.75,-0.1290994448735861,5,1,4,
AL_gain_T0_E2E_UNCERTAINTY_minus_RANDOM,T0_E2E,TEMPLATE_OOD,0.25,0.005,precision,10,-0.0014350117474497992,0.003653130473463644,-0.004048303860118471,0.0011782803652188726,0.244140625,-0.39281699842743945,2,0,8,
AL_gain_DAPT_E2E_UNCERTAINTY_minus_RANDOM,DAPT_E2E,TEMPLATE_OOD,0.25,0.005,precision,10,-0.0006423553408325233,0.002731770197429502,-0.0025965460171368483,0.001311835335471802,0.4921875,-0.2351425245933778,3,0,7,
INTERACTION_(DAPT_U-DAPT_R)-(T0_U-T0_R),DAPT_vs_T0,TEMPLATE_OOD,0.25,0.005,precision,10,0.0007926564066172759,0.0056472653328611296,-0.0032471538491934747,0.004832466662428026,0.720703125,0.1403611057558871,4,0,6,
AL_gain_T0_E2E_UNCERTAINTY_minus_RANDOM,T0_E2E,TEMPLATE_OOD,0.25,0.005,f1,10,0.0950590590225734,0.07863227259205459,0.038808919790289484,0.15130919825485734,0.00390625,1.2089064183066567,9,0,1,
AL_gain_DAPT_E2E_UNCERTAINTY_minus_RANDOM,DAPT_E2E,TEMPLATE_OOD,0.25,0.005,f1,10,0.12728595023391026,0.09605203287169001,0.058574465184927774,0.19599743528289276,0.0078125,1.3251770569389585,9,0,1,
INTERACTION_(DAPT_U-DAPT_R)-(T0_U-T0_R),DAPT_vs_T0,TEMPLATE_OOD,0.25,0.005,f1,10,0.03222689121133684,0.09484035859161709,-0.035617814273587046,0.10007159669626073,0.30078125,0.3398014483486502,8,0,2,
AL_gain_T0_E2E_UNCERTAINTY_minus_RANDOM,T0_E2E,TEMPLATE_OOD,0.25,0.005,average_precision,10,0.003982366007580285,0.009338164301138966,-0.0026977543144932553,0.010662486329653824,0.21875,0.42646133427900385,7,0,3,
AL_gain_DAPT_E2E_UNCERTAINTY_minus_RANDOM,DAPT_E2E,TEMPLATE_OOD,0.25,0.005,average_precision,10,0.00596502139763293,0.004679356849097689,0.00261761116004706,0.0093124316352188,0.001953125,1.274752405083864,10,0,0,
INTERACTION_(DAPT_U-DAPT_R)-(T0_U-T0_R),DAPT_vs_T0,TEMPLATE_OOD,0.25,0.005,average_precision,10,0.0019826553900526454,0.009030384759952464,-0.004477292711711208,0.008442603491816499,0.51953125,0.21955381113385494,6,0,4,
AL_gain_T0_E2E_UNCERTAINTY_minus_RANDOM,T0_E2E,TEMPLATE_OOD,0.25,0.005,roc_auc,10,0.0005392467051319571,0.011914767964993715,-0.007984064841874937,0.00906255825213885,0.890625,0.04525868289808878,6,0,4,
AL_gain_DAPT_E2E_UNCERTAINTY_minus_RANDOM,DAPT_E2E,TEMPLATE_OOD,0.25,0.005,roc_auc,10,0.0037834080151814,0.004573354721832175,0.0005118271313843698,0.00705498889897843,0.0234375,0.8272719360954562,8,0,2,
INTERACTION_(DAPT_U-DAPT_R)-(T0_U-T0_R),DAPT_vs_T0,TEMPLATE_OOD,0.25,0.005,roc_auc,10,0.0032441613100494425,0.011431624674484013,-0.004933530347509406,0.011421852967608292,0.384765625,0.2837882980264897,7,0,3,
AL_gain_T0_E2E_UNCERTAINTY_minus_RANDOM,T0_E2E,DOMAIN_TEMPLATE_OOD,0.25,0.005,recall,10,0.16472491909385117,0.11627244744192367,0.0815486208401048,0.24790121734759757,0.001953125,1.4167149889584012,10,0,0,
AL_gain_DAPT_E2E_UNCERTAINTY_minus_RANDOM,DAPT_E2E,DOMAIN_TEMPLATE_OOD,0.25,0.005,recall,10,0.21882416396979504,0.13804237747641382,0.12007459592299313,0.31757373201659694,0.00390625,1.5851955607413655,9,0,1,
INTERACTION_(DAPT_U-DAPT_R)-(T0_U-T0_R),DAPT_vs_T0,DOMAIN_TEMPLATE_OOD,0.25,0.005,recall,10,0.054099244875943905,0.14079771905179242,-0.04662137579516187,0.15481986554704968,0.244140625,0.3842338160041038,7,0,3,0.921875
AL_gain_T0_E2E_UNCERTAINTY_minus_RANDOM,T0_E2E,DOMAIN_TEMPLATE_OOD,0.25,0.005,empirical_fpr,10,0.0005933117583603021,0.002149241064691637,-0.000944162679900593,0.002130786196621197,0.46484375,0.2760564034009036,4,1,5,
AL_gain_DAPT_E2E_UNCERTAINTY_minus_RANDOM,DAPT_E2E,DOMAIN_TEMPLATE_OOD,0.25,0.005,empirical_fpr,10,0.00080906148867314,0.0019238524414808397,-0.0005671796414427074,0.002185302618788987,0.2421875,0.42054238216439516,7,0,3,
INTERACTION_(DAPT_U-DAPT_R)-(T0_U-T0_R),DAPT_vs_T0,DOMAIN_TEMPLATE_OOD,0.25,0.005,empirical_fpr,10,0.00021574973031283793,0.0026812444275163398,-0.001702296987553729,0.002133796448179405,0.8515625,0.08046626711787287,6,1,3,
AL_gain_T0_E2E_UNCERTAINTY_minus_RANDOM,T0_E2E,DOMAIN_TEMPLATE_OOD,0.25,0.005,precision,10,0.0013866049958801475,0.004763881585012951,-0.002021270595269546,0.004794480587029841,0.375,0.29106621798542837,7,0,3,
AL_gain_DAPT_E2E_UNCERTAINTY_minus_RANDOM,DAPT_E2E,DOMAIN_TEMPLATE_OOD,0.25,0.005,precision,10,0.0010442001988625993,0.003351519353911063,-0.0013533323165112593,0.0034417327142364576,0.373046875,0.31156024733799237,5,0,5,
INTERACTION_(DAPT_U-DAPT_R)-(T0_U-T0_R),DAPT_vs_T0,DOMAIN_TEMPLATE_OOD,0.25,0.005,precision,10,-0.00034240479701754813,0.0057528813847441485,-0.00445776822492604,0.003772958630890943,0.857421875,-0.05951883484431969,5,0,5,
AL_gain_T0_E2E_UNCERTAINTY_minus_RANDOM,T0_E2E,DOMAIN_TEMPLATE_OOD,0.25,0.005,f1,10,0.14948581969564614,0.10499855590473856,0.07437437761038862,0.22459726178090367,0.001953125,1.4236940537665042,10,0,0,
AL_gain_DAPT_E2E_UNCERTAINTY_minus_RANDOM,DAPT_E2E,DOMAIN_TEMPLATE_OOD,0.25,0.005,f1,10,0.19729199537252903,0.130052180504074,0.10425826991009755,0.2903257208349605,0.00390625,1.5170218185334363,9,0,1,
INTERACTION_(DAPT_U-DAPT_R)-(T0_U-T0_R),DAPT_vs_T0,DOMAIN_TEMPLATE_OOD,0.25,0.005,f1,10,0.04780617567688293,0.12746540240620335,-0.0433770802089774,0.13898943156274327,0.267578125,0.3750521692508802,8,0,2,
AL_gain_T0_E2E_UNCERTAINTY_minus_RANDOM,T0_E2E,DOMAIN_TEMPLATE_OOD,0.25,0.005,average_precision,10,0.013305244020429962,0.012405781152047237,0.004430682799132987,0.022179805241726937,0.009765625,1.0725035253611817,9,0,1,
AL_gain_DAPT_E2E_UNCERTAINTY_minus_RANDOM,DAPT_E2E,DOMAIN_TEMPLATE_OOD,0.25,0.005,average_precision,10,0.01278380202970152,0.008052325306779856,0.007023515512231871,0.01854408854717117,0.001953125,1.587591353138438,10,0,0,
INTERACTION_(DAPT_U-DAPT_R)-(T0_U-T0_R),DAPT_vs_T0,DOMAIN_TEMPLATE_OOD,0.25,0.005,average_precision,10,-0.000521441990728444,0.009051775507725216,-0.00699669211163579,0.005953808130178902,0.87109375,-0.057606597764540295,5,0,5,
AL_gain_T0_E2E_UNCERTAINTY_minus_RANDOM,T0_E2E,DOMAIN_TEMPLATE_OOD,0.25,0.005,roc_auc,10,0.010053541775036067,0.01363638717996681,0.000298658033115946,0.01980842551695619,0.03515625,0.7372584572698043,7,0,3,
AL_gain_DAPT_E2E_UNCERTAINTY_minus_RANDOM,DAPT_E2E,DOMAIN_TEMPLATE_OOD,0.25,0.005,roc_auc,10,0.009956867509417188,0.007547650279069979,0.004557603758299658,0.015356131260534719,0.00390625,1.319200962056773,9,0,1,
INTERACTION_(DAPT_U-DAPT_R)-(T0_U-T0_R),DAPT_vs_T0,DOMAIN_TEMPLATE_OOD,0.25,0.005,roc_auc,10,-9.667426561887904e-05,0.01205320366996461,-0.008719016750212067,0.00852566821897431,0.984375,-0.00802062823013451,5,0,5,
AL_gain_T0_E2E_UNCERTAINTY_minus_RANDOM,T0_E2E,IID_ORIGINAL,0.25,0.01,recall,10,0.09971644612476374,0.0525654506387937,0.06211338799391347,0.137319504255614,0.001953125,1.8969959338876523,10,0,0,
AL_gain_DAPT_E2E_UNCERTAINTY_minus_RANDOM,DAPT_E2E,IID_ORIGINAL,0.25,0.01,recall,10,0.12599243856332704,0.039031962482791706,0.0980706546469842,0.15391422247966988,0.001953125,3.227929895117987,10,0,0,
INTERACTION_(DAPT_U-DAPT_R)-(T0_U-T0_R),DAPT_vs_T0,IID_ORIGINAL,0.25,0.01,recall,10,0.026275992438563302,0.03590245016875998,0.0005929267684386084,0.05195905810868799,0.044921875,0.7318718448198556,8,0,2,
AL_gain_T0_E2E_UNCERTAINTY_minus_RANDOM,T0_E2E,IID_ORIGINAL,0.25,0.01,empirical_fpr,10,0.000852985449071751,0.004348874896438974,-0.002258012241375196,0.003963983139518698,0.55859375,0.19613933934273628,7,0,3,
AL_gain_DAPT_E2E_UNCERTAINTY_minus_RANDOM,DAPT_E2E,IID_ORIGINAL,0.25,0.01,empirical_fpr,10,-0.0005519317611640701,0.0030239799468611507,-0.0027151566997214477,0.0016112931773933077,0.611328125,-0.1825183271261331,4,0,6,
INTERACTION_(DAPT_U-DAPT_R)-(T0_U-T0_R),DAPT_vs_T0,IID_ORIGINAL,0.25,0.01,empirical_fpr,10,-0.001404917210235821,0.004486596610565004,-0.004614435079987375,0.001804600659515733,0.361328125,-0.3131365112984601,2,0,8,
AL_gain_T0_E2E_UNCERTAINTY_minus_RANDOM,T0_E2E,IID_ORIGINAL,0.25,0.01,precision,10,0.0019829657176421156,0.011157056650383414,-0.005998311807712797,0.009964243242997028,0.59765625,0.17773197535695678,5,0,5,
AL_gain_DAPT_E2E_UNCERTAINTY_minus_RANDOM,DAPT_E2E,IID_ORIGINAL,0.25,0.01,precision,10,0.00704890960521457,0.007822718690301482,0.001452873766503342,0.012644945443925798,0.025390625,0.9010818213307004,8,0,2,
INTERACTION_(DAPT_U-DAPT_R)-(T0_U-T0_R),DAPT_vs_T0,IID_ORIGINAL,0.25,0.01,precision,10,0.005065943887572455,0.011975640392883019,-0.003500913171109331,0.01363280094625424,0.20703125,0.42302070882013837,8,0,2,
AL_gain_T0_E2E_UNCERTAINTY_minus_RANDOM,T0_E2E,IID_ORIGINAL,0.25,0.01,f1,10,0.07176437317609825,0.03811381133792505,0.044499395021976876,0.09902935133021963,0.001953125,1.8828967940209458,10,0,0,
AL_gain_DAPT_E2E_UNCERTAINTY_minus_RANDOM,DAPT_E2E,IID_ORIGINAL,0.25,0.01,f1,10,0.0920620351783971,0.027338159957320005,0.07250549365591433,0.11161857670087988,0.001953125,3.3675285872247147,10,0,0,
INTERACTION_(DAPT_U-DAPT_R)-(T0_U-T0_R),DAPT_vs_T0,IID_ORIGINAL,0.25,0.01,f1,10,0.020297662002298857,0.024889512062375916,0.0024927776617981526,0.03810254634279956,0.017578125,0.8155106436570807,8,0,2,
AL_gain_T0_E2E_UNCERTAINTY_minus_RANDOM,T0_E2E,IID_ORIGINAL,0.25,0.01,average_precision,10,0.000823680281659267,0.01934499915568031,-0.013014898460695248,0.014662259024013783,0.900390625,0.04257846046053758,4,0,6,
AL_gain_DAPT_E2E_UNCERTAINTY_minus_RANDOM,DAPT_E2E,IID_ORIGINAL,0.25,0.01,average_precision,10,0.011466911065114927,0.008169132742725387,0.005623065541670852,0.017310756588559004,0.005859375,1.4036876895318187,9,0,1,
INTERACTION_(DAPT_U-DAPT_R)-(T0_U-T0_R),DAPT_vs_T0,IID_ORIGINAL,0.25,0.01,average_precision,10,0.01064323078345566,0.021741455543806944,-0.004909669586045119,0.026196131152956437,0.15625,0.4895362576811186,7,0,3,
AL_gain_T0_E2E_UNCERTAINTY_minus_RANDOM,T0_E2E,IID_ORIGINAL,0.25,0.01,roc_auc,10,-0.016372118103342815,0.02799589975168575,-0.03639917833006846,0.0036549421233828365,0.09765625,-0.5848041409119913,2,0,8,
AL_gain_DAPT_E2E_UNCERTAINTY_minus_RANDOM,DAPT_E2E,IID_ORIGINAL,0.25,0.01,roc_auc,10,0.0020269667845019155,0.01732445391160832,-0.010366200963643806,0.014420134532647639,0.67578125,0.11700032767807696,6,0,4,
INTERACTION_(DAPT_U-DAPT_R)-(T0_U-T0_R),DAPT_vs_T0,IID_ORIGINAL,0.25,0.01,roc_auc,10,0.01839908488784473,0.03048463023174463,-0.0034083058749347223,0.040206475650624185,0.091796875,0.6035528313112084,8,0,2,
AL_gain_T0_E2E_UNCERTAINTY_minus_RANDOM,T0_E2E,IID_BALANCED,0.25,0.01,recall,10,0.09971644612476374,0.0525654506387937,0.06211338799391347,0.137319504255614,0.001953125,1.8969959338876523,10,0,0,
AL_gain_DAPT_E2E_UNCERTAINTY_minus_RANDOM,DAPT_E2E,IID_BALANCED,0.25,0.01,recall,10,0.12599243856332704,0.039031962482791706,0.0980706546469842,0.15391422247966988,0.001953125,3.227929895117987,10,0,0,
INTERACTION_(DAPT_U-DAPT_R)-(T0_U-T0_R),DAPT_vs_T0,IID_BALANCED,0.25,0.01,recall,10,0.026275992438563302,0.03590245016875998,0.0005929267684386084,0.05195905810868799,0.044921875,0.7318718448198556,8,0,2,
AL_gain_T0_E2E_UNCERTAINTY_minus_RANDOM,T0_E2E,IID_BALANCED,0.25,0.01,empirical_fpr,10,0.001323251417769376,0.004039652280989189,-0.0015665417392277904,0.0042130445747665425,0.361328125,0.3275656729161233,7,0,3,
AL_gain_DAPT_E2E_UNCERTAINTY_minus_RANDOM,DAPT_E2E,IID_BALANCED,0.25,0.01,empirical_fpr,10,-0.0007561436672967698,0.003387442988208119,-0.003179374402553227,0.0016670870679596872,0.55078125,-0.2232195995412908,3,1,6,
INTERACTION_(DAPT_U-DAPT_R)-(T0_U-T0_R),DAPT_vs_T0,IID_BALANCED,0.25,0.01,empirical_fpr,10,-0.0020793950850661463,0.003641634096231873,-0.004684463184888224,0.0005256730147559312,0.119140625,-0.5710060456699286,3,0,7,
AL_gain_T0_E2E_UNCERTAINTY_minus_RANDOM,T0_E2E,IID_BALANCED,0.25,0.01,precision,10,-0.0001467662645879164,0.005662749665571021,-0.004197653344737309,0.0039041208155614765,0.931640625,-0.02591784437871964,3,0,7,
AL_gain_DAPT_E2E_UNCERTAINTY_minus_RANDOM,DAPT_E2E,IID_BALANCED,0.25,0.01,precision,10,0.004635764237855467,0.004748400795633409,0.0012389629362985792,0.008032565539412354,0.015625,0.9762790542277894,8,0,2,
INTERACTION_(DAPT_U-DAPT_R)-(T0_U-T0_R),DAPT_vs_T0,IID_BALANCED,0.25,0.01,precision,10,0.004782530502443383,0.005389088659498338,0.0009274087128878011,0.008637652291998966,0.0234375,0.8874469886506898,7,0,3,
AL_gain_T0_E2E_UNCERTAINTY_minus_RANDOM,T0_E2E,IID_BALANCED,0.25,0.01,f1,10,0.07206822819809322,0.03839701163251217,0.04460066075746101,0.09953579563872543,0.001953125,1.8769228420127984,10,0,0,
AL_gain_DAPT_E2E_UNCERTAINTY_minus_RANDOM,DAPT_E2E,IID_BALANCED,0.25,0.01,f1,10,0.09208983707561066,0.027861114988366808,0.07215919606014722,0.11202047809107411,0.001953125,3.30531772020115,10,0,0,
INTERACTION_(DAPT_U-DAPT_R)-(T0_U-T0_R),DAPT_vs_T0,IID_BALANCED,0.25,0.01,f1,10,0.02002160887751745,0.025612565064682694,0.0016994835784209933,0.03834373417661391,0.02734375,0.7817104154525061,8,0,2,
AL_gain_T0_E2E_UNCERTAINTY_minus_RANDOM,T0_E2E,IID_BALANCED,0.25,0.01,average_precision,10,-0.003730090450060353,0.014599749941188457,-0.014174122396192375,0.00671394149607167,0.44921875,-0.2554900231227326,4,0,6,
AL_gain_DAPT_E2E_UNCERTAINTY_minus_RANDOM,DAPT_E2E,IID_BALANCED,0.25,0.01,average_precision,10,0.005162822357571284,0.006807784509982184,0.0002928266938750819,0.010032818021267487,0.05078125,0.758370414046022,9,0,1,
INTERACTION_(DAPT_U-DAPT_R)-(T0_U-T0_R),DAPT_vs_T0,IID_BALANCED,0.25,0.01,average_precision,10,0.008892912807631636,0.015326915913405733,-0.002071302338525741,0.019857127953789015,0.119140625,0.5802154104501496,8,0,2,
AL_gain_T0_E2E_UNCERTAINTY_minus_RANDOM,T0_E2E,IID_BALANCED,0.25,0.01,roc_auc,10,-0.017051781190032932,0.02796625926379793,-0.03705763788905117,0.0029540755089853057,0.091796875,-0.609726922331236,2,0,8,
AL_gain_DAPT_E2E_UNCERTAINTY_minus_RANDOM,DAPT_E2E,IID_BALANCED,0.25,0.01,roc_auc,10,0.001542527721098763,0.01691776759497894,-0.010559714161875174,0.0136447696040727,0.7421875,0.09117797087817739,6,0,4,
INTERACTION_(DAPT_U-DAPT_R)-(T0_U-T0_R),DAPT_vs_T0,IID_BALANCED,0.25,0.01,roc_auc,10,0.018594308911131695,0.029311423039898993,-0.002373819984805795,0.03956243780706918,0.076171875,0.6343707327283613,8,0,2,
AL_gain_T0_E2E_UNCERTAINTY_minus_RANDOM,T0_E2E,TEMPORAL,0.25,0.01,recall,10,0.12845,0.09977194829543357,0.057077447762950026,0.19982255223704998,0.009765625,1.2874360197883297,8,0,2,
AL_gain_DAPT_E2E_UNCERTAINTY_minus_RANDOM,DAPT_E2E,TEMPORAL,0.25,0.01,recall,10,0.16142499999999999,0.08174528953469498,0.10294794259933955,0.21990205740066043,0.00390625,1.974731521765382,9,0,1,
INTERACTION_(DAPT_U-DAPT_R)-(T0_U-T0_R),DAPT_vs_T0,TEMPORAL,0.25,0.01,recall,10,0.03297500000000001,0.10579779258881855,-0.04270818156673336,0.10865818156673338,0.396484375,0.31167947074431723,5,0,5,
AL_gain_T0_E2E_UNCERTAINTY_minus_RANDOM,T0_E2E,TEMPORAL,0.25,0.01,empirical_fpr,10,0.003025,0.0024422496459889868,0.0012779198495941997,0.0047720801504058,0.0078125,1.23861211525533,8,0,2,
AL_gain_DAPT_E2E_UNCERTAINTY_minus_RANDOM,DAPT_E2E,TEMPORAL,0.25,0.01,empirical_fpr,10,0.001375,0.0033171482062491903,-0.000997944877527193,0.003747944877527193,0.251953125,0.4145126821314861,6,0,4,
INTERACTION_(DAPT_U-DAPT_R)-(T0_U-T0_R),DAPT_vs_T0,TEMPORAL,0.25,0.01,empirical_fpr,10,-0.00165,0.0032386554137309644,-0.00396679451632897,0.0006667945163289701,0.142578125,-0.5094706874354327,3,0,7,
AL_gain_T0_E2E_UNCERTAINTY_minus_RANDOM,T0_E2E,TEMPORAL,0.25,0.01,precision,10,-0.0023235344488259147,0.003512018915045179,-0.00483588143366516,0.00018881253601333095,0.078125,-0.6615950839194226,3,0,7,
AL_gain_DAPT_E2E_UNCERTAINTY_minus_RANDOM,DAPT_E2E,TEMPORAL,0.25,0.01,precision,10,0.00022956398031861446,0.004620930784002365,-0.003076050768111592,0.0035351787287488208,0.884765625,0.04967916444742336,6,0,4,
INTERACTION_(DAPT_U-DAPT_R)-(T0_U-T0_R),DAPT_vs_T0,TEMPORAL,0.25,0.01,precision,10,0.002553098429144529,0.004756464038059,-0.0008494709685661628,0.005955667826855221,0.12890625,0.5367639508500075,6,0,4,
AL_gain_T0_E2E_UNCERTAINTY_minus_RANDOM,T0_E2E,TEMPORAL,0.25,0.01,f1,10,0.08712666484435433,0.06941259466030539,0.0374718858915355,0.13678144379717316,0.01171875,1.2551996546266406,8,0,2,
AL_gain_DAPT_E2E_UNCERTAINTY_minus_RANDOM,DAPT_E2E,TEMPORAL,0.25,0.01,f1,10,0.10746409510152263,0.05776239011073052,0.06614337042941895,0.14878481977362631,0.00390625,1.8604509767603787,9,0,1,
INTERACTION_(DAPT_U-DAPT_R)-(T0_U-T0_R),DAPT_vs_T0,TEMPORAL,0.25,0.01,f1,10,0.02033743025716831,0.07167784789703703,-0.03093781324235894,0.07161267375669556,0.419921875,0.28373382926315516,5,0,5,
AL_gain_T0_E2E_UNCERTAINTY_minus_RANDOM,T0_E2E,TEMPORAL,0.25,0.01,average_precision,10,0.0031492131715709637,0.010391478773555531,-0.004284402932523231,0.01058282927566516,0.37890625,0.30305726838273994,6,0,4,
AL_gain_DAPT_E2E_UNCERTAINTY_minus_RANDOM,DAPT_E2E,TEMPORAL,0.25,0.01,average_precision,10,0.005451680753121579,0.0045974973001134895,0.002162829309222647,0.008740532197020512,0.0078125,1.185793138581507,9,0,1,
INTERACTION_(DAPT_U-DAPT_R)-(T0_U-T0_R),DAPT_vs_T0,TEMPORAL,0.25,0.01,average_precision,10,0.0023024675815506157,0.010021761469750682,-0.0048666686960033905,0.009471603859104623,0.4921875,0.22974679536130446,6,0,4,
AL_gain_T0_E2E_UNCERTAINTY_minus_RANDOM,T0_E2E,TEMPORAL,0.25,0.01,roc_auc,10,-0.0005556437500000788,0.012829916680445395,-0.009733613250611691,0.008622325750611533,0.890625,-0.04330844570853359,6,0,4,
AL_gain_DAPT_E2E_UNCERTAINTY_minus_RANDOM,DAPT_E2E,TEMPORAL,0.25,0.01,roc_auc,10,0.0032237499999999697,0.004106784180648372,0.00028593357496949036,0.006161566425030449,0.02734375,0.784981595865359,8,0,2,
INTERACTION_(DAPT_U-DAPT_R)-(T0_U-T0_R),DAPT_vs_T0,TEMPORAL,0.25,0.01,roc_auc,10,0.0037793937500000484,0.01232258380271415,-0.00503565167289158,0.012594439172891677,0.3515625,0.30670464981277756,7,0,3,
AL_gain_T0_E2E_UNCERTAINTY_minus_RANDOM,T0_E2E,DOMAIN_OOD,0.25,0.01,recall,10,0.1734577501296008,0.13230499494489467,0.07881245829901798,0.26810304196018364,0.0078125,1.3110446072111361,8,0,2,
AL_gain_DAPT_E2E_UNCERTAINTY_minus_RANDOM,DAPT_E2E,DOMAIN_OOD,0.25,0.01,recall,10,0.21461897356143078,0.10547097791322639,0.1391695811298606,0.29006836599300095,0.00390625,2.034862839121518,9,0,1,
INTERACTION_(DAPT_U-DAPT_R)-(T0_U-T0_R),DAPT_vs_T0,DOMAIN_OOD,0.25,0.01,recall,10,0.04116122343182997,0.13684608252651162,-0.05673256676096043,0.13905501362462036,0.41796875,0.3007848136526355,4,0,6,
AL_gain_T0_E2E_UNCERTAINTY_minus_RANDOM,T0_E2E,DOMAIN_OOD,0.25,0.01,empirical_fpr,10,0.0010368066355624678,0.005218478959924486,-0.002696268327174363,0.004769881598299298,0.548828125,0.19867985355975662,6,0,4,
AL_gain_DAPT_E2E_UNCERTAINTY_minus_RANDOM,DAPT_E2E,DOMAIN_OOD,0.25,0.01,empirical_fpr,10,0.0026438569206843,0.0038051572568614236,-7.818860138316709e-05,0.005365902442751767,0.0625,0.6948088455258773,6,1,3,
INTERACTION_(DAPT_U-DAPT_R)-(T0_U-T0_R),DAPT_vs_T0,DOMAIN_OOD,0.25,0.01,empirical_fpr,10,0.0016070502851218322,0.0018522795501450398,0.0002820093171046021,0.002932091253139062,0.037109375,0.8676067740401251,8,0,2,
AL_gain_T0_E2E_UNCERTAINTY_minus_RANDOM,T0_E2E,DOMAIN_OOD,0.25,0.01,precision,10,0.0018467605595253178,0.007472129685684895,-0.003498479013569856,0.0071920001326204915,0.427734375,0.24715317281809782,6,0,4,
AL_gain_DAPT_E2E_UNCERTAINTY_minus_RANDOM,DAPT_E2E,DOMAIN_OOD,0.25,0.01,precision,10,-0.000268077984831161,0.0057087254239572595,-0.004351854141250201,0.003815698171587879,0.884765625,-0.04695934117029764,5,0,5,
INTERACTION_(DAPT_U-DAPT_R)-(T0_U-T0_R),DAPT_vs_T0,DOMAIN_OOD,0.25,0.01,precision,10,-0.0021148385443564787,0.0029164606288640555,-0.004201148796257478,-2.8528292455479425e-05,0.05078125,-0.7251387258329615,3,0,7,
AL_gain_T0_E2E_UNCERTAINTY_minus_RANDOM,T0_E2E,DOMAIN_OOD,0.25,0.01,f1,10,0.13089849040330592,0.10097765919982031,0.05866342454417742,0.20313355626243443,0.0078125,1.2963113964077597,8,0,2,
AL_gain_DAPT_E2E_UNCERTAINTY_minus_RANDOM,DAPT_E2E,DOMAIN_OOD,0.25,0.01,f1,10,0.15528112167613567,0.08227130641854986,0.09642777446494319,0.21413446888732815,0.00390625,1.8874274450700121,9,0,1,
INTERACTION_(DAPT_U-DAPT_R)-(T0_U-T0_R),DAPT_vs_T0,DOMAIN_OOD,0.25,0.01,f1,10,0.024382631272829736,0.10076398571789268,-0.047699581785375256,0.09646484433103472,0.486328125,0.24197763813247125,4,0,6,
AL_gain_T0_E2E_UNCERTAINTY_minus_RANDOM,T0_E2E,DOMAIN_OOD,0.25,0.01,average_precision,10,0.011678903765137383,0.011203557999720335,0.003664361178396528,0.019693446351878238,0.01171875,1.0424281076983681,9,0,1,
AL_gain_DAPT_E2E_UNCERTAINTY_minus_RANDOM,DAPT_E2E,DOMAIN_OOD,0.25,0.01,average_precision,10,0.011157263499812409,0.0070404098552971734,0.006120857688837206,0.016193669310787612,0.001953125,1.5847463044239865,10,0,0,
INTERACTION_(DAPT_U-DAPT_R)-(T0_U-T0_R),DAPT_vs_T0,DOMAIN_OOD,0.25,0.01,average_precision,10,-0.0005216402653249741,0.00823109538095258,-0.006409811189938128,0.00536653065928818,0.84375,-0.06337434341146038,5,0,5,
AL_gain_T0_E2E_UNCERTAINTY_minus_RANDOM,T0_E2E,DOMAIN_OOD,0.25,0.01,roc_auc,10,0.008696437367930155,0.012019533447990907,9.818110915201482e-05,0.017294693626708296,0.041015625,0.7235253685644333,7,0,3,
AL_gain_DAPT_E2E_UNCERTAINTY_minus_RANDOM,DAPT_E2E,DOMAIN_OOD,0.25,0.01,roc_auc,10,0.008077430482491366,0.006075225989660316,0.003731475615348012,0.01242338534963472,0.00390625,1.3295687265360479,9,0,1,
INTERACTION_(DAPT_U-DAPT_R)-(T0_U-T0_R),DAPT_vs_T0,DOMAIN_OOD,0.25,0.01,roc_auc,10,-0.0006190068854387887,0.01051721723413218,-0.00814257086565483,0.006904557094777254,0.86328125,-0.05885652750709447,5,0,5,
AL_gain_T0_E2E_UNCERTAINTY_minus_RANDOM,T0_E2E,TEMPLATE_OOD,0.25,0.01,recall,10,0.1293911007025761,0.10180341157863623,0.056565327176625324,0.20221687422852686,0.01171875,1.2709898292812145,8,0,2,
AL_gain_DAPT_E2E_UNCERTAINTY_minus_RANDOM,DAPT_E2E,TEMPLATE_OOD,0.25,0.01,recall,10,0.1628805620608899,0.08440510031714601,0.10250079064838089,0.22326033347339894,0.00390625,1.929747864156053,9,0,1,
INTERACTION_(DAPT_U-DAPT_R)-(T0_U-T0_R),DAPT_vs_T0,TEMPLATE_OOD,0.25,0.01,recall,10,0.033489461358313835,0.11169022397938415,-0.04640891169672311,0.11338783441335078,0.419921875,0.2998423690554631,5,0,5,
AL_gain_T0_E2E_UNCERTAINTY_minus_RANDOM,T0_E2E,TEMPLATE_OOD,0.25,0.01,empirical_fpr,10,0.0026639344262295085,0.002227091508209661,0.0010707691355637398,0.004257099716895277,0.01171875,1.1961495144719139,8,1,1,
AL_gain_DAPT_E2E_UNCERTAINTY_minus_RANDOM,DAPT_E2E,TEMPLATE_OOD,0.25,0.01,empirical_fpr,10,0.00204918032786886,0.002537080405932849,0.00023426233843709524,0.003864098317300625,0.03515625,0.8076923076923157,8,0,2,
INTERACTION_(DAPT_U-DAPT_R)-(T0_U-T0_R),DAPT_vs_T0,TEMPLATE_OOD,0.25,0.01,empirical_fpr,10,-0.0006147540983606481,0.0025685981411701355,-0.0024522185173555177,0.0012227103206342213,0.482421875,-0.23933447918816694,4,0,6,
AL_gain_T0_E2E_UNCERTAINTY_minus_RANDOM,T0_E2E,TEMPLATE_OOD,0.25,0.01,precision,10,-0.0019538384116497888,0.0029869752851819885,-0.004090591809921215,0.00018291498662163785,0.0703125,-0.6541193766625848,2,0,8,
AL_gain_DAPT_E2E_UNCERTAINTY_minus_RANDOM,DAPT_E2E,TEMPLATE_OOD,0.25,0.01,precision,10,-0.0009509247618879723,0.0036550481742370906,-0.0035655887150485488,0.001663739191272604,0.41796875,-0.2601675043821978,4,0,6,
INTERACTION_(DAPT_U-DAPT_R)-(T0_U-T0_R),DAPT_vs_T0,TEMPLATE_OOD,0.25,0.01,precision,10,0.0010029136497618162,0.0041252278611627865,-0.0019480965894964923,0.003953923889020125,0.48828125,0.24311715219510877,6,0,4,
AL_gain_T0_E2E_UNCERTAINTY_minus_RANDOM,T0_E2E,TEMPLATE_OOD,0.25,0.01,f1,10,0.08902172200544513,0.07130219312880316,0.03801520573864142,0.14002823827224883,0.01171875,1.248513097551329,8,0,2,
AL_gain_DAPT_E2E_UNCERTAINTY_minus_RANDOM,DAPT_E2E,TEMPLATE_OOD,0.25,0.01,f1,10,0.10920487763411466,0.06049156398452555,0.06593181958374876,0.15247793568448054,0.00390625,1.805291026399161,9,0,1,
INTERACTION_(DAPT_U-DAPT_R)-(T0_U-T0_R),DAPT_vs_T0,TEMPLATE_OOD,0.25,0.01,f1,10,0.020183155628669534,0.07628391029743613,-0.03438706641839644,0.0747533776757355,0.44921875,0.26457945784339115,5,0,5,
AL_gain_T0_E2E_UNCERTAINTY_minus_RANDOM,T0_E2E,TEMPLATE_OOD,0.25,0.01,average_precision,10,0.003982366007580285,0.009338164301138966,-0.0026977543144932553,0.010662486329653824,0.21875,0.42646133427900385,7,0,3,
AL_gain_DAPT_E2E_UNCERTAINTY_minus_RANDOM,DAPT_E2E,TEMPLATE_OOD,0.25,0.01,average_precision,10,0.00596502139763293,0.004679356849097689,0.00261761116004706,0.0093124316352188,0.001953125,1.274752405083864,10,0,0,
INTERACTION_(DAPT_U-DAPT_R)-(T0_U-T0_R),DAPT_vs_T0,TEMPLATE_OOD,0.25,0.01,average_precision,10,0.0019826553900526454,0.009030384759952464,-0.004477292711711208,0.008442603491816499,0.51953125,0.21955381113385494,6,0,4,
AL_gain_T0_E2E_UNCERTAINTY_minus_RANDOM,T0_E2E,TEMPLATE_OOD,0.25,0.01,roc_auc,10,0.0005392467051319571,0.011914767964993715,-0.007984064841874937,0.00906255825213885,0.890625,0.04525868289808878,6,0,4,
AL_gain_DAPT_E2E_UNCERTAINTY_minus_RANDOM,DAPT_E2E,TEMPLATE_OOD,0.25,0.01,roc_auc,10,0.0037834080151814,0.004573354721832175,0.0005118271313843698,0.00705498889897843,0.0234375,0.8272719360954562,8,0,2,
INTERACTION_(DAPT_U-DAPT_R)-(T0_U-T0_R),DAPT_vs_T0,TEMPLATE_OOD,0.25,0.01,roc_auc,10,0.0032441613100494425,0.011431624674484013,-0.004933530347509406,0.011421852967608292,0.384765625,0.2837882980264897,7,0,3,
AL_gain_T0_E2E_UNCERTAINTY_minus_RANDOM,T0_E2E,DOMAIN_TEMPLATE_OOD,0.25,0.01,recall,10,0.17238403451995685,0.12871314407210277,0.08030819801650596,0.26445987102340773,0.0078125,1.339288506723062,8,0,2,
AL_gain_DAPT_E2E_UNCERTAINTY_minus_RANDOM,DAPT_E2E,DOMAIN_TEMPLATE_OOD,0.25,0.01,recall,10,0.21963322545846817,0.10520881479214633,0.1443713732260581,0.29489507769087825,0.00390625,2.0875933817178924,9,0,1,
INTERACTION_(DAPT_U-DAPT_R)-(T0_U-T0_R),DAPT_vs_T0,DOMAIN_TEMPLATE_OOD,0.25,0.01,recall,10,0.047249190938511314,0.13807519207429989,-0.05152385125750563,0.14602223313452825,0.361328125,0.3421989875855901,5,0,5,
AL_gain_T0_E2E_UNCERTAINTY_minus_RANDOM,T0_E2E,DOMAIN_TEMPLATE_OOD,0.25,0.01,empirical_fpr,10,0.0008629989212513483,0.00493166319338186,-0.0026649004021428754,0.004390898244645572,0.599609375,0.17499145570392283,6,0,4,
AL_gain_DAPT_E2E_UNCERTAINTY_minus_RANDOM,DAPT_E2E,DOMAIN_TEMPLATE_OOD,0.25,0.01,empirical_fpr,10,0.00194174757281552,0.0034602263139070716,-0.0005335492171204812,0.004417044362751522,0.123046875,0.5611620156205968,6,0,4,
INTERACTION_(DAPT_U-DAPT_R)-(T0_U-T0_R),DAPT_vs_T0,DOMAIN_TEMPLATE_OOD,0.25,0.01,empirical_fpr,10,0.001078748651564172,0.0019530349678533307,-0.00031836840032642357,0.0024758657034547674,0.14453125,0.5523447707389866,7,0,3,
AL_gain_T0_E2E_UNCERTAINTY_minus_RANDOM,T0_E2E,DOMAIN_TEMPLATE_OOD,0.25,0.01,precision,10,0.002011868585850618,0.007518236705143001,-0.0033663539620284507,0.007390091133729687,0.388671875,0.2675984628781851,5,0,5,
AL_gain_DAPT_E2E_UNCERTAINTY_minus_RANDOM,DAPT_E2E,DOMAIN_TEMPLATE_OOD,0.25,0.01,precision,10,0.0007333507710360454,0.0055502443351680775,-0.003237054844049102,0.004703756386121193,0.685546875,0.13212945714647306,5,0,5,
INTERACTION_(DAPT_U-DAPT_R)-(T0_U-T0_R),DAPT_vs_T0,DOMAIN_TEMPLATE_OOD,0.25,0.01,precision,10,-0.0012785178148145726,0.0031013405365317593,-0.0034970831854441503,0.0009400475558150052,0.21875,-0.4122468331853502,4,0,6,
AL_gain_T0_E2E_UNCERTAINTY_minus_RANDOM,T0_E2E,DOMAIN_TEMPLATE_OOD,0.25,0.01,f1,10,0.1333380103565517,0.10050399493832789,0.06144178349800168,0.20523423721510176,0.0078125,1.326693634799012,8,0,2,
AL_gain_DAPT_E2E_UNCERTAINTY_minus_RANDOM,DAPT_E2E,DOMAIN_TEMPLATE_OOD,0.25,0.01,f1,10,0.16340673418430246,0.08432467285100188,0.10308449711513078,0.22372897125347413,0.00390625,1.937828261403815,9,0,1,
INTERACTION_(DAPT_U-DAPT_R)-(T0_U-T0_R),DAPT_vs_T0,DOMAIN_TEMPLATE_OOD,0.25,0.01,f1,10,0.03006872382775072,0.10334402010663693,-0.04385913464812988,0.10399658230363132,0.41015625,0.29095755900267767,5,0,5,
AL_gain_T0_E2E_UNCERTAINTY_minus_RANDOM,T0_E2E,DOMAIN_TEMPLATE_OOD,0.25,0.01,average_precision,10,0.013305244020429962,0.012405781152047237,0.004430682799132987,0.022179805241726937,0.009765625,1.0725035253611817,9,0,1,
AL_gain_DAPT_E2E_UNCERTAINTY_minus_RANDOM,DAPT_E2E,DOMAIN_TEMPLATE_OOD,0.25,0.01,average_precision,10,0.01278380202970152,0.008052325306779856,0.007023515512231871,0.01854408854717117,0.001953125,1.587591353138438,10,0,0,
INTERACTION_(DAPT_U-DAPT_R)-(T0_U-T0_R),DAPT_vs_T0,DOMAIN_TEMPLATE_OOD,0.25,0.01,average_precision,10,-0.000521441990728444,0.009051775507725216,-0.00699669211163579,0.005953808130178902,0.87109375,-0.057606597764540295,5,0,5,
AL_gain_T0_E2E_UNCERTAINTY_minus_RANDOM,T0_E2E,DOMAIN_TEMPLATE_OOD,0.25,0.01,roc_auc,10,0.010053541775036067,0.01363638717996681,0.000298658033115946,0.01980842551695619,0.03515625,0.7372584572698043,7,0,3,
AL_gain_DAPT_E2E_UNCERTAINTY_minus_RANDOM,DAPT_E2E,DOMAIN_TEMPLATE_OOD,0.25,0.01,roc_auc,10,0.009956867509417188,0.007547650279069979,0.004557603758299658,0.015356131260534719,0.00390625,1.319200962056773,9,0,1,
INTERACTION_(DAPT_U-DAPT_R)-(T0_U-T0_R),DAPT_vs_T0,DOMAIN_TEMPLATE_OOD,0.25,0.01,roc_auc,10,-9.667426561887904e-05,0.01205320366996461,-0.008719016750212067,0.00852566821897431,0.984375,-0.00802062823013451,5,0,5,
AL_gain_T0_E2E_UNCERTAINTY_minus_RANDOM,T0_E2E,IID_ORIGINAL,0.25,0.02,recall,10,0.08317580340264649,0.03724641891904636,0.05653132040557191,0.10982028639972108,0.001953125,2.2331221582248175,10,0,0,
AL_gain_DAPT_E2E_UNCERTAINTY_minus_RANDOM,DAPT_E2E,IID_ORIGINAL,0.25,0.02,recall,10,0.09385633270321359,0.03403244480583952,0.06951098828368928,0.1182016771227379,0.001953125,2.7578486717213178,10,0,0,
INTERACTION_(DAPT_U-DAPT_R)-(T0_U-T0_R),DAPT_vs_T0,IID_ORIGINAL,0.25,0.02,recall,10,0.010680529300567098,0.0372332246978721,-0.01595451511927133,0.03731557372040553,0.38671875,0.28685480205472225,7,1,2,
AL_gain_T0_E2E_UNCERTAINTY_minus_RANDOM,T0_E2E,IID_ORIGINAL,0.25,0.02,empirical_fpr,10,0.0010536879076768688,0.00420764406267604,-0.001956279330499272,0.00406365514585301,0.4609375,0.25042230093168305,5,1,4,
AL_gain_DAPT_E2E_UNCERTAINTY_minus_RANDOM,DAPT_E2E,IID_ORIGINAL,0.25,0.02,empirical_fpr,10,1.8735013540549518e-17,0.005352065562803149,-0.0038286370616535856,0.003828637061653623,1.0,3.500520186217046e-15,5,0,5,
INTERACTION_(DAPT_U-DAPT_R)-(T0_U-T0_R),DAPT_vs_T0,IID_ORIGINAL,0.25,0.02,empirical_fpr,10,-0.0010536879076768501,0.005703515574938969,-0.005133737162621499,0.003026361347267799,0.587890625,-0.184743583818148,5,0,5,
AL_gain_T0_E2E_UNCERTAINTY_minus_RANDOM,T0_E2E,IID_ORIGINAL,0.25,0.02,precision,10,0.0033934454780864764,0.008153209864915066,-0.002439009504752777,0.00922590046092573,0.21484375,0.41620975472361726,5,0,5,
AL_gain_DAPT_E2E_UNCERTAINTY_minus_RANDOM,DAPT_E2E,IID_ORIGINAL,0.25,0.02,precision,10,0.006810386895608478,0.011064878001084223,-0.0011049499963855808,0.014725723787602537,0.08984375,0.6154958866190068,7,0,3,
INTERACTION_(DAPT_U-DAPT_R)-(T0_U-T0_R),DAPT_vs_T0,IID_ORIGINAL,0.25,0.02,precision,10,0.0034169414175220015,0.012579009918377005,-0.005581540198084815,0.012415423033128817,0.3984375,0.2716383435337071,5,0,5,
AL_gain_T0_E2E_UNCERTAINTY_minus_RANDOM,T0_E2E,IID_ORIGINAL,0.25,0.02,f1,10,0.05467982183941565,0.023437990259377425,0.037913293644882565,0.07144635003394874,0.001953125,2.332956931643852,10,0,0,
AL_gain_DAPT_E2E_UNCERTAINTY_minus_RANDOM,DAPT_E2E,IID_ORIGINAL,0.25,0.02,f1,10,0.06306186416416845,0.022025020085480896,0.047306113941487794,0.07881761438684912,0.001953125,2.863192129651652,10,0,0,
INTERACTION_(DAPT_U-DAPT_R)-(T0_U-T0_R),DAPT_vs_T0,IID_ORIGINAL,0.25,0.02,f1,10,0.008382042324752792,0.025008631803319203,-0.009508055145071232,0.026272139794576814,0.296875,0.3351659695209839,7,0,3,
AL_gain_T0_E2E_UNCERTAINTY_minus_RANDOM,T0_E2E,IID_ORIGINAL,0.25,0.02,average_precision,10,0.000823680281659267,0.01934499915568031,-0.013014898460695248,0.014662259024013783,0.900390625,0.04257846046053758,4,0,6,
AL_gain_DAPT_E2E_UNCERTAINTY_minus_RANDOM,DAPT_E2E,IID_ORIGINAL,0.25,0.02,average_precision,10,0.011466911065114927,0.008169132742725387,0.005623065541670852,0.017310756588559004,0.005859375,1.4036876895318187,9,0,1,
INTERACTION_(DAPT_U-DAPT_R)-(T0_U-T0_R),DAPT_vs_T0,IID_ORIGINAL,0.25,0.02,average_precision,10,0.01064323078345566,0.021741455543806944,-0.004909669586045119,0.026196131152956437,0.15625,0.4895362576811186,7,0,3,
AL_gain_T0_E2E_UNCERTAINTY_minus_RANDOM,T0_E2E,IID_ORIGINAL,0.25,0.02,roc_auc,10,-0.016372118103342815,0.02799589975168575,-0.03639917833006846,0.0036549421233828365,0.09765625,-0.5848041409119913,2,0,8,
AL_gain_DAPT_E2E_UNCERTAINTY_minus_RANDOM,DAPT_E2E,IID_ORIGINAL,0.25,0.02,roc_auc,10,0.0020269667845019155,0.01732445391160832,-0.010366200963643806,0.014420134532647639,0.67578125,0.11700032767807696,6,0,4,
INTERACTION_(DAPT_U-DAPT_R)-(T0_U-T0_R),DAPT_vs_T0,IID_ORIGINAL,0.25,0.02,roc_auc,10,0.01839908488784473,0.03048463023174463,-0.0034083058749347223,0.040206475650624185,0.091796875,0.6035528313112084,8,0,2,
AL_gain_T0_E2E_UNCERTAINTY_minus_RANDOM,T0_E2E,IID_BALANCED,0.25,0.02,recall,10,0.08317580340264649,0.03724641891904636,0.05653132040557191,0.10982028639972108,0.001953125,2.2331221582248175,10,0,0,
AL_gain_DAPT_E2E_UNCERTAINTY_minus_RANDOM,DAPT_E2E,IID_BALANCED,0.25,0.02,recall,10,0.09385633270321359,0.03403244480583952,0.06951098828368928,0.1182016771227379,0.001953125,2.7578486717213178,10,0,0,
INTERACTION_(DAPT_U-DAPT_R)-(T0_U-T0_R),DAPT_vs_T0,IID_BALANCED,0.25,0.02,recall,10,0.010680529300567098,0.0372332246978721,-0.01595451511927133,0.03731557372040553,0.38671875,0.28685480205472225,7,1,2,
AL_gain_T0_E2E_UNCERTAINTY_minus_RANDOM,T0_E2E,IID_BALANCED,0.25,0.02,empirical_fpr,10,0.001512287334593573,0.00506453214805548,-0.002110660713117877,0.005135235382305023,0.390625,0.2986035610760638,6,1,3,
AL_gain_DAPT_E2E_UNCERTAINTY_minus_RANDOM,DAPT_E2E,IID_BALANCED,0.25,0.02,empirical_fpr,10,-0.0019848771266540804,0.00504981106619981,-0.005597294346796457,0.001627540093488296,0.259765625,-0.3930596809729323,2,0,8,
INTERACTION_(DAPT_U-DAPT_R)-(T0_U-T0_R),DAPT_vs_T0,IID_BALANCED,0.25,0.02,empirical_fpr,10,-0.003497164461247654,0.005565958474624792,-0.007478811294514826,0.0004844823720195177,0.0859375,-0.6283130708199187,4,1,5,
AL_gain_T0_E2E_UNCERTAINTY_minus_RANDOM,T0_E2E,IID_BALANCED,0.25,0.02,precision,10,0.0008562680623577012,0.006190359367032044,-0.0035720482613982806,0.005284584386113683,0.669921875,0.13832283581433452,6,0,4,
AL_gain_DAPT_E2E_UNCERTAINTY_minus_RANDOM,DAPT_E2E,IID_BALANCED,0.25,0.02,precision,10,0.006534523211112153,0.0051931174380287345,0.002819590788209823,0.010249455634014484,0.0078125,1.258304532699458,8,0,2,
INTERACTION_(DAPT_U-DAPT_R)-(T0_U-T0_R),DAPT_vs_T0,IID_BALANCED,0.25,0.02,precision,10,0.005678255148754452,0.0066923983583416615,0.0008908017654897142,0.01046570853201919,0.03125,0.8484634124740732,7,0,3,
AL_gain_T0_E2E_UNCERTAINTY_minus_RANDOM,T0_E2E,IID_BALANCED,0.25,0.02,f1,10,0.05508642829491626,0.024578119850701255,0.037504300523508005,0.07266855606632451,0.001953125,2.2412791795929237,10,0,0,
AL_gain_DAPT_E2E_UNCERTAINTY_minus_RANDOM,DAPT_E2E,IID_BALANCED,0.25,0.02,f1,10,0.06420376626162427,0.02257378282324289,0.048055454824736506,0.08035207769851205,0.001953125,2.844174003283023,10,0,0,
INTERACTION_(DAPT_U-DAPT_R)-(T0_U-T0_R),DAPT_vs_T0,IID_BALANCED,0.25,0.02,f1,10,0.009117337966708017,0.025092669216674038,-0.008832876247120784,0.027067552180536816,0.27734375,0.3633466765922838,7,0,3,
AL_gain_T0_E2E_UNCERTAINTY_minus_RANDOM,T0_E2E,IID_BALANCED,0.25,0.02,average_precision,10,-0.003730090450060353,0.014599749941188457,-0.014174122396192375,0.00671394149607167,0.44921875,-0.2554900231227326,4,0,6,
AL_gain_DAPT_E2E_UNCERTAINTY_minus_RANDOM,DAPT_E2E,IID_BALANCED,0.25,0.02,average_precision,10,0.005162822357571284,0.006807784509982184,0.0002928266938750819,0.010032818021267487,0.05078125,0.758370414046022,9,0,1,
INTERACTION_(DAPT_U-DAPT_R)-(T0_U-T0_R),DAPT_vs_T0,IID_BALANCED,0.25,0.02,average_precision,10,0.008892912807631636,0.015326915913405733,-0.002071302338525741,0.019857127953789015,0.119140625,0.5802154104501496,8,0,2,
AL_gain_T0_E2E_UNCERTAINTY_minus_RANDOM,T0_E2E,IID_BALANCED,0.25,0.02,roc_auc,10,-0.017051781190032932,0.02796625926379793,-0.03705763788905117,0.0029540755089853057,0.091796875,-0.609726922331236,2,0,8,
AL_gain_DAPT_E2E_UNCERTAINTY_minus_RANDOM,DAPT_E2E,IID_BALANCED,0.25,0.02,roc_auc,10,0.001542527721098763,0.01691776759497894,-0.010559714161875174,0.0136447696040727,0.7421875,0.09117797087817739,6,0,4,
INTERACTION_(DAPT_U-DAPT_R)-(T0_U-T0_R),DAPT_vs_T0,IID_BALANCED,0.25,0.02,roc_auc,10,0.018594308911131695,0.029311423039898993,-0.002373819984805795,0.03956243780706918,0.076171875,0.6343707327283613,8,0,2,
AL_gain_T0_E2E_UNCERTAINTY_minus_RANDOM,T0_E2E,TEMPORAL,0.25,0.02,recall,10,0.11095,0.08094397925588896,0.05304616544112289,0.1688538345588771,0.00390625,1.37070108264943,9,0,1,
AL_gain_DAPT_E2E_UNCERTAINTY_minus_RANDOM,DAPT_E2E,TEMPORAL,0.25,0.02,recall,10,0.11702499999999998,0.05843639110653186,0.0752221240609068,0.15882787593909314,0.001953125,2.0026048457828063,10,0,0,
INTERACTION_(DAPT_U-DAPT_R)-(T0_U-T0_R),DAPT_vs_T0,TEMPORAL,0.25,0.02,recall,10,0.006074999999999997,0.0577056768341633,-0.035205154438050085,0.04735515443805008,0.75390625,0.10527560429554542,5,0,5,
AL_gain_T0_E2E_UNCERTAINTY_minus_RANDOM,T0_E2E,TEMPORAL,0.25,0.02,empirical_fpr,10,0.0067,0.006020566603088302,0.0023931461025180224,0.011006853897481978,0.01171875,1.1128520688672685,9,0,1,
AL_gain_DAPT_E2E_UNCERTAINTY_minus_RANDOM,DAPT_E2E,TEMPORAL,0.25,0.02,empirical_fpr,10,0.004950000000000001,0.005209233255586767,0.001223539015711884,0.008676460984288118,0.017578125,0.9502358134359323,7,0,3,
INTERACTION_(DAPT_U-DAPT_R)-(T0_U-T0_R),DAPT_vs_T0,TEMPORAL,0.25,0.02,empirical_fpr,10,-0.0017499999999999994,0.005751811308912464,-0.005864597941772364,0.002364597941772365,0.3671875,-0.30425198359486594,4,1,5,
AL_gain_T0_E2E_UNCERTAINTY_minus_RANDOM,T0_E2E,TEMPORAL,0.25,0.02,precision,10,-0.004758784070439548,0.00610165534106873,-0.009123645356633705,-0.0003939227842453914,0.041015625,-0.7799168921275104,2,0,8,
AL_gain_DAPT_E2E_UNCERTAINTY_minus_RANDOM,DAPT_E2E,TEMPORAL,0.25,0.02,precision,10,-0.0026344351782817466,0.0052810764726630805,-0.006412289704053824,0.001143419347490331,0.150390625,-0.4988443534038211,3,0,7,
INTERACTION_(DAPT_U-DAPT_R)-(T0_U-T0_R),DAPT_vs_T0,TEMPORAL,0.25,0.02,precision,10,0.0021243488921578015,0.006561285975730712,-0.0025693123427456077,0.006818010127061211,0.34375,0.3237702029778116,6,0,4,
AL_gain_T0_E2E_UNCERTAINTY_minus_RANDOM,T0_E2E,TEMPORAL,0.25,0.02,f1,10,0.06484324633713683,0.04983512586178569,0.029193344891110307,0.10049314778316334,0.00390625,1.3011554644604515,9,0,1,
AL_gain_DAPT_E2E_UNCERTAINTY_minus_RANDOM,DAPT_E2E,TEMPORAL,0.25,0.02,f1,10,0.06870771103406542,0.03686468197410583,0.04233630619682495,0.0950791158713059,0.001953125,1.863781466562671,10,0,0,
INTERACTION_(DAPT_U-DAPT_R)-(T0_U-T0_R),DAPT_vs_T0,TEMPORAL,0.25,0.02,f1,10,0.0038644646969285936,0.03621682692963547,-0.02204349256017063,0.029772421954027815,0.751953125,0.10670356915686567,6,0,4,
AL_gain_T0_E2E_UNCERTAINTY_minus_RANDOM,T0_E2E,TEMPORAL,0.25,0.02,average_precision,10,0.0031492131715709637,0.010391478773555531,-0.004284402932523231,0.01058282927566516,0.37890625,0.30305726838273994,6,0,4,
AL_gain_DAPT_E2E_UNCERTAINTY_minus_RANDOM,DAPT_E2E,TEMPORAL,0.25,0.02,average_precision,10,0.005451680753121579,0.0045974973001134895,0.002162829309222647,0.008740532197020512,0.0078125,1.185793138581507,9,0,1,
INTERACTION_(DAPT_U-DAPT_R)-(T0_U-T0_R),DAPT_vs_T0,TEMPORAL,0.25,0.02,average_precision,10,0.0023024675815506157,0.010021761469750682,-0.0048666686960033905,0.009471603859104623,0.4921875,0.22974679536130446,6,0,4,
AL_gain_T0_E2E_UNCERTAINTY_minus_RANDOM,T0_E2E,TEMPORAL,0.25,0.02,roc_auc,10,-0.0005556437500000788,0.012829916680445395,-0.009733613250611691,0.008622325750611533,0.890625,-0.04330844570853359,6,0,4,
AL_gain_DAPT_E2E_UNCERTAINTY_minus_RANDOM,DAPT_E2E,TEMPORAL,0.25,0.02,roc_auc,10,0.0032237499999999697,0.004106784180648372,0.00028593357496949036,0.006161566425030449,0.02734375,0.784981595865359,8,0,2,
INTERACTION_(DAPT_U-DAPT_R)-(T0_U-T0_R),DAPT_vs_T0,TEMPORAL,0.25,0.02,roc_auc,10,0.0037793937500000484,0.01232258380271415,-0.00503565167289158,0.012594439172891677,0.3515625,0.30670464981277756,7,0,3,
AL_gain_T0_E2E_UNCERTAINTY_minus_RANDOM,T0_E2E,DOMAIN_OOD,0.25,0.02,recall,10,0.14852255054432348,0.10759620124181933,0.07155286492787681,0.22549223616077013,0.00390625,1.3803698349026594,9,0,1,
AL_gain_DAPT_E2E_UNCERTAINTY_minus_RANDOM,DAPT_E2E,DOMAIN_OOD,0.25,0.02,recall,10,0.15816485225505444,0.07746943587778936,0.10274655629685694,0.21358314821325194,0.001953125,2.0416419774188728,10,0,0,
INTERACTION_(DAPT_U-DAPT_R)-(T0_U-T0_R),DAPT_vs_T0,DOMAIN_OOD,0.25,0.02,recall,10,0.009642301710730949,0.074255512498593,-0.04347689196284105,0.06276149538430295,0.689453125,0.1298530087030731,5,0,5,
AL_gain_T0_E2E_UNCERTAINTY_minus_RANDOM,T0_E2E,DOMAIN_OOD,0.25,0.02,empirical_fpr,10,0.005391394504924832,0.008859153913087206,-0.000946062428015728,0.011728851437865392,0.0859375,0.6085676530532313,6,1,3,
AL_gain_DAPT_E2E_UNCERTAINTY_minus_RANDOM,DAPT_E2E,DOMAIN_OOD,0.25,0.02,empirical_fpr,10,0.0097978227060653,0.006861966511310864,0.004889067573538356,0.014706577838592243,0.00390625,1.4278447278801407,9,0,1,
INTERACTION_(DAPT_U-DAPT_R)-(T0_U-T0_R),DAPT_vs_T0,DOMAIN_OOD,0.25,0.02,empirical_fpr,10,0.0044064282011404676,0.005881587152278352,0.00019899421358585394,0.00861386218869508,0.05078125,0.7491903268718119,8,0,2,
AL_gain_T0_E2E_UNCERTAINTY_minus_RANDOM,T0_E2E,DOMAIN_OOD,0.25,0.02,precision,10,-0.0014446596682831769,0.00879850546660279,-0.007738731316193645,0.00484941197962729,0.59375,-0.16419375697006616,4,0,6,
AL_gain_DAPT_E2E_UNCERTAINTY_minus_RANDOM,DAPT_E2E,DOMAIN_OOD,0.25,0.02,precision,10,-0.006360914782077287,0.007343259144443478,-0.011613965923516958,-0.0011078636406376156,0.033203125,-0.8662250176599698,2,0,8,
INTERACTION_(DAPT_U-DAPT_R)-(T0_U-T0_R),DAPT_vs_T0,DOMAIN_OOD,0.25,0.02,precision,10,-0.00491625511379411,0.005573116036333269,-0.008903022158259478,-0.0009294880693287415,0.021484375,-0.8821375836683047,1,0,9,
AL_gain_T0_E2E_UNCERTAINTY_minus_RANDOM,T0_E2E,DOMAIN_OOD,0.25,0.02,f1,10,0.09330153623801297,0.07011288527974559,0.04314579955437874,0.1434572729216472,0.00390625,1.330733086589523,9,0,1,
AL_gain_DAPT_E2E_UNCERTAINTY_minus_RANDOM,DAPT_E2E,DOMAIN_OOD,0.25,0.02,f1,10,0.09612016625691878,0.0532099800712263,0.0580560395454651,0.13418429296837248,0.001953125,1.8064311643840756,10,0,0,
INTERACTION_(DAPT_U-DAPT_R)-(T0_U-T0_R),DAPT_vs_T0,DOMAIN_OOD,0.25,0.02,f1,10,0.00281863001890581,0.047398971529519066,-0.031088551601480365,0.036725811639291985,0.859375,0.05946605860741994,5,0,5,
AL_gain_T0_E2E_UNCERTAINTY_minus_RANDOM,T0_E2E,DOMAIN_OOD,0.25,0.02,average_precision,10,0.011678903765137383,0.011203557999720335,0.003664361178396528,0.019693446351878238,0.01171875,1.0424281076983681,9,0,1,
AL_gain_DAPT_E2E_UNCERTAINTY_minus_RANDOM,DAPT_E2E,DOMAIN_OOD,0.25,0.02,average_precision,10,0.011157263499812409,0.0070404098552971734,0.006120857688837206,0.016193669310787612,0.001953125,1.5847463044239865,10,0,0,
INTERACTION_(DAPT_U-DAPT_R)-(T0_U-T0_R),DAPT_vs_T0,DOMAIN_OOD,0.25,0.02,average_precision,10,-0.0005216402653249741,0.00823109538095258,-0.006409811189938128,0.00536653065928818,0.84375,-0.06337434341146038,5,0,5,
AL_gain_T0_E2E_UNCERTAINTY_minus_RANDOM,T0_E2E,DOMAIN_OOD,0.25,0.02,roc_auc,10,0.008696437367930155,0.012019533447990907,9.818110915201482e-05,0.017294693626708296,0.041015625,0.7235253685644333,7,0,3,
AL_gain_DAPT_E2E_UNCERTAINTY_minus_RANDOM,DAPT_E2E,DOMAIN_OOD,0.25,0.02,roc_auc,10,0.008077430482491366,0.006075225989660316,0.003731475615348012,0.01242338534963472,0.00390625,1.3295687265360479,9,0,1,
INTERACTION_(DAPT_U-DAPT_R)-(T0_U-T0_R),DAPT_vs_T0,DOMAIN_OOD,0.25,0.02,roc_auc,10,-0.0006190068854387887,0.01051721723413218,-0.00814257086565483,0.006904557094777254,0.86328125,-0.05885652750709447,5,0,5,
AL_gain_T0_E2E_UNCERTAINTY_minus_RANDOM,T0_E2E,TEMPLATE_OOD,0.25,0.02,recall,10,0.11349531615925061,0.08586143701748936,0.052073744230706695,0.17491688808779454,0.00390625,1.321842728256836,9,0,1,
AL_gain_DAPT_E2E_UNCERTAINTY_minus_RANDOM,DAPT_E2E,TEMPLATE_OOD,0.25,0.02,recall,10,0.12014051522248241,0.06477140635411335,0.07380584237649038,0.16647518806847444,0.001953125,1.8548387627351988,10,0,0,
INTERACTION_(DAPT_U-DAPT_R)-(T0_U-T0_R),DAPT_vs_T0,TEMPLATE_OOD,0.25,0.02,recall,10,0.006645199063231822,0.05925735559076943,-0.03574495948923186,0.0490353576156955,0.73046875,0.11214133666583917,6,0,4,
AL_gain_T0_E2E_UNCERTAINTY_minus_RANDOM,T0_E2E,TEMPLATE_OOD,0.25,0.02,empirical_fpr,10,0.00661592505854801,0.005897256942359195,0.0023972815784436777,0.010834568538652342,0.01171875,1.1218648132874658,9,0,1,
AL_gain_DAPT_E2E_UNCERTAINTY_minus_RANDOM,DAPT_E2E,TEMPLATE_OOD,0.25,0.02,empirical_fpr,10,0.0055327868852459005,0.004961154551567306,0.0019837907151067416,0.009081783055385059,0.009765625,1.1152216339436567,9,0,1,
INTERACTION_(DAPT_U-DAPT_R)-(T0_U-T0_R),DAPT_vs_T0,TEMPLATE_OOD,0.25,0.02,empirical_fpr,10,-0.0010831381733021096,0.005234965489322328,-0.004828006888699466,0.002661730542095247,0.552734375,-0.20690454894332513,4,0,6,
AL_gain_T0_E2E_UNCERTAINTY_minus_RANDOM,T0_E2E,TEMPLATE_OOD,0.25,0.02,precision,10,-0.004816146130595,0.00586545849744441,-0.00901204237352985,-0.00062024988766015,0.041015625,-0.8211030958097143,2,0,8,
AL_gain_DAPT_E2E_UNCERTAINTY_minus_RANDOM,DAPT_E2E,TEMPLATE_OOD,0.25,0.02,precision,10,-0.003487393261386773,0.005115234846422172,-0.007146611834527079,0.00017182531175353316,0.060546875,-0.6817660119409795,3,0,7,
INTERACTION_(DAPT_U-DAPT_R)-(T0_U-T0_R),DAPT_vs_T0,TEMPLATE_OOD,0.25,0.02,precision,10,0.0013287528692082274,0.005733878145035586,-0.0027730164599385917,0.005430522198355046,0.46875,0.23173720047724886,5,0,5,
AL_gain_T0_E2E_UNCERTAINTY_minus_RANDOM,T0_E2E,TEMPLATE_OOD,0.25,0.02,f1,10,0.0670707290373411,0.05326129851235874,0.028969891324618774,0.10517156675006342,0.00390625,1.2592770155946915,9,0,1,
AL_gain_DAPT_E2E_UNCERTAINTY_minus_RANDOM,DAPT_E2E,TEMPLATE_OOD,0.25,0.02,f1,10,0.07105271447137672,0.041776970907041876,0.04116726982175035,0.1009381591210031,0.001953125,1.7007627151685178,10,0,0,
INTERACTION_(DAPT_U-DAPT_R)-(T0_U-T0_R),DAPT_vs_T0,TEMPLATE_OOD,0.25,0.02,f1,10,0.003981985434035618,0.03713586901474941,-0.022583414925543787,0.03054738579361502,0.74609375,0.10722747412896344,6,0,4,
AL_gain_T0_E2E_UNCERTAINTY_minus_RANDOM,T0_E2E,TEMPLATE_OOD,0.25,0.02,average_precision,10,0.003982366007580285,0.009338164301138966,-0.0026977543144932553,0.010662486329653824,0.21875,0.42646133427900385,7,0,3,
AL_gain_DAPT_E2E_UNCERTAINTY_minus_RANDOM,DAPT_E2E,TEMPLATE_OOD,0.25,0.02,average_precision,10,0.00596502139763293,0.004679356849097689,0.00261761116004706,0.0093124316352188,0.001953125,1.274752405083864,10,0,0,
INTERACTION_(DAPT_U-DAPT_R)-(T0_U-T0_R),DAPT_vs_T0,TEMPLATE_OOD,0.25,0.02,average_precision,10,0.0019826553900526454,0.009030384759952464,-0.004477292711711208,0.008442603491816499,0.51953125,0.21955381113385494,6,0,4,
AL_gain_T0_E2E_UNCERTAINTY_minus_RANDOM,T0_E2E,TEMPLATE_OOD,0.25,0.02,roc_auc,10,0.0005392467051319571,0.011914767964993715,-0.007984064841874937,0.00906255825213885,0.890625,0.04525868289808878,6,0,4,
AL_gain_DAPT_E2E_UNCERTAINTY_minus_RANDOM,DAPT_E2E,TEMPLATE_OOD,0.25,0.02,roc_auc,10,0.0037834080151814,0.004573354721832175,0.0005118271313843698,0.00705498889897843,0.0234375,0.8272719360954562,8,0,2,
INTERACTION_(DAPT_U-DAPT_R)-(T0_U-T0_R),DAPT_vs_T0,TEMPLATE_OOD,0.25,0.02,roc_auc,10,0.0032441613100494425,0.011431624674484013,-0.004933530347509406,0.011421852967608292,0.384765625,0.2837882980264897,7,0,3,
AL_gain_T0_E2E_UNCERTAINTY_minus_RANDOM,T0_E2E,DOMAIN_TEMPLATE_OOD,0.25,0.02,recall,10,0.1539374325782093,0.11482782685613303,0.07179455363704117,0.23608031151937742,0.00390625,1.3405934501492953,9,0,1,
AL_gain_DAPT_E2E_UNCERTAINTY_minus_RANDOM,DAPT_E2E,DOMAIN_TEMPLATE_OOD,0.25,0.02,recall,10,0.16537216828478968,0.08615676432745105,0.10373933192553772,0.22700500464404164,0.001953125,1.9194333674866109,10,0,0,
INTERACTION_(DAPT_U-DAPT_R)-(T0_U-T0_R),DAPT_vs_T0,DOMAIN_TEMPLATE_OOD,0.25,0.02,recall,10,0.011434735706580369,0.07995113365253627,-0.045758859893358234,0.06862833130651896,0.66015625,0.14302155809666406,5,0,5,
AL_gain_T0_E2E_UNCERTAINTY_minus_RANDOM,T0_E2E,DOMAIN_TEMPLATE_OOD,0.25,0.02,empirical_fpr,10,0.004638619201725998,0.009140056527091343,-0.0018997833560525975,0.011177021759504593,0.1484375,0.5075044326013762,7,0,3,
AL_gain_DAPT_E2E_UNCERTAINTY_minus_RANDOM,DAPT_E2E,DOMAIN_TEMPLATE_OOD,0.25,0.02,empirical_fpr,10,0.00857605177993528,0.006729341728042963,0.003762170702024237,0.013389932857846325,0.00390625,1.2744265526294472,9,0,1,
INTERACTION_(DAPT_U-DAPT_R)-(T0_U-T0_R),DAPT_vs_T0,DOMAIN_TEMPLATE_OOD,0.25,0.02,empirical_fpr,10,0.003937432578209284,0.006022610772962077,-0.0003708836303089125,0.008245748786727479,0.078125,0.6537750365482695,8,0,2,
AL_gain_T0_E2E_UNCERTAINTY_minus_RANDOM,T0_E2E,DOMAIN_TEMPLATE_OOD,0.25,0.02,precision,10,-0.000559433679310084,0.009389471861334348,-0.007276257218898802,0.006157389860278635,0.875,-0.059580952749197794,4,0,6,
AL_gain_DAPT_E2E_UNCERTAINTY_minus_RANDOM,DAPT_E2E,DOMAIN_TEMPLATE_OOD,0.25,0.02,precision,10,-0.005024276912408509,0.0072754573413848726,-0.010228825565791747,0.00018027174097472783,0.06640625,-0.6905788429036608,2,0,8,
INTERACTION_(DAPT_U-DAPT_R)-(T0_U-T0_R),DAPT_vs_T0,DOMAIN_TEMPLATE_OOD,0.25,0.02,precision,10,-0.004464843233098426,0.005926351656472882,-0.008704299817871741,-0.00022538664832511077,0.044921875,-0.7533881706499533,1,0,9,
AL_gain_T0_E2E_UNCERTAINTY_minus_RANDOM,T0_E2E,DOMAIN_TEMPLATE_OOD,0.25,0.02,f1,10,0.09960483683258957,0.07698160407144976,0.04453551472601787,0.15467415893916125,0.00390625,1.2938784276324284,9,0,1,
AL_gain_DAPT_E2E_UNCERTAINTY_minus_RANDOM,DAPT_E2E,DOMAIN_TEMPLATE_OOD,0.25,0.02,f1,10,0.10377473550288303,0.06065872258168711,0.060382099395642284,0.14716737161012378,0.001953125,1.7107965859837058,10,0,0,
INTERACTION_(DAPT_U-DAPT_R)-(T0_U-T0_R),DAPT_vs_T0,DOMAIN_TEMPLATE_OOD,0.25,0.02,f1,10,0.00416989867029346,0.052649305554310105,-0.03349314565347254,0.04183294299405946,0.814453125,0.0792013992661693,6,0,4,
AL_gain_T0_E2E_UNCERTAINTY_minus_RANDOM,T0_E2E,DOMAIN_TEMPLATE_OOD,0.25,0.02,average_precision,10,0.013305244020429962,0.012405781152047237,0.004430682799132987,0.022179805241726937,0.009765625,1.0725035253611817,9,0,1,
AL_gain_DAPT_E2E_UNCERTAINTY_minus_RANDOM,DAPT_E2E,DOMAIN_TEMPLATE_OOD,0.25,0.02,average_precision,10,0.01278380202970152,0.008052325306779856,0.007023515512231871,0.01854408854717117,0.001953125,1.587591353138438,10,0,0,
INTERACTION_(DAPT_U-DAPT_R)-(T0_U-T0_R),DAPT_vs_T0,DOMAIN_TEMPLATE_OOD,0.25,0.02,average_precision,10,-0.000521441990728444,0.009051775507725216,-0.00699669211163579,0.005953808130178902,0.87109375,-0.057606597764540295,5,0,5,
AL_gain_T0_E2E_UNCERTAINTY_minus_RANDOM,T0_E2E,DOMAIN_TEMPLATE_OOD,0.25,0.02,roc_auc,10,0.010053541775036067,0.01363638717996681,0.000298658033115946,0.01980842551695619,0.03515625,0.7372584572698043,7,0,3,
AL_gain_DAPT_E2E_UNCERTAINTY_minus_RANDOM,DAPT_E2E,DOMAIN_TEMPLATE_OOD,0.25,0.02,roc_auc,10,0.009956867509417188,0.007547650279069979,0.004557603758299658,0.015356131260534719,0.00390625,1.319200962056773,9,0,1,
INTERACTION_(DAPT_U-DAPT_R)-(T0_U-T0_R),DAPT_vs_T0,DOMAIN_TEMPLATE_OOD,0.25,0.02,roc_auc,10,-9.667426561887904e-05,0.01205320366996461,-0.008719016750212067,0.00852566821897431,0.984375,-0.00802062823013451,5,0,5,
