scenario,target_fpr,ranker,review_fraction_of_stage1_negatives,stage1_empirical_fpr_mean,ranker_empirical_fpr_mean,stage1_recall_mean,review_precision_mean,rescued_stage1_fn_mean,capture_rate_of_stage1_fn_mean,review_assisted_recall_upper_bound_mean,potential_recall_gain_pp_mean,rescued_fn_lift_vs_self_mean,recall_upper_bound_lift_vs_self_pp_mean
DOMAIN_OOD,0.005,B0_SELF,0.05,0.005495075168481078,0.005495075168481078,0.41410057024364955,0.9389331638852522,143.6,0.1272885212797446,0.4885432866770348,7.444271643338517,0.0,0.0
DOMAIN_OOD,0.005,B0_SELF,0.1,0.005495075168481078,0.005495075168481078,0.41410057024364955,0.9198889227916803,281.0,0.24908038538348581,0.5597719025401762,14.567133229652672,0.0,0.0
DOMAIN_OOD,0.005,B0_SELF,0.2,0.005495075168481078,0.005495075168481078,0.41410057024364955,0.8502120175531841,519.6,0.4590048506280354,0.6834629341627786,26.936236391912907,0.0,0.0
DOMAIN_OOD,0.005,BASE_EMB_MLP,0.05,0.005495075168481078,0.006220839813374806,0.41410057024364955,0.9511981848713079,145.4,0.12906547238912433,0.48947641264904096,7.537584240539141,1.8,0.09331259720062324
DOMAIN_OOD,0.005,BASE_EMB_MLP,0.1,0.005495075168481078,0.006220839813374806,0.41410057024364955,0.9259156273359999,282.8,0.250769722104318,0.5607050285121825,14.660445826853291,1.8,0.09331259720062102
DOMAIN_OOD,0.005,BASE_EMB_MLP,0.2,0.005495075168481078,0.006220839813374806,0.41410057024364955,0.8680621757975511,530.0,0.46935723351540004,0.6888543286677035,27.475375842405395,10.4,0.5391394504924873
DOMAIN_OOD,0.005,CONTRASTIVE_EMB_MLP,0.05,0.005495075168481078,0.0066355624675997925,0.41410057024364955,0.9179698105313626,140.2,0.12471793507151963,0.4867807153965785,7.268014515292897,-3.4,-0.17625712804561933
DOMAIN_OOD,0.005,CONTRASTIVE_EMB_MLP,0.1,0.005495075168481078,0.0066355624675997925,0.41410057024364955,0.8920517721552189,272.2,0.2419712183114008,0.5552099533437014,14.110938310005185,-8.8,-0.4561949196474869
DOMAIN_OOD,0.005,CONTRASTIVE_EMB_MLP,0.2,0.005495075168481078,0.0066355624675997925,0.41410057024364955,0.8060832997272541,491.8,0.436362301211357,0.6690513219284604,25.49507516848108,-27.8,-1.441161223431826
DOMAIN_OOD,0.005,DAPT_E2E,0.05,0.005495075168481078,0.0034214618973561427,0.41410057024364955,0.9910133059077205,151.4,0.13458237773805024,0.4925868325557284,7.848626231207879,7.8,0.40435458786936335
DOMAIN_OOD,0.005,DAPT_E2E,0.1,0.005495075168481078,0.0034214618973561427,0.41410057024364955,0.9895351716450123,302.0,0.2683269139743258,0.5706583722135822,15.655780196993266,21.0,1.088646967340594
DOMAIN_OOD,0.005,DAPT_E2E,0.2,0.005495075168481078,0.0034214618973561427,0.41410057024364955,0.9626199327749475,587.2,0.5212391581620985,0.71850699844479,30.44064282011405,67.6,3.5044064282011433
DOMAIN_OOD,0.005,DAPT_EMB_MLP,0.05,0.005495075168481078,0.004561949196474858,0.41410057024364955,0.9593531867003732,146.6,0.13023082646697823,0.4900984966303784,7.599792638672888,3.0,0.15552099533437058
DOMAIN_OOD,0.005,DAPT_EMB_MLP,0.1,0.005495075168481078,0.004561949196474858,0.41410057024364955,0.9334840752396805,285.0,0.2529900728428648,0.5618455158113012,14.774494556765166,4.0,0.2073613271124941
DOMAIN_OOD,0.005,DAPT_EMB_MLP,0.2,0.005495075168481078,0.004561949196474858,0.41410057024364955,0.8578561794240056,523.8,0.46381329874797717,0.6856402280974598,27.153965785381025,4.2,0.21772939346812015
DOMAIN_OOD,0.005,T0_E2E,0.05,0.005495075168481078,0.0033177812337998962,0.41410057024364955,0.9948110804602119,152.0,0.13506996174518732,0.49289787454639705,7.879730430274753,8.4,0.4354587869362369
DOMAIN_OOD,0.005,T0_E2E,0.1,0.005495075168481078,0.0033177812337998962,0.41410057024364955,0.9828177863734113,300.0,0.26643850292084104,0.5696215655780197,15.55209953343701,19.0,0.9849663037843402
DOMAIN_OOD,0.005,T0_E2E,0.2,0.005495075168481078,0.0033177812337998962,0.41410057024364955,0.9463779277054167,577.4,0.5122943682761212,0.713426645930534,29.93260756868844,57.8,2.996371176775534
DOMAIN_OOD,0.01,B0_SELF,0.05,0.009123898392949715,0.009123898392949715,0.48481078278900985,0.9001018611071446,131.2,0.13233129094729382,0.5528252980819077,6.801451529289788,0.0,0.0
DOMAIN_OOD,0.01,B0_SELF,0.1,0.009123898392949715,0.009123898392949715,0.48481078278900985,0.8655353140832848,252.0,0.25367019528779233,0.6154484188698808,13.063763608087092,0.0,0.0
DOMAIN_OOD,0.01,B0_SELF,0.2,0.009123898392949715,0.009123898392949715,0.48481078278900985,0.7893177277282424,459.6,0.4618610735275722,0.7230689476412648,23.825816485225506,0.0,0.0
DOMAIN_OOD,0.01,BASE_EMB_MLP,0.05,0.009123898392949715,0.014204250907205807,0.48481078278900985,0.9329915422126149,136.0,0.13716554418158383,0.5553136340072576,7.05028512182478,4.8,0.2488335925349916
DOMAIN_OOD,0.01,BASE_EMB_MLP,0.1,0.009123898392949715,0.014204250907205807,0.48481078278900985,0.9132345904748693,265.8,0.2677862391340014,0.6226023846552617,13.779160186625194,13.8,0.7153965785381033
DOMAIN_OOD,0.01,BASE_EMB_MLP,0.2,0.009123898392949715,0.014204250907205807,0.48481078278900985,0.8385645448443381,488.0,0.4911186327872721,0.7377916018662519,25.298081907724214,28.4,1.4722654224987064
DOMAIN_OOD,0.01,CONTRASTIVE_EMB_MLP,0.05,0.009123898392949715,0.010057024364955935,0.48481078278900985,0.9070766715742515,132.2,0.13336504091029378,0.553343701399689,6.853291861067912,1.0,0.05184033177812353
DOMAIN_OOD,0.01,CONTRASTIVE_EMB_MLP,0.1,0.009123898392949715,0.010057024364955935,0.48481078278900985,0.8653612529654623,251.8,0.25382427836550725,0.6153447382063245,13.053395541731467,-0.2,-0.010368066355623817
DOMAIN_OOD,0.01,CONTRASTIVE_EMB_MLP,0.2,0.009123898392949715,0.010057024364955935,0.48481078278900985,0.7656797170950703,445.6,0.4483851922560026,0.7158113011923277,23.10005184033178,-14.0,-0.7257646448937272
DOMAIN_OOD,0.01,DAPT_E2E,0.05,0.009123898392949715,0.008605495075168482,0.48481078278900985,0.9931775052071281,144.8,0.14595977344286762,0.5598755832037325,7.506480041472267,13.6,0.7050285121824795
DOMAIN_OOD,0.01,DAPT_E2E,0.1,0.009123898392949715,0.008605495075168482,0.48481078278900985,0.9854364710765882,286.8,0.28896966916951283,0.6334888543286677,14.867807153965785,34.8,1.804043545878693
DOMAIN_OOD,0.01,DAPT_E2E,0.2,0.009123898392949715,0.008605495075168482,0.48481078278900985,0.9481557814464091,551.6,0.5555733187804373,0.7707620528771384,28.59512700881286,92.0,4.769310523587352
DOMAIN_OOD,0.01,DAPT_EMB_MLP,0.05,0.009123898392949715,0.009227579056505963,0.48481078278900985,0.9481290284459369,138.2,0.13937251461694614,0.5564541213063764,7.164333851736653,7.0,0.3628823224468647
DOMAIN_OOD,0.01,DAPT_EMB_MLP,0.1,0.009123898392949715,0.009227579056505963,0.48481078278900985,0.920405757840534,267.8,0.27001404537715523,0.6236391912908242,13.882840850181443,15.8,0.8190772420943526
DOMAIN_OOD,0.01,DAPT_EMB_MLP,0.2,0.009123898392949715,0.009227579056505963,0.48481078278900985,0.8210499088999113,477.8,0.4808815139750185,0.7325038880248833,24.769310523587354,18.2,0.943494038361845
DOMAIN_OOD,0.01,T0_E2E,0.05,0.009123898392949715,0.008501814411612234,0.48481078278900985,0.9945568155519556,145.0,0.1461632318200587,0.5599792638672888,7.516848107827892,13.8,0.7153965785381033
DOMAIN_OOD,0.01,T0_E2E,0.1,0.009123898392949715,0.008501814411612234,0.48481078278900985,0.9764903430659132,284.2,0.28634224524025365,0.6321410057024365,14.733022291342667,32.2,1.6692586832555745
DOMAIN_OOD,0.01,T0_E2E,0.2,0.009123898392949715,0.008501814411612234,0.48481078278900985,0.9273044469947049,539.6,0.5431569732758231,0.7645412130637637,27.973043027475377,80.0,4.147226542249871
DOMAIN_OOD,0.02,B0_SELF,0.05,0.02436495593571799,0.02436495593571799,0.6003110419906688,0.8136316637554921,108.4,0.14058789406654876,0.6565059616381544,5.619491964748574,0.0,0.0
DOMAIN_OOD,0.02,B0_SELF,0.1,0.02436495593571799,0.02436495593571799,0.6003110419906688,0.7455510790407505,198.0,0.2570209082233049,0.702954898911353,10.264385692068426,0.0,0.0
DOMAIN_OOD,0.02,B0_SELF,0.2,0.02436495593571799,0.02436495593571799,0.6003110419906688,0.6729955305764306,357.4,0.4635741615839491,0.7855883877656817,18.527734577501295,0.0,0.0
DOMAIN_OOD,0.02,BASE_EMB_MLP,0.05,0.02436495593571799,0.026853291861067906,0.6003110419906688,0.920328764259972,122.6,0.15910685263585184,0.663867288750648,6.3556246759979285,14.2,0.7361327112493532
DOMAIN_OOD,0.02,BASE_EMB_MLP,0.1,0.02436495593571799,0.026853291861067906,0.6003110419906688,0.8703943767464638,231.2,0.2999963949804281,0.72016588906169,11.985484707102128,33.2,1.7210990150337004
DOMAIN_OOD,0.02,BASE_EMB_MLP,0.2,0.02436495593571799,0.026853291861067906,0.6003110419906688,0.7479243474178069,397.2,0.5151837512379672,0.8062208398133748,20.590979782270605,39.8,2.063245204769313
DOMAIN_OOD,0.02,CONTRASTIVE_EMB_MLP,0.05,0.02436495593571799,0.020217729393468116,0.6003110419906688,0.8615836332314208,114.8,0.14879181774540076,0.6598237428719543,5.951270088128564,6.4,0.3317781233799888
DOMAIN_OOD,0.02,CONTRASTIVE_EMB_MLP,0.1,0.02436495593571799,0.020217729393468116,0.6003110419906688,0.8011473860940612,212.8,0.27603441616841967,0.7106272680145154,11.031622602384656,14.8,0.7672369103162291
DOMAIN_OOD,0.02,CONTRASTIVE_EMB_MLP,0.2,0.02436495593571799,0.020217729393468116,0.6003110419906688,0.6854763333727563,364.0,0.47228855599410763,0.7890098496630379,18.869880767236914,6.6,0.3421461897356193
DOMAIN_OOD,0.02,DAPT_E2E,0.05,0.02436495593571799,0.01835147744945568,0.6003110419906688,0.9864988036914664,131.4,0.17051924533655302,0.6684292379471228,6.811819595645412,23.0,1.1923276308968367
DOMAIN_OOD,0.02,DAPT_E2E,0.1,0.02436495593571799,0.01835147744945568,0.6003110419906688,0.9623805736736262,255.6,0.33174499460896795,0.7328149300155522,13.25038880248834,57.6,2.9860031104199125
DOMAIN_OOD,0.02,DAPT_E2E,0.2,0.02436495593571799,0.01835147744945568,0.6003110419906688,0.8927522769821259,474.0,0.6152367020223922,0.8460342146189734,24.57231726283048,116.6,6.044582685329187
DOMAIN_OOD,0.02,DAPT_EMB_MLP,0.05,0.02436495593571799,0.020425090720580612,0.6003110419906688,0.9081379819607124,121.0,0.15691374012134615,0.6630378434421981,6.272680145152929,12.6,0.6531881804043538
DOMAIN_OOD,0.02,DAPT_EMB_MLP,0.1,0.02436495593571799,0.020425090720580612,0.6003110419906688,0.8511940771468902,226.2,0.2930930017088181,0.7175738724727838,11.72628304821151,28.2,1.4618973561430826
DOMAIN_OOD,0.02,DAPT_EMB_MLP,0.2,0.02436495593571799,0.020425090720580612,0.6003110419906688,0.7366880371318352,391.2,0.5076147529810832,0.8031104199066874,20.279937791601863,33.8,1.7522032141005717
DOMAIN_OOD,0.02,T0_E2E,0.05,0.02436495593571799,0.02146189735614308,0.6003110419906688,0.9819757894222854,130.8,0.16974151202992038,0.6681181959564542,6.7807153965785405,22.4,1.1612234318299652
DOMAIN_OOD,0.02,T0_E2E,0.1,0.02436495593571799,0.02146189735614308,0.6003110419906688,0.9458495133610858,251.2,0.3260759415995448,0.7305339554173147,13.022291342664591,53.2,2.757905650596164
DOMAIN_OOD,0.02,T0_E2E,0.2,0.02436495593571799,0.02146189735614308,0.6003110419906688,0.8656928271628169,459.6,0.5967658167202895,0.8385692068429238,23.82581648522551,102.2,5.298081907724212
DOMAIN_TEMPLATE_OOD,0.005,B0_SELF,0.05,0.005393743257820928,0.005393743257820928,0.38101402373247034,0.9406878545679277,141.2,0.12325113820453626,0.4571736785329018,7.615965480043149,0.0,0.0
DOMAIN_TEMPLATE_OOD,0.005,B0_SELF,0.1,0.005393743257820928,0.005393743257820928,0.38101402373247034,0.923124371359747,276.8,0.24151176981634465,0.5303128371089536,14.929881337648329,0.0,0.0
DOMAIN_TEMPLATE_OOD,0.005,B0_SELF,0.2,0.005393743257820928,0.005393743257820928,0.38101402373247034,0.8632843570657723,517.8,0.4504657277900986,0.660302049622438,27.928802588996763,0.0,0.0
DOMAIN_TEMPLATE_OOD,0.005,BASE_EMB_MLP,0.05,0.005393743257820928,0.006364617044228695,0.38101402373247034,0.9504570053528646,142.6,0.12461518455917335,0.45792880258899676,7.691477885652641,1.4,0.07551240560949135
DOMAIN_TEMPLATE_OOD,0.005,BASE_EMB_MLP,0.1,0.005393743257820928,0.006364617044228695,0.38101402373247034,0.926636467961066,277.8,0.2424999700992589,0.5308522114347357,14.983818770226538,1.0,0.05393743257821049
DOMAIN_TEMPLATE_OOD,0.005,BASE_EMB_MLP,0.2,0.005393743257820928,0.006364617044228695,0.38101402373247034,0.8741850103063264,523.8,0.4568571674671369,0.6635382955771305,28.25242718446602,6.0,0.32362459546925626
DOMAIN_TEMPLATE_OOD,0.005,CONTRASTIVE_EMB_MLP,0.05,0.005393743257820928,0.006580366774541532,0.38101402373247034,0.9258801220304642,138.8,0.12152314708730516,0.4558791801510248,7.486515641855448,-2.4,-0.12944983818770295
DOMAIN_TEMPLATE_OOD,0.005,CONTRASTIVE_EMB_MLP,0.1,0.005393743257820928,0.006580366774541532,0.38101402373247034,0.9049022388882182,271.0,0.23720023629119608,0.5271844660194175,14.617044228694713,-5.8,-0.3128371089536153
DOMAIN_TEMPLATE_OOD,0.005,CONTRASTIVE_EMB_MLP,0.2,0.005393743257820928,0.006580366774541532,0.38101402373247034,0.8083842510718068,484.2,0.4227132970056533,0.6421790722761596,26.11650485436893,-33.6,-1.8122977346278326
DOMAIN_TEMPLATE_OOD,0.005,DAPT_E2E,0.05,0.005393743257820928,0.003344120819848975,0.38101402373247034,0.9908549033104895,148.6,0.1299804395280253,0.46116504854368934,8.015102481121897,7.4,0.3991370010787476
DOMAIN_TEMPLATE_OOD,0.005,DAPT_E2E,0.1,0.005393743257820928,0.003344120819848975,0.38101402373247034,0.9914005095682656,297.0,0.2597436017058855,0.5412081984897519,16.019417475728154,20.2,1.0895361380798285
DOMAIN_TEMPLATE_OOD,0.005,DAPT_E2E,0.2,0.005393743257820928,0.003344120819848975,0.38101402373247034,0.9656866870047522,578.2,0.5052409043997721,0.6928802588996763,31.1866235167206,60.4,3.25782092772384
DOMAIN_TEMPLATE_OOD,0.005,DAPT_EMB_MLP,0.05,0.005393743257820928,0.004746494066882417,0.38101402373247034,0.9520075207097778,142.8,0.12484831310749216,0.4580366774541532,7.702265372168284,1.6,0.08629989212513456
DOMAIN_TEMPLATE_OOD,0.005,DAPT_EMB_MLP,0.1,0.005393743257820928,0.004746494066882417,0.38101402373247034,0.9323060684991331,279.4,0.24412341334536425,0.5317152103559871,15.070118662351675,2.6,0.14023732470334616
DOMAIN_TEMPLATE_OOD,0.005,DAPT_EMB_MLP,0.2,0.005393743257820928,0.004746494066882417,0.38101402373247034,0.8574069284317947,513.8,0.44803983473994535,0.6581445523193097,27.71305285868393,-4.0,-0.21574973031283307
DOMAIN_TEMPLATE_OOD,0.005,T0_E2E,0.05,0.005393743257820928,0.0032362459546925572,0.38101402373247034,0.9960684772962705,149.4,0.13064127144606652,0.46159654800431504,8.058252427184465,8.2,0.4422869471413149
DOMAIN_TEMPLATE_OOD,0.005,T0_E2E,0.1,0.005393743257820928,0.0032362459546925572,0.38101402373247034,0.9865956491549788,295.6,0.2584353883164564,0.540453074433657,15.943905070118664,18.8,1.014023732470335
DOMAIN_TEMPLATE_OOD,0.005,T0_E2E,0.2,0.005393743257820928,0.0032362459546925572,0.38101402373247034,0.9525572205179677,570.4,0.4982931836005279,0.6886731391585761,30.76591154261057,52.6,2.837108953613807
DOMAIN_TEMPLATE_OOD,0.01,B0_SELF,0.05,0.00895361380798274,0.00895361380798274,0.45091693635382957,0.9092587579186745,130.2,0.12814010903495995,0.521143473570658,7.022653721682846,0.0,0.0
DOMAIN_TEMPLATE_OOD,0.01,B0_SELF,0.1,0.00895361380798274,0.00895361380798274,0.45091693635382957,0.878430978298318,251.4,0.2469798258621398,0.5865156418554477,13.559870550161813,0.0,0.0
DOMAIN_TEMPLATE_OOD,0.01,B0_SELF,0.2,0.00895361380798274,0.00895361380798274,0.45091693635382957,0.8061341820068687,461.2,0.4524064686891654,0.6996763754045308,24.87594390507012,0.0,0.0
DOMAIN_TEMPLATE_OOD,0.01,BASE_EMB_MLP,0.05,0.00895361380798274,0.01413160733549083,0.45091693635382957,0.9346226733361933,133.8,0.1317669985467524,0.5230852211434736,7.216828478964399,3.6,0.1941747572815522
DOMAIN_TEMPLATE_OOD,0.01,BASE_EMB_MLP,0.1,0.00895361380798274,0.01413160733549083,0.45091693635382957,0.9137780993339752,261.4,0.2570864083882657,0.5919093851132686,14.099244875943905,10.0,0.5393743257820915
DOMAIN_TEMPLATE_OOD,0.01,BASE_EMB_MLP,0.2,0.00895361380798274,0.01413160733549083,0.45091693635382957,0.8423668239071931,481.6,0.4732250480763859,0.7106796116504854,25.976267529665584,20.4,1.1003236245954673
DOMAIN_TEMPLATE_OOD,0.01,CONTRASTIVE_EMB_MLP,0.05,0.00895361380798274,0.009600862998921251,0.45091693635382957,0.9137722115089595,130.8,0.1288522711268402,0.5214670981661274,7.055016181229773,0.6,0.03236245954692629
DOMAIN_TEMPLATE_OOD,0.01,CONTRASTIVE_EMB_MLP,0.1,0.00895361380798274,0.009600862998921251,0.45091693635382957,0.8813716579022997,252.0,0.2481344598483938,0.586839266450917,13.592233009708735,0.6,0.03236245954692407
DOMAIN_TEMPLATE_OOD,0.01,CONTRASTIVE_EMB_MLP,0.2,0.00895361380798274,0.009600862998921251,0.45091693635382957,0.774058237197679,442.6,0.4347622334301464,0.6896440129449839,23.872707659115427,-18.6,-1.0032362459546906
DOMAIN_TEMPLATE_OOD,0.01,DAPT_E2E,0.05,0.00895361380798274,0.008198489751887809,0.45091693635382957,0.9930644697767985,142.2,0.13995156136070433,0.5276159654800432,7.66990291262136,12.0,0.6472491909385136
DOMAIN_TEMPLATE_OOD,0.01,DAPT_E2E,0.1,0.00895361380798274,0.008198489751887809,0.45091693635382957,0.9873714259784915,282.4,0.27785291675043355,0.6032362459546926,15.231930960086299,31.0,1.6720604099244873
DOMAIN_TEMPLATE_OOD,0.01,DAPT_E2E,0.2,0.00895361380798274,0.008198489751887809,0.45091693635382957,0.9525030302590209,544.4,0.5353506775874011,0.7445523193096009,29.363538295577133,83.2,4.487594390507011
DOMAIN_TEMPLATE_OOD,0.01,DAPT_EMB_MLP,0.05,0.00895361380798274,0.009600862998921251,0.45091693635382957,0.9415937447503856,134.8,0.13274776030178614,0.5236245954692557,7.270765911542609,4.6,0.2481121898597627
DOMAIN_TEMPLATE_OOD,0.01,DAPT_EMB_MLP,0.1,0.00895361380798274,0.009600862998921251,0.45091693635382957,0.9162204049255239,262.0,0.2579200504116831,0.5922330097087378,14.131607335490827,10.6,0.5717367853290156
DOMAIN_TEMPLATE_OOD,0.01,DAPT_EMB_MLP,0.2,0.00895361380798274,0.009600862998921251,0.45091693635382957,0.823444294390247,470.8,0.46259211837501935,0.7048543689320388,25.393743257820926,9.6,0.5177993527508074
DOMAIN_TEMPLATE_OOD,0.01,T0_E2E,0.05,0.00895361380798274,0.00819848975188781,0.45091693635382957,0.9958329341890986,142.6,0.14033612627467343,0.527831715210356,7.691477885652644,12.4,0.6688241639697978
DOMAIN_TEMPLATE_OOD,0.01,T0_E2E,0.1,0.00895361380798274,0.00819848975188781,0.45091693635382957,0.979597302961398,280.2,0.2756344009896804,0.602049622437972,15.11326860841424,28.8,1.5533980582524265
DOMAIN_TEMPLATE_OOD,0.01,T0_E2E,0.2,0.00895361380798274,0.00819848975188781,0.45091693635382957,0.9316250933146553,532.6,0.5234291699414624,0.7381877022653722,28.72707659115426,71.4,3.85113268608414
DOMAIN_TEMPLATE_OOD,0.02,B0_SELF,0.05,0.023624595469255664,0.023624595469255664,0.5773462783171521,0.8169688759278229,106.4,0.13575496429021827,0.6347357065803668,5.738942826321464,0.0,0.0
DOMAIN_TEMPLATE_OOD,0.02,B0_SELF,0.1,0.023624595469255664,0.023624595469255664,0.5773462783171521,0.7506222501196392,195.0,0.24909309956982403,0.6825242718446602,10.51779935275081,0.0,0.0
DOMAIN_TEMPLATE_OOD,0.02,B0_SELF,0.2,0.023624595469255664,0.023624595469255664,0.5773462783171521,0.6830097057375807,354.8,0.4529656598012256,0.7687162891046386,19.13700107874865,0.0,0.0
DOMAIN_TEMPLATE_OOD,0.02,BASE_EMB_MLP,0.05,0.023624595469255664,0.026429341963322545,0.5773462783171521,0.910683095630502,118.6,0.15140262392029027,0.6413160733549084,6.396979503775617,12.2,0.6580366774541524
DOMAIN_TEMPLATE_OOD,0.02,BASE_EMB_MLP,0.1,0.023624595469255664,0.026429341963322545,0.5773462783171521,0.8666662098054674,225.2,0.2875445702749121,0.6988133764832793,12.146709816612729,30.2,1.628910463861919
DOMAIN_TEMPLATE_OOD,0.02,BASE_EMB_MLP,0.2,0.023624595469255664,0.026429341963322545,0.5773462783171521,0.7479986630584902,388.6,0.49597065129433593,0.7869471413160734,20.96008629989212,33.8,1.82308522114347
DOMAIN_TEMPLATE_OOD,0.02,CONTRASTIVE_EMB_MLP,0.05,0.023624595469255664,0.018985976267529667,0.5773462783171521,0.8703609291672043,113.4,0.1445750912625447,0.6385113268608414,6.116504854368932,7.0,0.37756202804746675
DOMAIN_TEMPLATE_OOD,0.02,CONTRASTIVE_EMB_MLP,0.1,0.023624595469255664,0.018985976267529667,0.5773462783171521,0.8158446314205389,212.0,0.27057787904998876,0.6916936353829557,11.434735706580366,17.0,0.916936353829556
DOMAIN_TEMPLATE_OOD,0.02,CONTRASTIVE_EMB_MLP,0.2,0.023624595469255664,0.018985976267529667,0.5773462783171521,0.6942212262453271,360.6,0.46050437779324593,0.7718446601941749,19.449838187702262,5.8,0.31283710895361416
DOMAIN_TEMPLATE_OOD,0.02,DAPT_E2E,0.05,0.023624595469255664,0.017583603020496226,0.5773462783171521,0.9907435234717799,129.0,0.1647571106995324,0.646925566343042,6.957928802588995,22.6,1.2189859762675304
DOMAIN_TEMPLATE_OOD,0.02,DAPT_E2E,0.1,0.023624595469255664,0.017583603020496226,0.5773462783171521,0.9653852026640759,250.8,0.32040511765954005,0.7126213592233009,13.527508090614884,55.8,3.009708737864074
DOMAIN_TEMPLATE_OOD,0.02,DAPT_E2E,0.2,0.023624595469255664,0.017583603020496226,0.5773462783171521,0.896938393827455,465.8,0.5951579090460412,0.8285868392664509,25.124056094929877,111.0,5.987055016181229
DOMAIN_TEMPLATE_OOD,0.02,DAPT_EMB_MLP,0.05,0.023624595469255664,0.021143473570658038,0.5773462783171521,0.8980349413564536,117.0,0.14917030644693657,0.640453074433657,6.310679611650483,10.6,0.5717367853290178
DOMAIN_TEMPLATE_OOD,0.02,DAPT_EMB_MLP,0.1,0.023624595469255664,0.021143473570658038,0.5773462783171521,0.8460762402979765,220.0,0.28032783437890224,0.6960086299892125,11.866235167206037,25.0,1.3484358144552266
DOMAIN_TEMPLATE_OOD,0.02,DAPT_EMB_MLP,0.2,0.023624595469255664,0.021143473570658038,0.5773462783171521,0.7346627573835521,381.6,0.4874121576450395,0.7831715210355987,20.582524271844658,26.8,1.44552319309601
DOMAIN_TEMPLATE_OOD,0.02,T0_E2E,0.05,0.023624595469255664,0.020819848975188782,0.5773462783171521,0.9907070039215258,129.0,0.16473943875377497,0.646925566343042,6.957928802588993,22.6,1.2189859762675281
DOMAIN_TEMPLATE_OOD,0.02,T0_E2E,0.1,0.023624595469255664,0.020819848975188782,0.5773462783171521,0.9507313251138866,247.0,0.3155260488254781,0.710571736785329,13.322545846817693,52.0,2.804746494066883
DOMAIN_TEMPLATE_OOD,0.02,T0_E2E,0.2,0.023624595469255664,0.020819848975188782,0.5773462783171521,0.8685280700387825,451.0,0.5765173049495873,0.820604099244876,24.32578209277238,96.2,5.188781014023731
IID_BALANCED,0.005,B0_SELF,0.05,0.00718336483931947,0.00718336483931947,0.4551984877126654,0.9235200894303498,75.4,0.1308304695477931,0.5264650283553876,7.126654064272211,0.0,0.0
IID_BALANCED,0.005,B0_SELF,0.1,0.00718336483931947,0.00718336483931947,0.4551984877126654,0.9062667432437357,147.8,0.2564541656006257,0.5948960302457467,13.969754253308128,0.0,0.0
IID_BALANCED,0.005,B0_SELF,0.2,0.00718336483931947,0.00718336483931947,0.4551984877126654,0.8003505370622628,260.8,0.45222652550811465,0.7017013232514178,24.650283553875234,0.0,0.0
IID_BALANCED,0.005,BASE_EMB_MLP,0.05,0.00718336483931947,0.005103969754253308,0.4551984877126654,0.9804812163050303,80.0,0.1390342135419956,0.530812854442344,7.561436672967863,4.6,0.4347826086956519
IID_BALANCED,0.005,BASE_EMB_MLP,0.1,0.00718336483931947,0.005103969754253308,0.4551984877126654,0.9190621130796574,149.8,0.2603020975082434,0.5967863894139886,14.158790170132326,2.0,0.1890359168241984
IID_BALANCED,0.005,BASE_EMB_MLP,0.2,0.00718336483931947,0.005103969754253308,0.4551984877126654,0.8114625120289197,264.4,0.4585597445358019,0.7051039697542534,24.990548204158788,3.6,0.3402646502835527
IID_BALANCED,0.005,CONTRASTIVE_EMB_MLP,0.05,0.00718336483931947,0.00945179584120983,0.4551984877126654,0.8799014218793986,71.8,0.12476398558971376,0.5230623818525519,6.7863894139886565,-3.6,-0.3402646502835538
IID_BALANCED,0.005,CONTRASTIVE_EMB_MLP,0.1,0.00718336483931947,0.00945179584120983,0.4551984877126654,0.8342568604552308,136.0,0.2362248571477365,0.583742911153119,12.854442344045367,-11.8,-1.1153119092627595
IID_BALANCED,0.005,CONTRASTIVE_EMB_MLP,0.2,0.00718336483931947,0.00945179584120983,0.4551984877126654,0.7597924920445029,247.4,0.4298085776973436,0.6890359168241966,23.383742911153117,-13.4,-1.266540642722116
IID_BALANCED,0.005,DAPT_E2E,0.05,0.00718336483931947,0.010207939508506616,0.4551984877126654,0.9877703288786958,80.6,0.1400547109201728,0.5313799621928166,7.618147448015122,5.2,0.4914933837429114
IID_BALANCED,0.005,DAPT_E2E,0.1,0.00718336483931947,0.010207939508506616,0.4551984877126654,0.9707560930865224,158.2,0.2750033303505841,0.6047258979206049,14.952741020793951,10.4,0.9829867674858228
IID_BALANCED,0.005,DAPT_E2E,0.2,0.00718336483931947,0.010207939508506616,0.4551984877126654,0.9130520106751631,297.4,0.5162417920821666,0.7362948960302458,28.109640831758032,36.6,3.4593572778827975
IID_BALANCED,0.005,DAPT_EMB_MLP,0.05,0.00718336483931947,0.007561436672967864,0.4551984877126654,0.9606912937724917,78.4,0.1361629338606735,0.5293005671077504,7.4102079395085045,3.0,0.28355387523629316
IID_BALANCED,0.005,DAPT_EMB_MLP,0.1,0.00718336483931947,0.007561436672967864,0.4551984877126654,0.9090934630157687,148.2,0.25740973618487484,0.5952741020793951,14.007561436672969,0.4,0.0378071833648419
IID_BALANCED,0.005,DAPT_EMB_MLP,0.2,0.00718336483931947,0.007561436672967864,0.4551984877126654,0.7899800872854214,257.4,0.44643927168701303,0.6984877126654064,24.3289224952741,-3.4,-0.32136105860113506
IID_BALANCED,0.005,T0_E2E,0.05,0.00718336483931947,0.010775047258979206,0.4551984877126654,0.9926829268292682,81.0,0.140752167291343,0.531758034026465,7.655954631379961,5.6,0.5293005671077511
IID_BALANCED,0.005,T0_E2E,0.1,0.00718336483931947,0.010775047258979206,0.4551984877126654,0.962069613541485,156.8,0.27250634702755855,0.6034026465028355,14.82041587901701,9.0,0.850661625708884
IID_BALANCED,0.005,T0_E2E,0.2,0.00718336483931947,0.010775047258979206,0.4551984877126654,0.9002704763920606,293.2,0.5091002601113992,0.7323251417769376,27.71266540642722,32.4,3.0623818525519875
IID_BALANCED,0.01,B0_SELF,0.05,0.010586011342155009,0.010586011342155009,0.5071833648393195,0.8959371957156768,70.8,0.13573488992789823,0.5741020793950851,6.691871455576558,0.0,0.0
IID_BALANCED,0.01,B0_SELF,0.1,0.010586011342155009,0.010586011342155009,0.5071833648393195,0.8574058597945866,135.0,0.25878858833195684,0.6347826086956522,12.759924385633271,0.0,0.0
IID_BALANCED,0.01,B0_SELF,0.2,0.010586011342155009,0.010586011342155009,0.5071833648393195,0.7386470236536204,232.0,0.4447941987462203,0.7264650283553875,21.9281663516068,0.0,0.0
IID_BALANCED,0.01,BASE_EMB_MLP,0.05,0.010586011342155009,0.011720226843100189,0.5071833648393195,0.9594287568971114,75.8,0.14543297416683187,0.5788279773156899,7.1644612476370515,5.0,0.4725897920604938
IID_BALANCED,0.01,BASE_EMB_MLP,0.1,0.010586011342155009,0.011720226843100189,0.5071833648393195,0.8956868753137248,141.0,0.2704501754580523,0.640453686200378,13.327032136105856,6.0,0.5671077504725863
IID_BALANCED,0.01,BASE_EMB_MLP,0.2,0.010586011342155009,0.011720226843100189,0.5071833648393195,0.7627116996533851,239.6,0.45919902448627675,0.733648393194707,22.64650283553875,7.6,0.7183364839319495
IID_BALANCED,0.01,CONTRASTIVE_EMB_MLP,0.05,0.010586011342155009,0.015500945179584122,0.5071833648393195,0.8429965920155794,66.6,0.12777504711257878,0.5701323251417769,6.294896030245742,-4.2,-0.3969754253308144
IID_BALANCED,0.01,CONTRASTIVE_EMB_MLP,0.1,0.010586011342155009,0.015500945179584122,0.5071833648393195,0.8017326648339502,126.2,0.24208450034184198,0.6264650283553875,11.928166351606801,-8.8,-0.8317580340264685
IID_BALANCED,0.01,CONTRASTIVE_EMB_MLP,0.2,0.010586011342155009,0.015500945179584122,0.5071833648393195,0.7311976589936603,229.6,0.4404861634599264,0.7241965973534972,21.70132325141777,-2.4,-0.22684310018903586
IID_BALANCED,0.01,DAPT_E2E,0.05,0.010586011342155009,0.016635160680529303,0.5071833648393195,0.984872606296657,77.8,0.14931384471382894,0.5807183364839319,7.353497164461243,7.0,0.6616257088846855
IID_BALANCED,0.01,DAPT_E2E,0.1,0.010586011342155009,0.016635160680529303,0.5071833648393195,0.9505318789938958,149.6,0.2870847223666329,0.6485822306238186,14.139886578449904,14.6,1.379962192816635
IID_BALANCED,0.01,DAPT_E2E,0.2,0.010586011342155009,0.016635160680529303,0.5071833648393195,0.8799999231448066,276.4,0.52993040473664,0.7684310018903592,26.12476370510397,44.4,4.196597353497166
IID_BALANCED,0.01,DAPT_EMB_MLP,0.05,0.010586011342155009,0.014744801512287334,0.5071833648393195,0.9417697176241481,74.4,0.14278332731054544,0.5775047258979207,7.032136105860114,3.6,0.3402646502835571
IID_BALANCED,0.01,DAPT_EMB_MLP,0.1,0.010586011342155009,0.014744801512287334,0.5071833648393195,0.8653527827554728,136.2,0.2613749286675963,0.6359168241965973,12.873345935727787,1.2,0.11342155009451682
IID_BALANCED,0.01,DAPT_EMB_MLP,0.2,0.010586011342155009,0.014744801512287334,0.5071833648393195,0.7508545908675199,235.8,0.45230881577418103,0.7300567107750473,22.287334593572776,3.8,0.35916824196597474
IID_BALANCED,0.01,T0_E2E,0.05,0.010586011342155009,0.017013232514177697,0.5071833648393195,0.9949358974358974,78.6,0.15082046379363473,0.5814744801512287,7.429111531190922,7.8,0.7372400756143649
IID_BALANCED,0.01,T0_E2E,0.1,0.010586011342155009,0.017013232514177697,0.5071833648393195,0.94536375499684,148.8,0.2854775047366304,0.6478260869565218,14.064272211720226,13.8,1.3043478260869557
IID_BALANCED,0.01,T0_E2E,0.2,0.010586011342155009,0.017013232514177697,0.5071833648393195,0.8704745771614381,273.4,0.5242113950371088,0.7655954631379962,25.841209829867672,41.4,3.9130434782608687
IID_BALANCED,0.02,B0_SELF,0.05,0.02060491493383743,0.02060491493383743,0.5892249527410207,0.8087567567567568,60.0,0.13807153347067563,0.6459357277882798,5.671077504725896,0.0,0.0
IID_BALANCED,0.02,B0_SELF,0.1,0.02060491493383743,0.02060491493383743,0.5892249527410207,0.7168539173333037,105.8,0.2434372251048785,0.6892249527410208,9.999999999999996,0.0,0.0
IID_BALANCED,0.02,B0_SELF,0.2,0.02060491493383743,0.02060491493383743,0.5892249527410207,0.6116460809781141,180.2,0.4145956516316215,0.7595463137996219,17.032136105860115,0.0,0.0
IID_BALANCED,0.02,BASE_EMB_MLP,0.05,0.02060491493383743,0.02570888468809074,0.5892249527410207,0.9138378378378379,67.8,0.15601555900241892,0.6533081285444234,6.408317580340261,7.8,0.7372400756143649
IID_BALANCED,0.02,BASE_EMB_MLP,0.1,0.02060491493383743,0.02570888468809074,0.5892249527410207,0.8157800794905301,120.4,0.27711176256905434,0.7030245746691872,11.379962192816631,14.6,1.3799621928166372
IID_BALANCED,0.02,BASE_EMB_MLP,0.2,0.02060491493383743,0.02570888468809074,0.5892249527410207,0.6721734141773148,198.0,0.4558331799487981,0.7763705103969755,18.714555765595463,17.8,1.6824196597353502
IID_BALANCED,0.02,CONTRASTIVE_EMB_MLP,0.05,0.02060491493383743,0.028166351606805296,0.5892249527410207,0.7898018018018018,58.6,0.13486120063968698,0.6446124763705103,5.53875236294896,-1.4,-0.13232514177693666
IID_BALANCED,0.02,CONTRASTIVE_EMB_MLP,0.1,0.02060491493383743,0.028166351606805296,0.5892249527410207,0.7385949228231107,109.0,0.2508705941482654,0.692249527410208,10.302457466918714,3.2,0.30245746691871744
IID_BALANCED,0.02,CONTRASTIVE_EMB_MLP,0.2,0.02060491493383743,0.028166351606805296,0.5892249527410207,0.6714630076770496,197.8,0.45520712551805753,0.7761814744801512,18.695652173913043,17.6,1.6635160680529282
IID_BALANCED,0.02,DAPT_E2E,0.05,0.02060491493383743,0.02438563327032136,0.5892249527410207,0.964972972972973,71.6,0.1647723311238838,0.6568998109640832,6.767485822306239,11.6,1.0964083175803419
IID_BALANCED,0.02,DAPT_E2E,0.1,0.02060491493383743,0.02438563327032136,0.5892249527410207,0.9187606658843477,135.6,0.31212067546048394,0.717391304347826,12.816635160680528,29.8,2.816635160680534
IID_BALANCED,0.02,DAPT_E2E,0.2,0.02060491493383743,0.02438563327032136,0.5892249527410207,0.7705483368086976,227.0,0.5224675250842935,0.8037807183364839,21.455576559546312,46.8,4.4234404536862
IID_BALANCED,0.02,DAPT_EMB_MLP,0.05,0.02060491493383743,0.03232514177693761,0.5892249527410207,0.8948828828828829,66.4,0.15274991040765445,0.651984877126654,6.275992438563323,6.4,0.604914933837426
IID_BALANCED,0.02,DAPT_EMB_MLP,0.1,0.02060491493383743,0.03232514177693761,0.5892249527410207,0.7776481933241282,114.8,0.2640329489128585,0.6977315689981096,10.850661625708884,9.0,0.8506616257088883
IID_BALANCED,0.02,DAPT_EMB_MLP,0.2,0.02060491493383743,0.03232514177693761,0.5892249527410207,0.6638721569974617,195.6,0.4501445113151842,0.774102079395085,18.487712665406427,15.4,1.4555765595463122
IID_BALANCED,0.02,T0_E2E,0.05,0.02060491493383743,0.02646502835538752,0.5892249527410207,0.9515675675675677,70.6,0.16249863120791477,0.6559546313799622,6.672967863894139,10.6,1.0018903591682427
IID_BALANCED,0.02,T0_E2E,0.1,0.02060491493383743,0.02646502835538752,0.5892249527410207,0.9119944694728972,134.6,0.3098293153999795,0.7164461247637052,12.72211720226843,28.8,2.722117202268435
IID_BALANCED,0.02,T0_E2E,0.2,0.02060491493383743,0.02646502835538752,0.5892249527410207,0.7630190034139328,224.8,0.5172294940457876,0.8017013232514177,21.247637051039693,44.6,4.2155009451795795
IID_ORIGINAL,0.005,B0_SELF,0.05,0.005920722528850978,0.005920722528850978,0.4551984877126654,0.8624794119967651,111.0,0.19235451769527342,0.5601134215500945,10.49149338374291,0.0,0.0
IID_ORIGINAL,0.005,B0_SELF,0.1,0.005920722528850978,0.005920722528850978,0.4551984877126654,0.7832064022319469,200.8,0.348037826944403,0.6449905482041588,18.979206049149337,0.0,0.0
IID_ORIGINAL,0.005,B0_SELF,0.2,0.005920722528850978,0.005920722528850978,0.4551984877126654,0.5901167691622604,302.4,0.5238313629029806,0.7410207939508506,28.58223062381852,0.0,0.0
IID_ORIGINAL,0.005,BASE_EMB_MLP,0.05,0.005920722528850978,0.005218263923733066,0.4551984877126654,0.9051722382840348,116.4,0.20235966970149927,0.5652173913043479,11.001890359168241,5.4,0.5103969754253312
IID_ORIGINAL,0.005,BASE_EMB_MLP,0.1,0.005920722528850978,0.005218263923733066,0.4551984877126654,0.786576536766565,201.6,0.34986448162292816,0.6457466918714555,19.054820415879014,0.8,0.07561436672967936
IID_ORIGINAL,0.005,BASE_EMB_MLP,0.2,0.005920722528850978,0.005218263923733066,0.4551984877126654,0.6140585065524768,314.6,0.5454179521778573,0.7525519848771267,29.735349716446127,12.2,1.1531190926276014
IID_ORIGINAL,0.005,CONTRASTIVE_EMB_MLP,0.05,0.005920722528850978,0.007325639739086803,0.4551984877126654,0.7824555561543513,100.6,0.17500317352385528,0.5502835538752363,9.508506616257089,-10.4,-0.9829867674858228
IID_ORIGINAL,0.005,CONTRASTIVE_EMB_MLP,0.1,0.005920722528850978,0.007325639739086803,0.4551984877126654,0.6854546332008932,175.6,0.3053452264644491,0.62117202268431,16.597353497164463,-25.2,-2.3818525519848754
IID_ORIGINAL,0.005,CONTRASTIVE_EMB_MLP,0.2,0.005920722528850978,0.007325639739086803,0.4551984877126654,0.5913265723813111,302.8,0.5260723823872968,0.7413988657844991,28.620037807183365,0.4,0.0378071833648419
IID_ORIGINAL,0.005,DAPT_E2E,0.05,0.005920722528850978,0.007526342197691921,0.4551984877126654,0.9735690281053542,125.2,0.21763338919945543,0.5735349716446125,11.833648393194705,14.2,1.3421550094517953
IID_ORIGINAL,0.005,DAPT_E2E,0.1,0.005920722528850978,0.007526342197691921,0.4551984877126654,0.9031710889547485,231.4,0.4021812661030467,0.6739130434782609,21.871455576559548,30.6,2.892249527410209
IID_ORIGINAL,0.005,DAPT_E2E,0.2,0.005920722528850978,0.007526342197691921,0.4551984877126654,0.7084980725494014,363.0,0.6292141000346835,0.7982986767485822,34.31001890359168,60.6,5.727788279773158
IID_ORIGINAL,0.005,DAPT_EMB_MLP,0.05,0.005920722528850978,0.006221776216758655,0.4551984877126654,0.8959045856122791,115.2,0.20032091542923594,0.5640831758034026,10.888468809073723,4.2,0.3969754253308122
IID_ORIGINAL,0.005,DAPT_EMB_MLP,0.1,0.005920722528850978,0.006221776216758655,0.4551984877126654,0.7736281232137823,198.2,0.34451589010137046,0.6425330812854442,18.73345935727788,-2.6,-0.2457466918714557
IID_ORIGINAL,0.005,DAPT_EMB_MLP,0.2,0.005920722528850978,0.006221776216758655,0.4551984877126654,0.6103688183753969,312.8,0.5417342742642743,0.7508506616257089,29.56521739130435,10.4,0.9829867674858249
IID_ORIGINAL,0.005,T0_E2E,0.05,0.005920722528850978,0.007927747114902158,0.4551984877126654,0.973532114114952,125.2,0.2175973637791734,0.5735349716446125,11.833648393194705,14.2,1.3421550094517953
IID_ORIGINAL,0.005,T0_E2E,0.1,0.005920722528850978,0.007927747114902158,0.4551984877126654,0.8883982780385601,227.6,0.39570462751329405,0.6703213610586012,21.512287334593573,26.8,2.5330812854442364
IID_ORIGINAL,0.005,T0_E2E,0.2,0.005920722528850978,0.007927747114902158,0.4551984877126654,0.7042796447383922,360.8,0.6256220281668121,0.7962192816635161,34.10207939508506,58.4,5.5198487712665445
IID_ORIGINAL,0.01,B0_SELF,0.05,0.008830908178625188,0.008830908178625188,0.5071833648393195,0.8094152585765488,101.2,0.19394460329064425,0.602835538752363,9.565217391304344,0.0,0.0
IID_ORIGINAL,0.01,B0_SELF,0.1,0.008830908178625188,0.008830908178625188,0.5071833648393195,0.6926705581157193,173.2,0.3320265712168191,0.6708884688090737,16.370510396975426,0.0,0.0
IID_ORIGINAL,0.01,B0_SELF,0.2,0.008830908178625188,0.008830908178625188,0.5071833648393195,0.5260753246753247,263.0,0.5040479559995763,0.7557655954631379,24.85822306238185,0.0,0.0
IID_ORIGINAL,0.01,BASE_EMB_MLP,0.05,0.008830908178625188,0.011741093828399399,0.5071833648393195,0.8688104454685099,108.6,0.20842361922585967,0.6098298676748583,10.264650283553873,7.4,0.6994328922495296
IID_ORIGINAL,0.01,BASE_EMB_MLP,0.1,0.008830908178625188,0.011741093828399399,0.5071833648393195,0.72785273937532,182.0,0.34891504629217807,0.6792060491493384,17.20226843100189,8.8,0.8317580340264641
IID_ORIGINAL,0.01,BASE_EMB_MLP,0.2,0.008830908178625188,0.011741093828399399,0.5071833648393195,0.5696551226551227,284.8,0.5457453359796428,0.7763705103969755,26.918714555765593,21.8,2.060491493383745
IID_ORIGINAL,0.01,CONTRASTIVE_EMB_MLP,0.05,0.008830908178625188,0.013146011038635223,0.5071833648393195,0.739283973374296,92.4,0.17738668227765853,0.5945179584120983,8.733459357277882,-8.8,-0.831758034026462
IID_ORIGINAL,0.01,CONTRASTIVE_EMB_MLP,0.1,0.008830908178625188,0.013146011038635223,0.5071833648393195,0.6359911930363543,159.0,0.30502556172663653,0.6574669187145558,15.028355387523629,-14.2,-1.3421550094517953
IID_ORIGINAL,0.01,CONTRASTIVE_EMB_MLP,0.2,0.008830908178625188,0.013146011038635223,0.5071833648393195,0.5573844155844156,278.6,0.5343442104450065,0.7705103969754253,26.33270321361058,15.6,1.474480151228732
IID_ORIGINAL,0.01,DAPT_E2E,0.05,0.008830908178625188,0.014049172102358254,0.5071833648393195,0.9504755760368664,118.8,0.22809960971505702,0.6194706994328923,11.228733459357278,17.6,1.6635160680529348
IID_ORIGINAL,0.01,DAPT_E2E,0.1,0.008830908178625188,0.014049172102358254,0.5071833648393195,0.865494316436252,216.4,0.4149889852570599,0.7117202268431002,20.453686200378073,43.2,4.083175803402648
IID_ORIGINAL,0.01,DAPT_E2E,0.2,0.008830908178625188,0.014049172102358254,0.5071833648393195,0.6416712842712842,320.8,0.6148026326411667,0.8103969754253308,30.321361058601134,57.8,5.463137996219283
IID_ORIGINAL,0.01,DAPT_EMB_MLP,0.05,0.008830908178625188,0.012644254892122429,0.5071833648393195,0.8639848438300051,108.0,0.20725958554672036,0.6092627599243856,10.207939508506616,6.8,0.6427221172022723
IID_ORIGINAL,0.01,DAPT_EMB_MLP,0.1,0.008830908178625188,0.012644254892122429,0.5071833648393195,0.7127868919610856,178.2,0.34201682414338397,0.6756143667296787,16.843100189035916,5.0,0.47258979206049156
IID_ORIGINAL,0.01,DAPT_EMB_MLP,0.2,0.008830908178625188,0.012644254892122429,0.5071833648393195,0.5612727272727274,280.6,0.5379611436228551,0.7724007561436672,26.521739130434774,17.6,1.663516068052926
IID_ORIGINAL,0.01,T0_E2E,0.05,0.008830908178625188,0.014049172102358254,0.5071833648393195,0.9375858678955453,117.2,0.22490237328692686,0.6179584120982986,11.077504725897917,16.0,1.512287334593574
IID_ORIGINAL,0.01,T0_E2E,0.1,0.008830908178625188,0.014049172102358254,0.5071833648393195,0.8510877624167946,212.8,0.4080571056821912,0.7083175803402646,20.113421550094515,39.6,3.7429111531190906
IID_ORIGINAL,0.01,T0_E2E,0.2,0.008830908178625188,0.014049172102358254,0.5071833648393195,0.6365209235209235,318.2,0.6100096256870509,0.8079395085066162,30.075614366729678,55.2,5.217391304347825
IID_ORIGINAL,0.02,B0_SELF,0.05,0.018665328650275967,0.018665328650275967,0.5892249527410207,0.6333506956501609,76.0,0.1748434706110678,0.6610586011342156,7.183364839319471,0.0,0.0
IID_ORIGINAL,0.02,B0_SELF,0.1,0.018665328650275967,0.018665328650275967,0.5892249527410207,0.535526659543138,128.2,0.2950481086841904,0.7103969754253308,12.117202268431003,0.0,0.0
IID_ORIGINAL,0.02,B0_SELF,0.2,0.018665328650275967,0.018665328650275967,0.5892249527410207,0.41457383862398595,198.4,0.45662738690658966,0.7767485822306238,18.7523629489603,0.0,0.0
IID_ORIGINAL,0.02,BASE_EMB_MLP,0.05,0.018665328650275967,0.024586051179126944,0.5892249527410207,0.7785075352455031,93.4,0.2149321076053293,0.6775047258979205,8.827977315689981,17.4,1.6446124763705108
IID_ORIGINAL,0.02,BASE_EMB_MLP,0.1,0.018665328650275967,0.024586051179126944,0.5892249527410207,0.6266128753451067,150.0,0.3452843048643148,0.7310018903591683,14.177693761814743,21.8,2.0604914933837426
IID_ORIGINAL,0.02,BASE_EMB_MLP,0.2,0.018665328650275967,0.024586051179126944,0.5892249527410207,0.48560084260023617,232.4,0.5349823421544657,0.8088846880907372,21.965973534971646,34.0,3.213610586011346
IID_ORIGINAL,0.02,CONTRASTIVE_EMB_MLP,0.05,0.018665328650275967,0.026091319618665332,0.5892249527410207,0.6567669051091511,78.8,0.1812634020012074,0.6637051039697542,7.448015122873346,2.8,0.26465028355387554
IID_ORIGINAL,0.02,CONTRASTIVE_EMB_MLP,0.1,0.018665328650275967,0.026091319618665332,0.5892249527410207,0.5714892377722283,136.8,0.31476804905497613,0.7185255198487713,12.930056710775045,8.6,0.8128544423440441
IID_ORIGINAL,0.02,CONTRASTIVE_EMB_MLP,0.2,0.018665328650275967,0.026091319618665332,0.5892249527410207,0.48978385094404037,234.4,0.5394802439777994,0.8107750472589792,22.15500945179584,36.0,3.40264650283554
IID_ORIGINAL,0.02,DAPT_E2E,0.05,0.018665328650275967,0.022579026593075764,0.5892249527410207,0.8734129684931824,104.8,0.2412025390730334,0.6882797731568997,9.905482041587899,28.8,2.722117202268428
IID_ORIGINAL,0.02,DAPT_E2E,0.1,0.018665328650275967,0.022579026593075764,0.5892249527410207,0.7619910757233326,182.4,0.41989322486218644,0.7616257088846881,17.240075614366727,54.2,5.122873345935726
IID_ORIGINAL,0.02,DAPT_E2E,0.2,0.018665328650275967,0.022579026593075764,0.5892249527410207,0.5152545295177073,246.6,0.5676521343369563,0.8223062381852552,23.308128544423443,48.2,4.555765595463141
IID_ORIGINAL,0.02,DAPT_EMB_MLP,0.05,0.018665328650275967,0.027496236828901156,0.5892249527410207,0.735047225501771,88.2,0.2028798330186008,0.6725897920604915,8.336483931947068,12.2,1.153119092627597
IID_ORIGINAL,0.02,DAPT_EMB_MLP,0.1,0.018665328650275967,0.027496236828901156,0.5892249527410207,0.5964275505337466,142.8,0.3285036130515669,0.7241965973534972,13.497164461247635,14.6,1.3799621928166328
IID_ORIGINAL,0.02,DAPT_EMB_MLP,0.2,0.018665328650275967,0.027496236828901156,0.5892249527410207,0.47340335740478456,226.6,0.5216338007386583,0.8034026465028357,21.417769376181475,28.2,2.6654064272211775
IID_ORIGINAL,0.02,T0_E2E,0.05,0.018665328650275967,0.025087807325639738,0.5892249527410207,0.8668154038474893,104.0,0.23941915489244928,0.687523629489603,9.829867674858225,28.0,2.646502835538753
IID_ORIGINAL,0.02,T0_E2E,0.1,0.018665328650275967,0.025087807325639738,0.5892249527410207,0.7561333644379816,181.0,0.4166421901127889,0.7603024574669186,17.10775047258979,52.8,4.990548204158786
IID_ORIGINAL,0.02,T0_E2E,0.2,0.018665328650275967,0.025087807325639738,0.5892249527410207,0.5202761600129691,249.0,0.5729311879636283,0.8245746691871455,23.534971644612472,50.6,4.782608695652174
TEMPLATE_OOD,0.005,B0_SELF,0.05,0.005152224824355972,0.005152224824355972,0.48963700234192037,0.9481938179043933,244.4,0.1409047939633204,0.5611826697892272,7.15456674473068,0.0,0.0
TEMPLATE_OOD,0.005,B0_SELF,0.1,0.005152224824355972,0.005152224824355972,0.48963700234192037,0.9310238051975424,479.6,0.27613947757495777,0.6300351288056205,14.03981264637002,0.0,0.0
TEMPLATE_OOD,0.005,B0_SELF,0.2,0.005152224824355972,0.005152224824355972,0.48963700234192037,0.8608647189205987,887.8,0.5091061353032519,0.7495316159250585,25.989461358313815,0.0,0.0
TEMPLATE_OOD,0.005,BASE_EMB_MLP,0.05,0.005152224824355972,0.0052693208430913355,0.48963700234192037,0.9545544306053572,246.0,0.14189926202664527,0.5616510538641686,7.201405152224821,1.6,0.04683840749414192
TEMPLATE_OOD,0.005,BASE_EMB_MLP,0.1,0.005152224824355972,0.0052693208430913355,0.48963700234192037,0.9292921650053136,478.6,0.2757505690797075,0.6297423887587822,14.010538641686182,-1.0,-0.029274004683839117
TEMPLATE_OOD,0.005,BASE_EMB_MLP,0.2,0.005152224824355972,0.0052693208430913355,0.48963700234192037,0.8580609730885543,884.0,0.5084511177432709,0.7484192037470725,25.878220140515218,-3.8,-0.11124121779859664
TEMPLATE_OOD,0.005,CONTRASTIVE_EMB_MLP,0.05,0.005152224824355972,0.0055620608899297425,0.48963700234192037,0.9279589125496146,239.0,0.1381015494909283,0.5596018735362998,6.99648711943794,-5.4,-0.15807962529273967
TEMPLATE_OOD,0.005,CONTRASTIVE_EMB_MLP,0.1,0.005152224824355972,0.0055620608899297425,0.48963700234192037,0.9016311971287678,464.0,0.26793045500233054,0.6254683840749415,13.583138173302107,-15.6,-0.4566744730679151
TEMPLATE_OOD,0.005,CONTRASTIVE_EMB_MLP,0.2,0.005152224824355972,0.0055620608899297425,0.48963700234192037,0.7902904523204286,813.8,0.46871586305324875,0.7278688524590164,23.823185011709597,-74.0,-2.1662763466042168
TEMPLATE_OOD,0.005,DAPT_E2E,0.05,0.005152224824355972,0.005035128805620609,0.48963700234192037,0.9891876623874735,254.8,0.14717318726966738,0.5642271662763466,7.459016393442623,10.4,0.30444964871194413
TEMPLATE_OOD,0.005,DAPT_E2E,0.1,0.005152224824355972,0.005035128805620609,0.48963700234192037,0.9836320653131196,506.2,0.2922902646097093,0.6378220140515223,14.818501170960186,26.6,0.7786885245901654
TEMPLATE_OOD,0.005,DAPT_E2E,0.2,0.005152224824355972,0.005035128805620609,0.48963700234192037,0.9490312804069927,976.8,0.5633610989704355,0.7755854800936769,28.594847775175644,89.0,2.605386416861828
TEMPLATE_OOD,0.005,DAPT_EMB_MLP,0.05,0.005152224824355972,0.004625292740046838,0.48963700234192037,0.9523536631234986,245.4,0.14161761708776283,0.5614754098360656,7.18384074941452,1.0,0.029274004683840227
TEMPLATE_OOD,0.005,DAPT_EMB_MLP,0.1,0.005152224824355972,0.004625292740046838,0.48963700234192037,0.9263950903890257,477.0,0.2750267968310346,0.6292740046838408,13.963700234192036,-2.6,-0.07611241217798659
TEMPLATE_OOD,0.005,DAPT_EMB_MLP,0.2,0.005152224824355972,0.004625292740046838,0.48963700234192037,0.8455108270455568,871.4,0.5006792741505965,0.7447306791569087,25.509367681498823,-16.4,-0.48009367681498993
TEMPLATE_OOD,0.005,T0_E2E,0.05,0.005152224824355972,0.004274004683840749,0.48963700234192037,0.9954168764612265,256.4,0.14810482525498994,0.564695550351288,7.505854800936765,12.0,0.35128805620608605
TEMPLATE_OOD,0.005,T0_E2E,0.1,0.005152224824355972,0.004274004683840749,0.48963700234192037,0.9777882457684045,503.2,0.29055111723807736,0.636943793911007,14.73067915690866,23.6,0.6908665105386413
TEMPLATE_OOD,0.005,T0_E2E,0.2,0.005152224824355972,0.004274004683840749,0.48963700234192037,0.9388863129332725,966.4,0.5572888940474087,0.7725409836065573,28.290398126463696,78.6,2.3009367681498816
TEMPLATE_OOD,0.01,B0_SELF,0.05,0.008021077283372365,0.008021077283372365,0.5543325526932084,0.9200565609124796,226.4,0.14904474681558227,0.6206088992974239,6.627634660421546,0.0,0.0
TEMPLATE_OOD,0.01,B0_SELF,0.1,0.008021077283372365,0.008021077283372365,0.5543325526932084,0.892116966073879,438.8,0.28827214214729585,0.6827868852459017,12.845433255269322,0.0,0.0
TEMPLATE_OOD,0.01,B0_SELF,0.2,0.008021077283372365,0.008021077283372365,0.5543325526932084,0.8045103730911988,791.4,0.5193215957580928,0.7860070257611241,23.16744730679157,0.0,0.0
TEMPLATE_OOD,0.01,BASE_EMB_MLP,0.05,0.008021077283372365,0.011416861826697893,0.5543325526932084,0.939932301499805,231.2,0.1523879034212384,0.6220140515222482,6.768149882903984,4.8,0.14051522248243797
TEMPLATE_OOD,0.01,BASE_EMB_MLP,0.1,0.008021077283372365,0.011416861826697893,0.5543325526932084,0.9186496308314762,451.6,0.2971997433486428,0.6865339578454333,13.220140515222486,12.8,0.374707259953162
TEMPLATE_OOD,0.01,BASE_EMB_MLP,0.2,0.008021077283372365,0.011416861826697893,0.5543325526932084,0.8145187398414528,800.8,0.5263941031318893,0.7887587822014052,23.442622950819672,9.4,0.2751756440281028
TEMPLATE_OOD,0.01,CONTRASTIVE_EMB_MLP,0.05,0.008021077283372365,0.008489461358313816,0.5543325526932084,0.9157985044204263,225.2,0.14854918545475737,0.6202576112412178,6.592505854800936,-1.2,-0.03512880562061005
TEMPLATE_OOD,0.01,CONTRASTIVE_EMB_MLP,0.1,0.008021077283372365,0.008489461358313816,0.5543325526932084,0.8690071304586764,427.0,0.2814418175985945,0.6793325526932085,12.500000000000004,-11.8,-0.34543325526932067
TEMPLATE_OOD,0.01,CONTRASTIVE_EMB_MLP,0.2,0.008021077283372365,0.008489461358313816,0.5543325526932084,0.7451854060058685,732.6,0.4816661044260469,0.7687939110070258,21.446135831381735,-58.8,-1.7213114754098324
TEMPLATE_OOD,0.01,DAPT_E2E,0.05,0.008021077283372365,0.010245901639344263,0.5543325526932084,0.9918394119263088,244.0,0.16075420385418837,0.6257611241217799,7.142857142857144,17.6,0.5152224824355978
TEMPLATE_OOD,0.01,DAPT_E2E,0.1,0.008021077283372365,0.010245901639344263,0.5543325526932084,0.9766055377266026,480.0,0.31610213903408135,0.6948477751756441,14.051522248243563,41.2,1.206088992974239
TEMPLATE_OOD,0.01,DAPT_E2E,0.2,0.008021077283372365,0.010245901639344263,0.5543325526932084,0.9269603007886615,911.2,0.599275019895766,0.8210772833723654,26.67447306791569,119.8,3.5070257611241233
TEMPLATE_OOD,0.01,DAPT_EMB_MLP,0.05,0.008021077283372365,0.008372365339578455,0.5543325526932084,0.9399211874721416,231.2,0.15237256275828132,0.6220140515222482,6.768149882903982,4.8,0.14051522248243575
TEMPLATE_OOD,0.01,DAPT_EMB_MLP,0.1,0.008021077283372365,0.008372365339578455,0.5543325526932084,0.9071823290965637,445.8,0.29370831387425683,0.6848360655737705,13.05035128805621,7.0,0.20491803278688492
TEMPLATE_OOD,0.01,DAPT_EMB_MLP,0.2,0.008021077283372365,0.008372365339578455,0.5543325526932084,0.7989103950579531,785.8,0.5158389322896658,0.7843676814988291,23.003512880562063,-5.6,-0.16393442622950616
TEMPLATE_OOD,0.01,T0_E2E,0.05,0.008021077283372365,0.009660421545667448,0.5543325526932084,0.9943015369377083,244.6,0.16116478436196308,0.6259367681498829,7.1604215456674485,18.2,0.5327868852459017
TEMPLATE_OOD,0.01,T0_E2E,0.1,0.008021077283372365,0.009660421545667448,0.5543325526932084,0.9664904474869142,475.0,0.3128864895418081,0.6933840749414519,13.905152224824354,36.2,1.0597189695550324
TEMPLATE_OOD,0.01,T0_E2E,0.2,0.008021077283372365,0.009660421545667448,0.5543325526932084,0.9166798086874058,901.2,0.592501439483567,0.8181498829039813,26.381733021077288,109.8,3.214285714285716
TEMPLATE_OOD,0.02,B0_SELF,0.05,0.018325526932084307,0.018325526932084307,0.6616510538641686,0.8367706661682348,189.2,0.16365745805705334,0.7170374707259952,5.538641686182666,0.0,0.0
TEMPLATE_OOD,0.02,B0_SELF,0.1,0.018325526932084307,0.018325526932084307,0.6616510538641686,0.7548020287799424,341.0,0.2951152598063174,0.7614754098360657,9.982435597189696,0.0,0.0
TEMPLATE_OOD,0.02,B0_SELF,0.2,0.018325526932084307,0.018325526932084307,0.6616510538641686,0.6708158459510802,605.6,0.5239727616444586,0.8389344262295083,17.728337236533957,0.0,0.0
TEMPLATE_OOD,0.02,BASE_EMB_MLP,0.05,0.018325526932084307,0.021311475409836068,0.6616510538641686,0.909617405979969,205.6,0.17811303275621446,0.7218384074941453,6.01873536299766,16.4,0.4800936768149944
TEMPLATE_OOD,0.02,BASE_EMB_MLP,0.1,0.018325526932084307,0.021311475409836068,0.6616510538641686,0.8502075845598821,384.0,0.332624208699856,0.774063231850117,11.24121779859485,43.0,1.2587822014051553
TEMPLATE_OOD,0.02,BASE_EMB_MLP,0.2,0.018325526932084307,0.021311475409836068,0.6616510538641686,0.7045957568766242,636.0,0.5505476839914244,0.8478337236533958,18.618266978922716,30.4,0.8899297423887574
TEMPLATE_OOD,0.02,CONTRASTIVE_EMB_MLP,0.05,0.018325526932084307,0.017388758782201405,0.6616510538641686,0.8565265227666166,193.6,0.16768556219798486,0.7183255269320843,5.667447306791568,4.4,0.12880562060890277
TEMPLATE_OOD,0.02,CONTRASTIVE_EMB_MLP,0.1,0.018325526932084307,0.017388758782201405,0.6616510538641686,0.781330903036091,352.8,0.3058495784366196,0.7649297423887588,10.327868852459016,11.8,0.3454332552693229
TEMPLATE_OOD,0.02,CONTRASTIVE_EMB_MLP,0.2,0.018325526932084307,0.017388758782201405,0.6616510538641686,0.6461912944939614,583.2,0.5051494275615253,0.8323770491803278,17.07259953161593,-22.4,-0.6557377049180313
TEMPLATE_OOD,0.02,DAPT_E2E,0.05,0.018325526932084307,0.019262295081967213,0.6616510538641686,0.9814287614632826,221.8,0.19222620738034463,0.7265807962529275,6.492974238875879,32.6,0.9543325526932133
TEMPLATE_OOD,0.02,DAPT_E2E,0.1,0.018325526932084307,0.019262295081967213,0.6616510538641686,0.9429836727975648,425.8,0.3692239910386276,0.7862997658079626,12.464871194379393,84.8,2.4824355971896983
TEMPLATE_OOD,0.02,DAPT_E2E,0.2,0.018325526932084307,0.019262295081967213,0.6616510538641686,0.8542592154987034,770.8,0.6681599470183306,0.8872950819672131,22.564402810304447,165.2,4.836065573770489
TEMPLATE_OOD,0.02,DAPT_EMB_MLP,0.05,0.018325526932084307,0.017857142857142856,0.6616510538641686,0.8950692428352106,202.4,0.17504329125224222,0.7209016393442622,5.925058548009368,13.2,0.38641686182670165
TEMPLATE_OOD,0.02,DAPT_EMB_MLP,0.1,0.018325526932084307,0.017857142857142856,0.6616510538641686,0.8281017204182461,374.2,0.3235806059609261,0.7711943793911007,10.954332552693206,33.2,0.9718969555035128
TEMPLATE_OOD,0.02,DAPT_EMB_MLP,0.2,0.018325526932084307,0.017857142857142856,0.6616510538641686,0.6985453845108096,630.4,0.5462393161661052,0.8461943793911008,18.454332552693206,24.8,0.7259953161592492
TEMPLATE_OOD,0.02,T0_E2E,0.05,0.018325526932084307,0.020140515222482436,0.6616510538641686,0.9743600436378246,220.2,0.19086057114127883,0.7261124121779859,6.446135831381731,31.0,0.9074941451990659
TEMPLATE_OOD,0.02,T0_E2E,0.1,0.018325526932084307,0.020140515222482436,0.6616510538641686,0.9337737397320737,421.6,0.3657223778249978,0.7850702576112412,12.34192037470726,80.6,2.3594847775175665
TEMPLATE_OOD,0.02,T0_E2E,0.2,0.018325526932084307,0.020140515222482436,0.6616510538641686,0.8354225310572572,753.8,0.6534987193556387,0.8823185011709602,22.066744730679158,148.2,4.3384074941451995
TEMPORAL,0.005,B0_SELF,0.05,0.0046,0.0046,0.5103,0.9508416838588858,283.2,0.14527094319055558,0.5811,7.080000000000003,0.0,0.0
TEMPORAL,0.005,B0_SELF,0.1,0.0046,0.0046,0.5103,0.9307006683006872,554.0,0.2839369712133413,0.6488,13.850000000000005,0.0,0.0
TEMPORAL,0.005,B0_SELF,0.2,0.0046,0.0046,0.5103,0.8608515460433097,1025.6,0.5236692845592683,0.7666999999999999,25.639999999999997,0.0,0.0
TEMPORAL,0.005,BASE_EMB_MLP,0.05,0.0046,0.00515,0.5103,0.9518156776903975,283.4,0.14552696265679418,0.58115,7.0850000000000035,0.2,0.00500000000000167
TEMPORAL,0.005,BASE_EMB_MLP,0.1,0.0046,0.00515,0.5103,0.928409513862537,552.4,0.28349238661965565,0.6484,13.810000000000006,-1.6,-0.040000000000000036
TEMPORAL,0.005,BASE_EMB_MLP,0.2,0.0046,0.00515,0.5103,0.8517506680948616,1013.8,0.5191082084787872,0.76375,25.345000000000002,-11.8,-0.2949999999999986
TEMPORAL,0.005,CONTRASTIVE_EMB_MLP,0.05,0.0046,0.0059499999999999996,0.5103,0.9195774259318643,273.6,0.14077595048907657,0.5787,6.840000000000003,-9.6,-0.239999999999998
TEMPORAL,0.005,CONTRASTIVE_EMB_MLP,0.1,0.0046,0.0059499999999999996,0.5103,0.8846542303422055,526.0,0.27049556573607775,0.6418,13.150000000000002,-28.0,-0.7000000000000028
TEMPORAL,0.005,CONTRASTIVE_EMB_MLP,0.2,0.0046,0.0059499999999999996,0.5103,0.773861301534246,920.6,0.47215203254859334,0.74045,23.015000000000004,-105.0,-2.6249999999999973
TEMPORAL,0.005,DAPT_E2E,0.05,0.0046,0.0058,0.5103,0.9892863362098362,294.4,0.15139444565058208,0.5839,7.359999999999999,11.2,0.27999999999999803
TEMPORAL,0.005,DAPT_E2E,0.1,0.0046,0.0058,0.5103,0.980061856355326,582.8,0.29960255953544007,0.656,14.570000000000004,28.8,0.7199999999999984
TEMPORAL,0.005,DAPT_E2E,0.2,0.0046,0.0058,0.5103,0.9353651902071617,1112.4,0.57102257826924,0.7884,27.810000000000002,86.8,2.170000000000003
TEMPORAL,0.005,DAPT_EMB_MLP,0.05,0.0046,0.0047,0.5103,0.9492971360094881,282.6,0.1451881711345569,0.58095,7.065,-0.6,-0.015000000000000568
TEMPORAL,0.005,DAPT_EMB_MLP,0.1,0.0046,0.0047,0.5103,0.9261110849407025,551.0,0.2828271023760255,0.64805,13.775000000000002,-3.0,-0.07500000000000062
TEMPORAL,0.005,DAPT_EMB_MLP,0.2,0.0046,0.0047,0.5103,0.8398270761874957,1000.0,0.5114634499797712,0.7603,25.0,-25.6,-0.6399999999999983
TEMPORAL,0.005,T0_E2E,0.05,0.0046,0.0053,0.5103,0.9960351839860037,296.4,0.15243476769130263,0.5844,7.410000000000004,13.2,0.3300000000000014
TEMPORAL,0.005,T0_E2E,0.1,0.0046,0.0053,0.5103,0.9723998293258058,578.2,0.2973122484221321,0.65485,14.455000000000004,24.2,0.605
TEMPORAL,0.005,T0_E2E,0.2,0.0046,0.0053,0.5103,0.9245118086393118,1099.4,0.5644824186971416,0.78515,27.485000000000003,73.8,1.845000000000003
TEMPORAL,0.01,B0_SELF,0.05,0.007300000000000001,0.007300000000000001,0.57435,0.9208848964420475,261.6,0.15399839118398853,0.63975,6.5399999999999965,0.0,0.0
TEMPORAL,0.01,B0_SELF,0.1,0.007300000000000001,0.007300000000000001,0.57435,0.8906127436587269,506.0,0.2971975686380145,0.70085,12.649999999999999,0.0,0.0
TEMPORAL,0.01,B0_SELF,0.2,0.007300000000000001,0.007300000000000001,0.57435,0.8011258366476856,910.6,0.5343373737222008,0.8019999999999999,22.764999999999997,0.0,0.0
TEMPORAL,0.01,BASE_EMB_MLP,0.05,0.007300000000000001,0.0113,0.57435,0.9408104978741427,267.2,0.1574176531106281,0.64115,6.68,5.6,0.14000000000000234
TEMPORAL,0.01,BASE_EMB_MLP,0.1,0.007300000000000001,0.0113,0.57435,0.9133246592601024,518.6,0.30517658591769764,0.704,12.965,12.6,0.31500000000000083
TEMPORAL,0.01,BASE_EMB_MLP,0.2,0.007300000000000001,0.0113,0.57435,0.8034048745784845,912.8,0.5363424861779713,0.8025499999999999,22.82,2.2,0.055000000000000604
TEMPORAL,0.01,CONTRASTIVE_EMB_MLP,0.05,0.007300000000000001,0.0098,0.57435,0.9025397629623093,256.2,0.151142298934082,0.6384000000000001,6.4049999999999985,-5.4,-0.13499999999999845
TEMPORAL,0.01,CONTRASTIVE_EMB_MLP,0.1,0.007300000000000001,0.0098,0.57435,0.849931014660269,482.4,0.28425138811875733,0.6949500000000001,12.059999999999999,-23.6,-0.5899999999999994
TEMPORAL,0.01,CONTRASTIVE_EMB_MLP,0.2,0.007300000000000001,0.0098,0.57435,0.7258890475762051,824.6,0.48478407458357536,0.7805,20.615,-86.0,-2.1499999999999986
TEMPORAL,0.01,DAPT_E2E,0.05,0.007300000000000001,0.01205,0.57435,0.9901137441938317,281.2,0.16564787345598836,0.6446500000000001,7.0299999999999985,19.6,0.49000000000000155
TEMPORAL,0.01,DAPT_E2E,0.1,0.007300000000000001,0.01205,0.57435,0.9663502484720807,548.6,0.3230396372703471,0.7115,13.714999999999998,42.6,1.0650000000000004
TEMPORAL,0.01,DAPT_E2E,0.2,0.007300000000000001,0.01205,0.57435,0.910797303515492,1034.6,0.6083201852913499,0.833,25.865,124.0,3.1000000000000028
TEMPORAL,0.01,DAPT_EMB_MLP,0.05,0.007300000000000001,0.0087,0.57435,0.9372340045591818,266.2,0.1567866642956079,0.6409,6.6549999999999985,4.6,0.11500000000000066
TEMPORAL,0.01,DAPT_EMB_MLP,0.1,0.007300000000000001,0.0087,0.57435,0.905163632661566,513.8,0.3026455928666932,0.7028,12.844999999999999,7.8,0.1949999999999985
TEMPORAL,0.01,DAPT_EMB_MLP,0.2,0.007300000000000001,0.0087,0.57435,0.7879991648631328,895.6,0.5256895772982717,0.79825,22.389999999999997,-15.0,-0.37499999999999867
TEMPORAL,0.01,T0_E2E,0.05,0.007300000000000001,0.01195,0.57435,0.9922550639759589,281.8,0.16602112654522025,0.6447999999999999,7.044999999999997,20.2,0.5049999999999999
TEMPORAL,0.01,T0_E2E,0.1,0.007300000000000001,0.01195,0.57435,0.9544321514767417,541.8,0.319119135696681,0.7098000000000001,13.545000000000002,35.8,0.8950000000000035
TEMPORAL,0.01,T0_E2E,0.2,0.007300000000000001,0.01195,0.57435,0.8988778882411573,1021.2,0.6001992371769566,0.82965,25.529999999999998,110.6,2.7649999999999997
TEMPORAL,0.02,B0_SELF,0.05,0.017099999999999997,0.017099999999999997,0.6769499999999999,0.8323341246619969,217.8,0.1685798688633831,0.7314,5.445,0.0,0.0
TEMPORAL,0.02,B0_SELF,0.1,0.017099999999999997,0.017099999999999997,0.6769499999999999,0.7517158357154808,393.2,0.30452158832196413,0.77525,9.830000000000004,0.0,0.0
TEMPORAL,0.02,B0_SELF,0.2,0.017099999999999997,0.017099999999999997,0.6769499999999999,0.6659919030785296,696.4,0.5390819849042117,0.8510500000000001,17.41,0.0,0.0
TEMPORAL,0.02,BASE_EMB_MLP,0.05,0.017099999999999997,0.0214,0.6769499999999999,0.9059492835751035,237.0,0.18368156700754396,0.7362,5.925,19.2,0.4800000000000004
TEMPORAL,0.02,BASE_EMB_MLP,0.1,0.017099999999999997,0.0214,0.6769499999999999,0.8439954235939939,441.4,0.34207850443526383,0.7873,11.035,48.2,1.2049999999999983
TEMPORAL,0.02,BASE_EMB_MLP,0.2,0.017099999999999997,0.0214,0.6769499999999999,0.6903245650618348,721.8,0.5588623968410162,0.8573999999999999,18.045,25.4,0.6350000000000033
TEMPORAL,0.02,CONTRASTIVE_EMB_MLP,0.05,0.017099999999999997,0.019950000000000002,0.6769499999999999,0.8316683993555621,217.6,0.16847305296471396,0.7313500000000001,5.440000000000003,-0.2,-0.004999999999997229
TEMPORAL,0.02,CONTRASTIVE_EMB_MLP,0.1,0.017099999999999997,0.019950000000000002,0.6769499999999999,0.7587569765963217,396.8,0.3075193646198425,0.77615,9.92,3.6,0.08999999999999675
TEMPORAL,0.02,CONTRASTIVE_EMB_MLP,0.2,0.017099999999999997,0.019950000000000002,0.6769499999999999,0.6243930356414483,652.8,0.5056567591449157,0.8401500000000001,16.320000000000004,-43.6,-1.0899999999999954
TEMPORAL,0.02,DAPT_E2E,0.05,0.017099999999999997,0.0217,0.6769499999999999,0.9747417920632033,255.0,0.19758627821102098,0.7407,6.375000000000004,37.2,0.9300000000000042
TEMPORAL,0.02,DAPT_E2E,0.1,0.017099999999999997,0.0217,0.6769499999999999,0.9248137205712128,483.6,0.3749927641764469,0.7978500000000001,12.090000000000003,90.4,2.26
TEMPORAL,0.02,DAPT_E2E,0.2,0.017099999999999997,0.0217,0.6769499999999999,0.8347990636687401,872.6,0.6764020127315129,0.8951,21.815000000000005,176.2,4.405000000000003
TEMPORAL,0.02,DAPT_EMB_MLP,0.05,0.017099999999999997,0.018,0.6769499999999999,0.8919330580915062,233.4,0.18067142272575357,0.7353,5.8350000000000035,15.6,0.3900000000000037
TEMPORAL,0.02,DAPT_EMB_MLP,0.1,0.017099999999999997,0.018,0.6769499999999999,0.8241985715538338,431.2,0.33373295714121365,0.7847500000000001,10.780000000000001,38.0,0.9499999999999975
TEMPORAL,0.02,DAPT_EMB_MLP,0.2,0.017099999999999997,0.018,0.6769499999999999,0.6843623740489275,715.4,0.5544822320221189,0.8558,17.884999999999998,19.0,0.475000000000001
TEMPORAL,0.02,T0_E2E,0.05,0.017099999999999997,0.0229,0.6769499999999999,0.9611382412173072,251.4,0.19493852103883677,0.7398,6.285000000000003,33.6,0.8400000000000031
TEMPORAL,0.02,T0_E2E,0.1,0.017099999999999997,0.0229,0.6769499999999999,0.9111812174118425,476.4,0.36961410349870405,0.7960499999999999,11.91,83.2,2.0799999999999974
TEMPORAL,0.02,T0_E2E,0.2,0.017099999999999997,0.0229,0.6769499999999999,0.819492047308082,856.6,0.6640532922195908,0.8911,21.415000000000003,160.2,4.005000000000003
