contrast,strategy,scenario,label_budget,target_fpr,metric,n_seeds,mean_difference,sd_difference,ci95_low,ci95_high,exact_signflip_p_two_sided,cohen_dz,wins,ties,losses
DAPT_minus_T0,RANDOM_GLOBAL,IID_ORIGINAL,0.25,0.005,recall,10,-0.02778827977315691,0.06402648952370454,-0.07359007122012906,0.01801351167381524,0.216796875,-0.4340122343091893,1,0,9
DAPT_minus_T0,RANDOM_GLOBAL,IID_ORIGINAL,0.25,0.005,empirical_fpr,10,-0.0017561465127948384,0.002625910431193777,-0.003634609674256126,0.00012231664866644968,0.078125,-0.6687762430634273,2,0,8
DAPT_minus_T0,RANDOM_GLOBAL,IID_ORIGINAL,0.25,0.005,precision,10,0.004640781286807505,0.009014791395587808,-0.0018080119940704987,0.011089574567685508,0.138671875,0.5147963034484508,7,0,3
DAPT_minus_T0,RANDOM_GLOBAL,IID_ORIGINAL,0.25,0.005,f1,10,-0.023528534327680227,0.06024266684434544,-0.06662354208993754,0.019566473434577077,0.2734375,-0.39056262878389963,1,0,9
DAPT_minus_T0,RANDOM_GLOBAL,IID_ORIGINAL,0.25,0.005,average_precision,10,-0.006606162146010364,0.00947716705436026,-0.013385719047552149,0.00017339475553142074,0.05859375,-0.6970608524802776,1,0,9
DAPT_minus_T0,RANDOM_GLOBAL,IID_ORIGINAL,0.25,0.005,roc_auc,10,-0.00998693916420138,0.015649424989435178,-0.02118186340514034,0.0012079850767375798,0.080078125,-0.6381665250284593,2,0,8
DAPT_minus_T0,RANDOM_GLOBAL,IID_BALANCED,0.25,0.005,recall,10,-0.02778827977315691,0.06402648952370454,-0.07359007122012906,0.01801351167381524,0.216796875,-0.4340122343091893,1,0,9
DAPT_minus_T0,RANDOM_GLOBAL,IID_BALANCED,0.25,0.005,empirical_fpr,10,0.001701323251417725,0.003112561823624045,-0.0005252693444273973,0.003927915847262847,0.14453125,0.5465990228707571,7,1,2
DAPT_minus_T0,RANDOM_GLOBAL,IID_BALANCED,0.25,0.005,precision,10,-0.004172289157783215,0.005841394742861324,-0.008350971227693047,6.392912126616454e-06,0.048828125,-0.7142624906289895,2,0,8
DAPT_minus_T0,RANDOM_GLOBAL,IID_BALANCED,0.25,0.005,f1,10,-0.02579065364133103,0.06051624720573445,-0.06908136900445075,0.017500061721788692,0.2265625,-0.4261773462860588,1,0,9
DAPT_minus_T0,RANDOM_GLOBAL,IID_BALANCED,0.25,0.005,average_precision,10,-0.008611110151038815,0.007132082092558008,-0.013713094330025957,-0.0035091259720516728,0.0078125,-1.207376757486303,1,0,9
DAPT_minus_T0,RANDOM_GLOBAL,IID_BALANCED,0.25,0.005,roc_auc,10,-0.011996321125210364,0.015011010989487768,-0.022734551502407302,-0.0012580907480134237,0.037109375,-0.7991680995777969,2,0,8
DAPT_minus_T0,RANDOM_GLOBAL,TEMPORAL,0.25,0.005,recall,10,-0.017325000000000007,0.04896669077603221,-0.0523536604100302,0.017703660410030186,0.29296875,-0.3538119428826115,2,0,8
DAPT_minus_T0,RANDOM_GLOBAL,TEMPORAL,0.25,0.005,empirical_fpr,10,-0.000625,0.0018037384018261139,-0.001915316722342682,0.0006653167223426821,0.3046875,-0.34650257452369304,3,0,7
DAPT_minus_T0,RANDOM_GLOBAL,TEMPORAL,0.25,0.005,precision,10,0.0008660314818797477,0.0032488654923259414,-0.0014580668846828231,0.0031901298484423185,0.416015625,0.26656427726090154,6,0,4
DAPT_minus_T0,RANDOM_GLOBAL,TEMPORAL,0.25,0.005,f1,10,-0.014611415915017134,0.04369038307057485,-0.04586563316982891,0.016642801339794643,0.296875,-0.33443094081859437,2,0,8
DAPT_minus_T0,RANDOM_GLOBAL,TEMPORAL,0.25,0.005,average_precision,10,-0.0013465922643591034,0.004785695440620228,-0.004770072547763696,0.0020768880190454885,0.408203125,-0.28137859608228316,5,0,5
DAPT_minus_T0,RANDOM_GLOBAL,TEMPORAL,0.25,0.005,roc_auc,10,-0.0025956312500000633,0.0067197691044581995,-0.00740266448552132,0.0022114019855211933,0.255859375,-0.38626792225316253,3,0,7
DAPT_minus_T0,RANDOM_GLOBAL,DOMAIN_OOD,0.25,0.005,recall,10,-0.025349922239502342,0.05542496814827213,-0.06499855596855258,0.014298711489547904,0.18359375,-0.45737369071077444,2,0,8
DAPT_minus_T0,RANDOM_GLOBAL,DOMAIN_OOD,0.25,0.005,empirical_fpr,10,-0.001088646967340623,0.0019000265432733315,-0.0024478440766323543,0.00027055014195110825,0.125,-0.5729640836833372,2,1,7
DAPT_minus_T0,RANDOM_GLOBAL,DOMAIN_OOD,0.25,0.005,precision,10,0.0022165298358477357,0.0044690673702168,-0.0009804483707640016,0.005413508042459473,0.166015625,0.495971452706073,6,0,4
DAPT_minus_T0,RANDOM_GLOBAL,DOMAIN_OOD,0.25,0.005,f1,10,-0.025721206499881938,0.059940857535972024,-0.06860031288910276,0.017157899889338885,0.212890625,-0.42910975179902944,2,0,8
DAPT_minus_T0,RANDOM_GLOBAL,DOMAIN_OOD,0.25,0.005,average_precision,10,0.0005362688632361446,0.00491506421021475,-0.002979756262917103,0.004052293989389392,0.73046875,0.1091071937822586,5,0,5
DAPT_minus_T0,RANDOM_GLOBAL,DOMAIN_OOD,0.25,0.005,roc_auc,10,-0.0006293668895343552,0.006876150802645805,-0.005548268852824299,0.004289535073755589,0.765625,-0.09152895385775824,4,0,6
DAPT_minus_T0,RANDOM_GLOBAL,TEMPLATE_OOD,0.25,0.005,recall,10,-0.015193208430913352,0.04540784089037655,-0.04767602099786395,0.017289604136037244,0.326171875,-0.3345943813446832,2,0,8
DAPT_minus_T0,RANDOM_GLOBAL,TEMPLATE_OOD,0.25,0.005,empirical_fpr,10,-0.000556206088993015,0.0018994295313241663,-0.0019149761216639533,0.0008025639436779233,0.40234375,-0.29282796746097867,4,0,6
DAPT_minus_T0,RANDOM_GLOBAL,TEMPLATE_OOD,0.25,0.005,precision,10,0.000826942605387615,0.003439682856738778,-0.0016336582805901716,0.003287543491365402,0.46484375,0.2404124565634093,6,0,4
DAPT_minus_T0,RANDOM_GLOBAL,TEMPLATE_OOD,0.25,0.005,f1,10,-0.012913409850640944,0.040583019413334795,-0.04194475305382886,0.016117933352546975,0.34375,-0.31819736523591063,2,0,8
DAPT_minus_T0,RANDOM_GLOBAL,TEMPLATE_OOD,0.25,0.005,average_precision,10,-0.0012298432599762155,0.004655113512966531,-0.004559910859636465,0.0021002243396840343,0.427734375,-0.2641918949023613,5,0,5
DAPT_minus_T0,RANDOM_GLOBAL,TEMPLATE_OOD,0.25,0.005,roc_auc,10,-0.0024330374282204082,0.006503684100198908,-0.007085492763664261,0.002219417907223444,0.259765625,-0.3741014155570681,3,0,7
DAPT_minus_T0,RANDOM_GLOBAL,DOMAIN_TEMPLATE_OOD,0.25,0.005,recall,10,-0.02734627831715213,0.05174499525343209,-0.06436241802202865,0.009669861387724393,0.126953125,-0.5284816083800555,2,0,8
DAPT_minus_T0,RANDOM_GLOBAL,DOMAIN_TEMPLATE_OOD,0.25,0.005,empirical_fpr,10,-0.0008629989212514102,0.002099791631881542,-0.0023650993662543973,0.000639101523751577,0.2734375,-0.4109926471504748,2,2,6
DAPT_minus_T0,RANDOM_GLOBAL,DOMAIN_TEMPLATE_OOD,0.25,0.005,precision,10,0.0016484272948631752,0.00500760534717258,-0.0019337977727008691,0.005230652362427219,0.3359375,0.32918474611700754,5,0,5
DAPT_minus_T0,RANDOM_GLOBAL,DOMAIN_TEMPLATE_OOD,0.25,0.005,f1,10,-0.028642886197675736,0.05703450747256885,-0.06944291499782144,0.012157142602469972,0.150390625,-0.5022027447410102,2,0,8
DAPT_minus_T0,RANDOM_GLOBAL,DOMAIN_TEMPLATE_OOD,0.25,0.005,average_precision,10,0.000445569489351294,0.005729853058808851,-0.0036533204665660317,0.0045444594452686195,0.80859375,0.07776281255001696,6,0,4
DAPT_minus_T0,RANDOM_GLOBAL,DOMAIN_TEMPLATE_OOD,0.25,0.005,roc_auc,10,-0.0006736796966004821,0.00829762709461788,-0.006609444542051347,0.005262085148850383,0.794921875,-0.0811894399348765,4,0,6
DAPT_minus_T0,RANDOM_GLOBAL,IID_ORIGINAL,0.25,0.01,recall,10,-0.016635160680529292,0.03321215151180454,-0.04039370262722976,0.0071233812661711735,0.154296875,-0.5008757314206725,3,0,7
DAPT_minus_T0,RANDOM_GLOBAL,IID_ORIGINAL,0.25,0.01,empirical_fpr,10,0.0004014049172101837,0.004615671733911441,-0.0029004477334185416,0.0037032575678389093,0.8203125,0.08696565534785608,6,1,3
DAPT_minus_T0,RANDOM_GLOBAL,IID_ORIGINAL,0.25,0.01,precision,10,-0.0021300802376520546,0.012160032393111754,-0.01082884338710647,0.0065686829118023595,0.609375,-0.1751706055370932,3,0,7
DAPT_minus_T0,RANDOM_GLOBAL,IID_ORIGINAL,0.25,0.01,f1,10,-0.013165328523819408,0.023293347224427274,-0.029828385324397792,0.0034977282767589754,0.107421875,-0.5651969378627211,3,0,7
DAPT_minus_T0,RANDOM_GLOBAL,IID_ORIGINAL,0.25,0.01,average_precision,10,-0.006606162146010364,0.00947716705436026,-0.013385719047552149,0.00017339475553142074,0.05859375,-0.6970608524802776,1,0,9
DAPT_minus_T0,RANDOM_GLOBAL,IID_ORIGINAL,0.25,0.01,roc_auc,10,-0.00998693916420138,0.015649424989435178,-0.02118186340514034,0.0012079850767375798,0.080078125,-0.6381665250284593,2,0,8
DAPT_minus_T0,RANDOM_GLOBAL,IID_BALANCED,0.25,0.01,recall,10,-0.016635160680529292,0.03321215151180454,-0.04039370262722976,0.0071233812661711735,0.154296875,-0.5008757314206725,3,0,7
DAPT_minus_T0,RANDOM_GLOBAL,IID_BALANCED,0.25,0.01,empirical_fpr,10,0.004914933837429058,0.004269032056951314,0.0018610522736033273,0.007968815401254789,0.01171875,1.1512993512021104,9,0,1
DAPT_minus_T0,RANDOM_GLOBAL,IID_BALANCED,0.25,0.01,precision,10,-0.008420923428634385,0.006247052765380237,-0.012889795766422695,-0.003952051090846075,0.00390625,-1.3479834003165863,1,0,9
DAPT_minus_T0,RANDOM_GLOBAL,IID_BALANCED,0.25,0.01,f1,10,-0.015128670386651222,0.024551906525239225,-0.03269204627466129,0.0024347055013588456,0.0859375,-0.6161912669021866,3,0,7
DAPT_minus_T0,RANDOM_GLOBAL,IID_BALANCED,0.25,0.01,average_precision,10,-0.008611110151038815,0.007132082092558008,-0.013713094330025957,-0.0035091259720516728,0.0078125,-1.207376757486303,1,0,9
DAPT_minus_T0,RANDOM_GLOBAL,IID_BALANCED,0.25,0.01,roc_auc,10,-0.011996321125210364,0.015011010989487768,-0.022734551502407302,-0.0012580907480134237,0.037109375,-0.7991680995777969,2,0,8
DAPT_minus_T0,RANDOM_GLOBAL,TEMPORAL,0.25,0.01,recall,10,0.0035499999999999863,0.056690411691729475,-0.03700387750700083,0.044103877507000795,0.84375,0.06262081883095397,5,0,5
DAPT_minus_T0,RANDOM_GLOBAL,TEMPORAL,0.25,0.01,empirical_fpr,10,0.0003999999999999999,0.002705960499013654,-0.0015357275303010723,0.0023357275303010723,0.66015625,0.14782181785203566,6,1,3
DAPT_minus_T0,RANDOM_GLOBAL,TEMPORAL,0.25,0.01,precision,10,-0.00043577773145055956,0.0034909267714906132,-0.0029330363057359496,0.0020614808428348307,0.68359375,-0.12483153041462512,3,0,7
DAPT_minus_T0,RANDOM_GLOBAL,TEMPORAL,0.25,0.01,f1,10,0.0023787105978483104,0.04051661279313083,-0.026605128170973356,0.031362549366669976,0.853515625,0.058709512811288014,5,0,5
DAPT_minus_T0,RANDOM_GLOBAL,TEMPORAL,0.25,0.01,average_precision,10,-0.0013465922643591034,0.004785695440620228,-0.004770072547763696,0.0020768880190454885,0.408203125,-0.28137859608228316,5,0,5
DAPT_minus_T0,RANDOM_GLOBAL,TEMPORAL,0.25,0.01,roc_auc,10,-0.0025956312500000633,0.0067197691044581995,-0.00740266448552132,0.0022114019855211933,0.255859375,-0.38626792225316253,3,0,7
DAPT_minus_T0,RANDOM_GLOBAL,DOMAIN_OOD,0.25,0.01,recall,10,0.004250907205806115,0.07345197563843942,-0.04829347082563883,0.05679528523725106,0.8515625,0.057873286169058465,6,0,4
DAPT_minus_T0,RANDOM_GLOBAL,DOMAIN_OOD,0.25,0.01,empirical_fpr,10,-0.0011923276308968833,0.0031204836904809275,-0.0034245871889063964,0.0010399319271126297,0.2734375,-0.3820970558295475,3,1,6
DAPT_minus_T0,RANDOM_GLOBAL,DOMAIN_OOD,0.25,0.01,precision,10,0.0023363419912089344,0.005003122030378597,-0.0012426759047248002,0.005915359887142669,0.17578125,0.46697681508123007,7,0,3
DAPT_minus_T0,RANDOM_GLOBAL,DOMAIN_OOD,0.25,0.01,f1,10,0.004182027722635484,0.059618549272605056,-0.03846651322452867,0.046830568669799635,0.818359375,0.07014641875154015,6,0,4
DAPT_minus_T0,RANDOM_GLOBAL,DOMAIN_OOD,0.25,0.01,average_precision,10,0.0005362688632361446,0.00491506421021475,-0.002979756262917103,0.004052293989389392,0.73046875,0.1091071937822586,5,0,5
DAPT_minus_T0,RANDOM_GLOBAL,DOMAIN_OOD,0.25,0.01,roc_auc,10,-0.0006293668895343552,0.006876150802645805,-0.005548268852824299,0.004289535073755589,0.765625,-0.09152895385775824,4,0,6
DAPT_minus_T0,RANDOM_GLOBAL,TEMPLATE_OOD,0.25,0.01,recall,10,0.004508196721311486,0.05932370608847649,-0.0379294261179027,0.046945819560525674,0.8125,0.07599317403716951,5,0,5
DAPT_minus_T0,RANDOM_GLOBAL,TEMPLATE_OOD,0.25,0.01,empirical_fpr,10,-0.0004391100702576688,0.0024734176142928643,-0.0022084864420352734,0.0013302663015199358,0.6015625,-0.17753171470932855,5,0,5
DAPT_minus_T0,RANDOM_GLOBAL,TEMPLATE_OOD,0.25,0.01,precision,10,0.000865892801531587,0.0034705009477989665,-0.0016167540187154836,0.0033485396217786574,0.439453125,0.24950081113815764,5,0,5
DAPT_minus_T0,RANDOM_GLOBAL,TEMPLATE_OOD,0.25,0.01,f1,10,0.0034529937197873674,0.04287887336257272,-0.027220704461128505,0.03412669190070324,0.802734375,0.08052902161373833,5,0,5
DAPT_minus_T0,RANDOM_GLOBAL,TEMPLATE_OOD,0.25,0.01,average_precision,10,-0.0012298432599762155,0.004655113512966531,-0.004559910859636465,0.0021002243396840343,0.427734375,-0.2641918949023613,5,0,5
DAPT_minus_T0,RANDOM_GLOBAL,TEMPLATE_OOD,0.25,0.01,roc_auc,10,-0.0024330374282204082,0.006503684100198908,-0.007085492763664261,0.002219417907223444,0.259765625,-0.3741014155570681,3,0,7
DAPT_minus_T0,RANDOM_GLOBAL,DOMAIN_TEMPLATE_OOD,0.25,0.01,recall,10,-0.0011866235167205974,0.07399495850048626,-0.05411942808836406,0.051746181054922874,0.96484375,-0.01603654547238917,5,0,5
DAPT_minus_T0,RANDOM_GLOBAL,DOMAIN_TEMPLATE_OOD,0.25,0.01,empirical_fpr,10,-0.0010248112189860195,0.003066485222127176,-0.0032184425997458838,0.0011688201617738449,0.3359375,-0.3341973447617409,4,1,5
DAPT_minus_T0,RANDOM_GLOBAL,DOMAIN_TEMPLATE_OOD,0.25,0.01,precision,10,0.0019336290696225888,0.005153353416243858,-0.00175285788568606,0.005620116024931237,0.25,0.3752176327607586,6,0,4
DAPT_minus_T0,RANDOM_GLOBAL,DOMAIN_TEMPLATE_OOD,0.25,0.01,f1,10,-0.0006139185241920808,0.06125809090020551,-0.044435316897315585,0.04320747984893142,0.974609375,-0.010021835730927442,5,0,5
DAPT_minus_T0,RANDOM_GLOBAL,DOMAIN_TEMPLATE_OOD,0.25,0.01,average_precision,10,0.000445569489351294,0.005729853058808851,-0.0036533204665660317,0.0045444594452686195,0.80859375,0.07776281255001696,6,0,4
DAPT_minus_T0,RANDOM_GLOBAL,DOMAIN_TEMPLATE_OOD,0.25,0.01,roc_auc,10,-0.0006736796966004821,0.00829762709461788,-0.006609444542051347,0.005262085148850383,0.794921875,-0.0811894399348765,4,0,6
DAPT_minus_T0,RANDOM_GLOBAL,IID_ORIGINAL,0.25,0.02,recall,10,-0.007561436672967869,0.039196789691233386,-0.03560113087116425,0.020478257525228506,0.5546875,-0.19290959113059797,4,0,6
DAPT_minus_T0,RANDOM_GLOBAL,IID_ORIGINAL,0.25,0.02,empirical_fpr,10,0.0008028098344204281,0.004239105378810071,-0.002229663473523674,0.00383528314236453,0.61328125,0.18938190082120088,4,1,5
DAPT_minus_T0,RANDOM_GLOBAL,IID_ORIGINAL,0.25,0.02,precision,10,-0.002688948927389945,0.009174595633710415,-0.00925205927361516,0.003874161418835271,0.412109375,-0.29308636966079266,4,0,6
DAPT_minus_T0,RANDOM_GLOBAL,IID_ORIGINAL,0.25,0.02,f1,10,-0.0061693072417099756,0.026083151190057753,-0.02482806957545578,0.012489455092035829,0.45703125,-0.23652461302534494,4,0,6
DAPT_minus_T0,RANDOM_GLOBAL,IID_ORIGINAL,0.25,0.02,average_precision,10,-0.006606162146010364,0.00947716705436026,-0.013385719047552149,0.00017339475553142074,0.05859375,-0.6970608524802776,1,0,9
DAPT_minus_T0,RANDOM_GLOBAL,IID_ORIGINAL,0.25,0.02,roc_auc,10,-0.00998693916420138,0.015649424989435178,-0.02118186340514034,0.0012079850767375798,0.080078125,-0.6381665250284593,2,0,8
DAPT_minus_T0,RANDOM_GLOBAL,IID_BALANCED,0.25,0.02,recall,10,-0.007561436672967869,0.039196789691233386,-0.03560113087116425,0.020478257525228506,0.5546875,-0.19290959113059797,4,0,6
DAPT_minus_T0,RANDOM_GLOBAL,IID_BALANCED,0.25,0.02,empirical_fpr,10,0.005671077504725852,0.004455619289140192,0.0024837194757845577,0.008858435533667147,0.00390625,1.2727922061357737,9,0,1
DAPT_minus_T0,RANDOM_GLOBAL,IID_BALANCED,0.25,0.02,precision,10,-0.008230729816467108,0.005446914482618605,-0.012127217707936233,-0.0043342419249979836,0.001953125,-1.5110811529594976,0,0,10
DAPT_minus_T0,RANDOM_GLOBAL,IID_BALANCED,0.25,0.02,f1,10,-0.008168485485376631,0.026732080383889203,-0.027291463799427207,0.010954492828673945,0.3515625,-0.3055686414252886,3,0,7
DAPT_minus_T0,RANDOM_GLOBAL,IID_BALANCED,0.25,0.02,average_precision,10,-0.008611110151038815,0.007132082092558008,-0.013713094330025957,-0.0035091259720516728,0.0078125,-1.207376757486303,1,0,9
DAPT_minus_T0,RANDOM_GLOBAL,IID_BALANCED,0.25,0.02,roc_auc,10,-0.011996321125210364,0.015011010989487768,-0.022734551502407302,-0.0012580907480134237,0.037109375,-0.7991680995777969,2,0,8
DAPT_minus_T0,RANDOM_GLOBAL,TEMPORAL,0.25,0.02,recall,10,0.007524999999999993,0.04950006313127291,-0.027885212007814898,0.04293521200781488,0.669921875,0.15202000813703778,5,0,5
DAPT_minus_T0,RANDOM_GLOBAL,TEMPORAL,0.25,0.02,empirical_fpr,10,0.0006749999999999999,0.0023571699132646337,-0.001011217776041792,0.002361217776041792,0.400390625,0.28636034941797567,6,0,4
DAPT_minus_T0,RANDOM_GLOBAL,TEMPORAL,0.25,0.02,precision,10,-0.0006689732652341074,0.002785297524265257,-0.0026614550844494852,0.0013235085539812703,0.46875,-0.24018018161653235,4,0,6
DAPT_minus_T0,RANDOM_GLOBAL,TEMPORAL,0.25,0.02,f1,10,0.004357083783966464,0.03193149182697681,-0.018485329412971638,0.027199496980904563,0.70703125,0.13645099350746434,5,0,5
DAPT_minus_T0,RANDOM_GLOBAL,TEMPORAL,0.25,0.02,average_precision,10,-0.0013465922643591034,0.004785695440620228,-0.004770072547763696,0.0020768880190454885,0.408203125,-0.28137859608228316,5,0,5
DAPT_minus_T0,RANDOM_GLOBAL,TEMPORAL,0.25,0.02,roc_auc,10,-0.0025956312500000633,0.0067197691044581995,-0.00740266448552132,0.0022114019855211933,0.255859375,-0.38626792225316253,3,0,7
DAPT_minus_T0,RANDOM_GLOBAL,DOMAIN_OOD,0.25,0.02,recall,10,0.0069466044582685346,0.0627932684801878,-0.03797299379861377,0.05186620271515084,0.74609375,0.11062657871456859,5,0,5
DAPT_minus_T0,RANDOM_GLOBAL,DOMAIN_OOD,0.25,0.02,empirical_fpr,10,-0.0017625712804562397,0.003500662108063052,-0.004266794094990844,0.0007416515340783649,0.1796875,-0.5034965460952432,3,0,7
DAPT_minus_T0,RANDOM_GLOBAL,DOMAIN_OOD,0.25,0.02,precision,10,0.0025064482949273105,0.003771967992020656,-0.0001918550573316376,0.005204751647186258,0.06640625,0.6644935217450235,7,0,3
DAPT_minus_T0,RANDOM_GLOBAL,DOMAIN_OOD,0.25,0.02,f1,10,0.005446609082599729,0.0429865829164346,-0.025304139871512157,0.03619735803671161,0.712890625,0.12670486261231492,5,0,5
DAPT_minus_T0,RANDOM_GLOBAL,DOMAIN_OOD,0.25,0.02,average_precision,10,0.0005362688632361446,0.00491506421021475,-0.002979756262917103,0.004052293989389392,0.73046875,0.1091071937822586,5,0,5
DAPT_minus_T0,RANDOM_GLOBAL,DOMAIN_OOD,0.25,0.02,roc_auc,10,-0.0006293668895343552,0.006876150802645805,-0.005548268852824299,0.004289535073755589,0.765625,-0.09152895385775824,4,0,6
DAPT_minus_T0,RANDOM_GLOBAL,TEMPLATE_OOD,0.25,0.02,recall,10,0.00775761124121781,0.051315817039524134,-0.02895151286443991,0.04446673534687553,0.65625,0.15117388144171598,5,0,5
DAPT_minus_T0,RANDOM_GLOBAL,TEMPLATE_OOD,0.25,0.02,empirical_fpr,10,-0.00023419203747078245,0.0025023138836572493,-0.0020242395550954992,0.0015558554801539345,0.80078125,-0.09359019226177165,5,1,4
DAPT_minus_T0,RANDOM_GLOBAL,TEMPLATE_OOD,0.25,0.02,precision,10,0.0004023822349026318,0.0027087430848432544,-0.0015353358373881502,0.002340100307193414,0.69921875,0.1485494276493617,6,0,4
DAPT_minus_T0,RANDOM_GLOBAL,TEMPLATE_OOD,0.25,0.02,f1,10,0.004827697735390912,0.03335835149192164,-0.01903542937674168,0.0286908248475235,0.677734375,0.14472231148952402,5,0,5
DAPT_minus_T0,RANDOM_GLOBAL,TEMPLATE_OOD,0.25,0.02,average_precision,10,-0.0012298432599762155,0.004655113512966531,-0.004559910859636465,0.0021002243396840343,0.427734375,-0.2641918949023613,5,0,5
DAPT_minus_T0,RANDOM_GLOBAL,TEMPLATE_OOD,0.25,0.02,roc_auc,10,-0.0024330374282204082,0.006503684100198908,-0.007085492763664261,0.002219417907223444,0.259765625,-0.3741014155570681,3,0,7
DAPT_minus_T0,RANDOM_GLOBAL,DOMAIN_TEMPLATE_OOD,0.25,0.02,recall,10,0.0064724919093851144,0.06855030606554659,-0.042565442942218035,0.05551042676098826,0.78515625,0.09441959169658896,5,0,5
DAPT_minus_T0,RANDOM_GLOBAL,DOMAIN_TEMPLATE_OOD,0.25,0.02,empirical_fpr,10,-0.0016720604099245326,0.003434440107092887,-0.0041289108587367635,0.0007847900388876982,0.1796875,-0.4868509444876776,2,2,6
DAPT_minus_T0,RANDOM_GLOBAL,DOMAIN_TEMPLATE_OOD,0.25,0.02,precision,10,0.0024269765707097047,0.0036239825858732926,-0.00016546439927623766,0.005019417540695647,0.056640625,0.669698739770534,8,0,2
DAPT_minus_T0,RANDOM_GLOBAL,DOMAIN_TEMPLATE_OOD,0.25,0.02,f1,10,0.0050627630220427934,0.048522803658613056,-0.029648359673062345,0.03977388571714793,0.763671875,0.10433780903639367,5,0,5
DAPT_minus_T0,RANDOM_GLOBAL,DOMAIN_TEMPLATE_OOD,0.25,0.02,average_precision,10,0.000445569489351294,0.005729853058808851,-0.0036533204665660317,0.0045444594452686195,0.80859375,0.07776281255001696,6,0,4
DAPT_minus_T0,RANDOM_GLOBAL,DOMAIN_TEMPLATE_OOD,0.25,0.02,roc_auc,10,-0.0006736796966004821,0.00829762709461788,-0.006609444542051347,0.005262085148850383,0.794921875,-0.0811894399348765,4,0,6
DAPT_minus_T0,UNCERTAINTY_GLOBAL,IID_ORIGINAL,0.25,0.005,recall,10,0.003875236294896056,0.04538491708273824,-0.028591177567948926,0.03634165015774104,0.80078125,0.08538599481919003,6,0,4
DAPT_minus_T0,UNCERTAINTY_GLOBAL,IID_ORIGINAL,0.25,0.005,empirical_fpr,10,-0.001103863522328197,0.0030086779490575556,-0.0032561420710813544,0.0010484150264249606,0.30859375,-0.3668932139027952,3,1,6
DAPT_minus_T0,UNCERTAINTY_GLOBAL,IID_ORIGINAL,0.25,0.005,precision,10,0.0033600537220225602,0.008531735964436146,-0.0027431825202059276,0.009463289964251049,0.255859375,0.3938300172472136,7,0,3
DAPT_minus_T0,UNCERTAINTY_GLOBAL,IID_ORIGINAL,0.25,0.005,f1,10,0.0042820977031082785,0.034439058975523296,-0.020354120970772036,0.028918316376988593,0.697265625,0.12433840617281885,6,0,4
DAPT_minus_T0,UNCERTAINTY_GLOBAL,IID_ORIGINAL,0.25,0.005,average_precision,10,0.004037068637445296,0.015501642621454348,-0.0070521384659752665,0.015126275740865858,0.40625,0.26042844207090504,5,0,5
DAPT_minus_T0,UNCERTAINTY_GLOBAL,IID_ORIGINAL,0.25,0.005,roc_auc,10,0.00841214572364335,0.02171592542691444,-0.007122491500427685,0.023946782947714386,0.248046875,0.3873721961311142,7,0,3
DAPT_minus_T0,UNCERTAINTY_GLOBAL,IID_BALANCED,0.25,0.005,recall,10,0.003875236294896056,0.04538491708273824,-0.028591177567948926,0.03634165015774104,0.80078125,0.08538599481919003,6,0,4
DAPT_minus_T0,UNCERTAINTY_GLOBAL,IID_BALANCED,0.25,0.005,empirical_fpr,10,0.0024574669187144883,0.0025283431188076856,0.0006487992079673125,0.004266134629461665,0.015625,0.9719673332444605,8,1,1
DAPT_minus_T0,UNCERTAINTY_GLOBAL,IID_BALANCED,0.25,0.005,precision,10,-0.003833525048771791,0.004358879577948388,-0.006951679657228711,-0.0007153704403148704,0.01171875,-0.8794748696811054,2,0,8
DAPT_minus_T0,UNCERTAINTY_GLOBAL,IID_BALANCED,0.25,0.005,f1,10,0.002168622053683955,0.03527566922193256,-0.02306607153758583,0.02740331564495374,0.83984375,0.06147642557935144,5,0,5
DAPT_minus_T0,UNCERTAINTY_GLOBAL,IID_BALANCED,0.25,0.005,average_precision,10,0.0002818026565928222,0.011205779699954187,-0.007734329238753355,0.008297934551939,0.92578125,0.025147974004341198,5,0,5
DAPT_minus_T0,UNCERTAINTY_GLOBAL,IID_BALANCED,0.25,0.005,roc_auc,10,0.006597987785921333,0.02096414870508681,-0.008398860768429032,0.0215948363402717,0.34375,0.31472719826302203,6,0,4
DAPT_minus_T0,UNCERTAINTY_GLOBAL,TEMPORAL,0.25,0.005,recall,10,0.028949999999999997,0.0835542737785846,-0.030821126772350965,0.08872112677235096,0.306640625,0.3464813789982343,6,0,4
DAPT_minus_T0,UNCERTAINTY_GLOBAL,TEMPORAL,0.25,0.005,empirical_fpr,10,-0.0011250000000000001,0.002646407418033403,-0.003018125822548967,0.0007681258225489666,0.21875,-0.4251046125150335,3,1,6
DAPT_minus_T0,UNCERTAINTY_GLOBAL,TEMPORAL,0.25,0.005,precision,10,0.0018210035999355223,0.004644962365149243,-0.001501802306029922,0.005143809505900967,0.271484375,0.392038397038124,7,0,3
DAPT_minus_T0,UNCERTAINTY_GLOBAL,TEMPORAL,0.25,0.005,f1,10,0.019902811777337957,0.060786047720118905,-0.023580907246985895,0.06338653080166182,0.326171875,0.32742401461890974,6,0,4
DAPT_minus_T0,UNCERTAINTY_GLOBAL,TEMPORAL,0.25,0.005,average_precision,10,0.0009558753171915124,0.006554382142457434,-0.0037328472129020645,0.00564459784728509,0.685546875,0.14583759329496865,4,0,6
DAPT_minus_T0,UNCERTAINTY_GLOBAL,TEMPORAL,0.25,0.005,roc_auc,10,0.001183762499999985,0.008090994751542497,-0.004604186471831353,0.006971711471831324,0.66015625,0.14630617573621688,6,0,4
DAPT_minus_T0,UNCERTAINTY_GLOBAL,DOMAIN_OOD,0.25,0.005,recall,10,0.03390357698289267,0.10389621048153072,-0.04041929469108849,0.10822644865687384,0.330078125,0.32632159369200087,6,0,4
DAPT_minus_T0,UNCERTAINTY_GLOBAL,DOMAIN_OOD,0.25,0.005,empirical_fpr,10,-0.0005184033177812737,0.002292465726874305,-0.0021583345072423874,0.00112152787167984,0.55078125,-0.22613350843334004,3,1,6
DAPT_minus_T0,UNCERTAINTY_GLOBAL,DOMAIN_OOD,0.25,0.005,precision,10,0.0010137725290394694,0.003517897350122014,-0.0015027796349283951,0.003530324693007334,0.396484375,0.28817569932911996,8,0,2
DAPT_minus_T0,UNCERTAINTY_GLOBAL,DOMAIN_OOD,0.25,0.005,f1,10,0.024275262484240456,0.0825165107466627,-0.034753493336445784,0.0833040183049267,0.375,0.2941867302020189,6,0,4
DAPT_minus_T0,UNCERTAINTY_GLOBAL,DOMAIN_OOD,0.25,0.005,average_precision,10,1.4628597911170437e-05,0.004970288668183157,-0.0035409017256292402,0.0035701589214515808,0.982421875,0.0029432089135615104,6,0,4
DAPT_minus_T0,UNCERTAINTY_GLOBAL,DOMAIN_OOD,0.25,0.005,roc_auc,10,-0.001248373774973144,0.005895842268291553,-0.005466005258213466,0.0029692577082671783,0.51953125,-0.21173798724009743,6,0,4
DAPT_minus_T0,UNCERTAINTY_GLOBAL,TEMPLATE_OOD,0.25,0.005,recall,10,0.028190866510538665,0.0844974254564234,-0.03225495032794877,0.08863668334902611,0.326171875,0.33362988704403923,6,0,4
DAPT_minus_T0,UNCERTAINTY_GLOBAL,TEMPLATE_OOD,0.25,0.005,empirical_fpr,10,-0.000966042154566803,0.0021246914043738657,-0.0024859548237797123,0.0005538705146461065,0.1953125,-0.4546741011791734,3,2,5
DAPT_minus_T0,UNCERTAINTY_GLOBAL,TEMPLATE_OOD,0.25,0.005,precision,10,0.0016195990120048908,0.0037199497566297994,-0.001041492736329881,0.004280690760339663,0.177734375,0.4353819588875887,6,0,4
DAPT_minus_T0,UNCERTAINTY_GLOBAL,TEMPLATE_OOD,0.25,0.005,f1,10,0.019313481360695894,0.062329075482054595,-0.025274053229260383,0.06390101595065217,0.341796875,0.30986311302269376,6,0,4
DAPT_minus_T0,UNCERTAINTY_GLOBAL,TEMPLATE_OOD,0.25,0.005,average_precision,10,0.0007528121300764302,0.005366519455624039,-0.0030861646236250125,0.004591788883777873,0.673828125,0.14027940014034485,5,0,5
DAPT_minus_T0,UNCERTAINTY_GLOBAL,TEMPLATE_OOD,0.25,0.005,roc_auc,10,0.0008111238818290345,0.006976847923903699,-0.004179812462565889,0.005802060226223958,0.720703125,0.11625936105759245,6,0,4
DAPT_minus_T0,UNCERTAINTY_GLOBAL,DOMAIN_TEMPLATE_OOD,0.25,0.005,recall,10,0.026752966558791787,0.09956524748831329,-0.04447172082841134,0.09797765394599492,0.423828125,0.26869783617955634,6,0,4
DAPT_minus_T0,UNCERTAINTY_GLOBAL,DOMAIN_TEMPLATE_OOD,0.25,0.005,empirical_fpr,10,-0.0006472491909385724,0.001643887731127292,-0.0018232156320699842,0.0005287172501928395,0.3046875,-0.39373077533386225,3,1,6
DAPT_minus_T0,UNCERTAINTY_GLOBAL,DOMAIN_TEMPLATE_OOD,0.25,0.005,precision,10,0.001306022497845627,0.0025486364374419975,-0.000517162178532026,0.00312920717422328,0.13671875,0.5124397025244012,7,1,2
DAPT_minus_T0,UNCERTAINTY_GLOBAL,DOMAIN_TEMPLATE_OOD,0.25,0.005,f1,10,0.019163289479207195,0.08021610771084009,-0.03821985714324679,0.07654643610166117,0.4609375,0.23889577824302166,6,0,4
DAPT_minus_T0,UNCERTAINTY_GLOBAL,DOMAIN_TEMPLATE_OOD,0.25,0.005,average_precision,10,-7.587250137714996e-05,0.00515383343061568,-0.003762702838281655,0.003610957835527355,0.962890625,-0.014721566460886994,6,0,4
DAPT_minus_T0,UNCERTAINTY_GLOBAL,DOMAIN_TEMPLATE_OOD,0.25,0.005,roc_auc,10,-0.0007703539622193611,0.006351288621404666,-0.005313792139466352,0.0037730842150276297,0.701171875,-0.12129097072099172,6,0,4
DAPT_minus_T0,UNCERTAINTY_GLOBAL,IID_ORIGINAL,0.25,0.01,recall,10,0.009640831758034008,0.027469172973295097,-0.010009430830200903,0.02929109434626892,0.3125,0.350969130647166,7,0,3
DAPT_minus_T0,UNCERTAINTY_GLOBAL,IID_ORIGINAL,0.25,0.01,empirical_fpr,10,-0.0010035122930256372,0.00264448708828261,-0.002895264394425599,0.0008882398083743248,0.296875,-0.37947331922022765,3,0,7
DAPT_minus_T0,UNCERTAINTY_GLOBAL,IID_ORIGINAL,0.25,0.01,precision,10,0.0029358636499204004,0.0062588409195488285,-0.0015414414253612668,0.007413168725202068,0.177734375,0.4690746557802005,7,0,3
DAPT_minus_T0,UNCERTAINTY_GLOBAL,IID_ORIGINAL,0.25,0.01,f1,10,0.007132333478479446,0.017754885657908955,-0.005568746591939056,0.01983341354889795,0.244140625,0.4017110341289262,7,0,3
DAPT_minus_T0,UNCERTAINTY_GLOBAL,IID_ORIGINAL,0.25,0.01,average_precision,10,0.004037068637445296,0.015501642621454348,-0.0070521384659752665,0.015126275740865858,0.40625,0.26042844207090504,5,0,5
DAPT_minus_T0,UNCERTAINTY_GLOBAL,IID_ORIGINAL,0.25,0.01,roc_auc,10,0.00841214572364335,0.02171592542691444,-0.007122491500427685,0.023946782947714386,0.248046875,0.3873721961311142,7,0,3
DAPT_minus_T0,UNCERTAINTY_GLOBAL,IID_BALANCED,0.25,0.01,recall,10,0.009640831758034008,0.027469172973295097,-0.010009430830200903,0.02929109434626892,0.3125,0.350969130647166,7,0,3
DAPT_minus_T0,UNCERTAINTY_GLOBAL,IID_BALANCED,0.25,0.01,empirical_fpr,10,0.0028355387523629123,0.003508358136628872,0.0003258105306450645,0.00534526697408076,0.041015625,0.8082238591204769,7,0,3
DAPT_minus_T0,UNCERTAINTY_GLOBAL,IID_BALANCED,0.25,0.01,precision,10,-0.003638392926191003,0.004602772531402918,-0.006931018043223514,-0.0003457678091584918,0.037109375,-0.7904785433926335,3,0,7
DAPT_minus_T0,UNCERTAINTY_GLOBAL,IID_BALANCED,0.25,0.01,f1,10,0.004892938490866227,0.01816869360516585,-0.008104161952375356,0.01789003893410781,0.41796875,0.26930601600739373,7,0,3
DAPT_minus_T0,UNCERTAINTY_GLOBAL,IID_BALANCED,0.25,0.01,average_precision,10,0.0002818026565928222,0.011205779699954187,-0.007734329238753355,0.008297934551939,0.92578125,0.025147974004341198,5,0,5
DAPT_minus_T0,UNCERTAINTY_GLOBAL,IID_BALANCED,0.25,0.01,roc_auc,10,0.006597987785921333,0.02096414870508681,-0.008398860768429032,0.0215948363402717,0.34375,0.31472719826302203,6,0,4
DAPT_minus_T0,UNCERTAINTY_GLOBAL,TEMPORAL,0.25,0.01,recall,10,0.036524999999999995,0.0723671627881044,-0.015243349667252902,0.08829334966725289,0.16015625,0.5047178664023003,7,0,3
DAPT_minus_T0,UNCERTAINTY_GLOBAL,TEMPORAL,0.25,0.01,empirical_fpr,10,-0.0012499999999999998,0.0028528737947706145,-0.003290822971002321,0.0007908229710023216,0.2109375,-0.4381546783777395,3,2,5
DAPT_minus_T0,UNCERTAINTY_GLOBAL,TEMPORAL,0.25,0.01,precision,10,0.0021173206976939697,0.004126077941224274,-0.0008342976522069667,0.005068939047594906,0.150390625,0.5131557687118548,6,0,4
DAPT_minus_T0,UNCERTAINTY_GLOBAL,TEMPORAL,0.25,0.01,f1,10,0.02271614085501662,0.047194074421672096,-0.01104446620425419,0.05647674791428743,0.18359375,0.48133459832374825,7,0,3
DAPT_minus_T0,UNCERTAINTY_GLOBAL,TEMPORAL,0.25,0.01,average_precision,10,0.0009558753171915124,0.006554382142457434,-0.0037328472129020645,0.00564459784728509,0.685546875,0.14583759329496865,4,0,6
DAPT_minus_T0,UNCERTAINTY_GLOBAL,TEMPORAL,0.25,0.01,roc_auc,10,0.001183762499999985,0.008090994751542497,-0.004604186471831353,0.006971711471831324,0.66015625,0.14630617573621688,6,0,4
DAPT_minus_T0,UNCERTAINTY_GLOBAL,DOMAIN_OOD,0.25,0.01,recall,10,0.04541213063763609,0.09438838680153341,-0.02210925370593951,0.1129335149812117,0.19921875,0.48111989383950715,8,0,2
DAPT_minus_T0,UNCERTAINTY_GLOBAL,DOMAIN_OOD,0.25,0.01,empirical_fpr,10,0.00041472265422494886,0.0032031191596982307,-0.0018766507573687488,0.0027060960658186464,0.7734375,0.12947462568455315,4,1,5
DAPT_minus_T0,UNCERTAINTY_GLOBAL,DOMAIN_OOD,0.25,0.01,precision,10,0.0002215034468524557,0.0043684701754183155,-0.0029035118617371314,0.003346518755442043,0.87109375,0.0507050381387221,7,0,3
DAPT_minus_T0,UNCERTAINTY_GLOBAL,DOMAIN_OOD,0.25,0.01,f1,10,0.02856465899546522,0.06481049711242115,-0.017797977694442618,0.07492729568537305,0.240234375,0.44074124205399295,8,0,2
DAPT_minus_T0,UNCERTAINTY_GLOBAL,DOMAIN_OOD,0.25,0.01,average_precision,10,1.4628597911170437e-05,0.004970288668183157,-0.0035409017256292402,0.0035701589214515808,0.982421875,0.0029432089135615104,6,0,4
DAPT_minus_T0,UNCERTAINTY_GLOBAL,DOMAIN_OOD,0.25,0.01,roc_auc,10,-0.001248373774973144,0.005895842268291553,-0.005466005258213466,0.0029692577082671783,0.51953125,-0.21173798724009743,6,0,4
DAPT_minus_T0,UNCERTAINTY_GLOBAL,TEMPLATE_OOD,0.25,0.01,recall,10,0.03799765807962532,0.0762764700396895,-0.01656724152767928,0.09256255768692992,0.169921875,0.49815700778829586,7,0,3
DAPT_minus_T0,UNCERTAINTY_GLOBAL,TEMPLATE_OOD,0.25,0.01,empirical_fpr,10,-0.001053864168618317,0.002187185905717697,-0.002618482710953834,0.0005107543737171997,0.17578125,-0.4818356619175932,4,0,6
DAPT_minus_T0,UNCERTAINTY_GLOBAL,TEMPLATE_OOD,0.25,0.01,precision,10,0.0018688064512934032,0.0031686446988560195,-0.00039790541665659404,0.0041355183192434,0.111328125,0.5897810038367827,6,0,4
DAPT_minus_T0,UNCERTAINTY_GLOBAL,TEMPLATE_OOD,0.25,0.01,f1,10,0.023636149348456904,0.05005736086233753,-0.012172729439966695,0.059445028136880504,0.189453125,0.4721812924468501,7,0,3
DAPT_minus_T0,UNCERTAINTY_GLOBAL,TEMPLATE_OOD,0.25,0.01,average_precision,10,0.0007528121300764302,0.005366519455624039,-0.0030861646236250125,0.004591788883777873,0.673828125,0.14027940014034485,5,0,5
DAPT_minus_T0,UNCERTAINTY_GLOBAL,TEMPLATE_OOD,0.25,0.01,roc_auc,10,0.0008111238818290345,0.006976847923903699,-0.004179812462565889,0.005802060226223958,0.720703125,0.11625936105759245,6,0,4
DAPT_minus_T0,UNCERTAINTY_GLOBAL,DOMAIN_TEMPLATE_OOD,0.25,0.01,recall,10,0.04606256742179072,0.09583480892137959,-0.022493524974191152,0.11461865981777258,0.185546875,0.4806454767346514,8,0,2
DAPT_minus_T0,UNCERTAINTY_GLOBAL,DOMAIN_TEMPLATE_OOD,0.25,0.01,empirical_fpr,10,5.393743257815229e-05,0.0026356468770796816,-0.0018314907626873994,0.001939365627843704,1.0,0.020464589944581425,3,2,5
DAPT_minus_T0,UNCERTAINTY_GLOBAL,DOMAIN_TEMPLATE_OOD,0.25,0.01,precision,10,0.0006551112548080163,0.0036064276597036556,-0.001924771677508361,0.0032349941871243934,0.572265625,0.1816510177447584,7,0,3
DAPT_minus_T0,UNCERTAINTY_GLOBAL,DOMAIN_TEMPLATE_OOD,0.25,0.01,f1,10,0.02945480530355864,0.06722188337417662,-0.018632833201701376,0.07754244380881865,0.228515625,0.43817286611273,8,0,2
DAPT_minus_T0,UNCERTAINTY_GLOBAL,DOMAIN_TEMPLATE_OOD,0.25,0.01,average_precision,10,-7.587250137714996e-05,0.00515383343061568,-0.003762702838281655,0.003610957835527355,0.962890625,-0.014721566460886994,6,0,4
DAPT_minus_T0,UNCERTAINTY_GLOBAL,DOMAIN_TEMPLATE_OOD,0.25,0.01,roc_auc,10,-0.0007703539622193611,0.006351288621404666,-0.005313792139466352,0.0037730842150276297,0.701171875,-0.12129097072099172,6,0,4
DAPT_minus_T0,UNCERTAINTY_GLOBAL,IID_ORIGINAL,0.25,0.02,recall,10,0.003119092627599229,0.013776800780272328,-0.006736236952994132,0.012974422208192591,0.501953125,0.22640180963243728,6,0,4
DAPT_minus_T0,UNCERTAINTY_GLOBAL,IID_ORIGINAL,0.25,0.02,empirical_fpr,10,-0.000250878073256422,0.003815766698962976,-0.002980513132999918,0.002478756986487074,0.865234375,-0.06574774954784421,5,0,5
DAPT_minus_T0,UNCERTAINTY_GLOBAL,IID_ORIGINAL,0.25,0.02,precision,10,0.0007279924901320567,0.007825339994657288,-0.004869918516752794,0.006325903497016908,0.765625,0.09303014190170522,5,0,5
DAPT_minus_T0,UNCERTAINTY_GLOBAL,IID_ORIGINAL,0.25,0.02,f1,10,0.002212735083042816,0.007119076235024876,-0.002879945265939699,0.007305415432025331,0.341796875,0.3108177255015846,5,0,5
DAPT_minus_T0,UNCERTAINTY_GLOBAL,IID_ORIGINAL,0.25,0.02,average_precision,10,0.004037068637445296,0.015501642621454348,-0.0070521384659752665,0.015126275740865858,0.40625,0.26042844207090504,5,0,5
DAPT_minus_T0,UNCERTAINTY_GLOBAL,IID_ORIGINAL,0.25,0.02,roc_auc,10,0.00841214572364335,0.02171592542691444,-0.007122491500427685,0.023946782947714386,0.248046875,0.3873721961311142,7,0,3
DAPT_minus_T0,UNCERTAINTY_GLOBAL,IID_BALANCED,0.25,0.02,recall,10,0.003119092627599229,0.013776800780272328,-0.006736236952994132,0.012974422208192591,0.501953125,0.22640180963243728,6,0,4
DAPT_minus_T0,UNCERTAINTY_GLOBAL,IID_BALANCED,0.25,0.02,empirical_fpr,10,0.0021739130434781984,0.00292344315303391,8.260779469106356e-05,0.004265218292265333,0.0546875,0.7436139270305772,8,1,1
DAPT_minus_T0,UNCERTAINTY_GLOBAL,IID_BALANCED,0.25,0.02,precision,10,-0.0025524746677126563,0.003436127405082424,-0.005010532136794163,-9.441719863115001e-05,0.044921875,-0.7428346993005136,2,0,8
DAPT_minus_T0,UNCERTAINTY_GLOBAL,IID_BALANCED,0.25,0.02,f1,10,0.0009488524813313859,0.008442511335656282,-0.005090556306515179,0.006988261269177952,0.748046875,0.11238983800045162,5,0,5
DAPT_minus_T0,UNCERTAINTY_GLOBAL,IID_BALANCED,0.25,0.02,average_precision,10,0.0002818026565928222,0.011205779699954187,-0.007734329238753355,0.008297934551939,0.92578125,0.025147974004341198,5,0,5
DAPT_minus_T0,UNCERTAINTY_GLOBAL,IID_BALANCED,0.25,0.02,roc_auc,10,0.006597987785921333,0.02096414870508681,-0.008398860768429032,0.0215948363402717,0.34375,0.31472719826302203,6,0,4
DAPT_minus_T0,UNCERTAINTY_GLOBAL,TEMPORAL,0.25,0.02,recall,10,0.01359999999999999,0.04103744902186565,-0.015756422561936052,0.042956422561936033,0.369140625,0.33140461515416353,5,0,5
DAPT_minus_T0,UNCERTAINTY_GLOBAL,TEMPORAL,0.25,0.02,empirical_fpr,10,-0.0010749999999999996,0.005060810760693937,-0.004695285927562512,0.0025452859275625125,0.525390625,-0.21241655751075658,4,0,6
DAPT_minus_T0,UNCERTAINTY_GLOBAL,TEMPORAL,0.25,0.02,precision,10,0.001455375626923694,0.005045321890659527,-0.0021538302304937476,0.005064581484341135,0.408203125,0.2884604111420622,6,0,4
DAPT_minus_T0,UNCERTAINTY_GLOBAL,TEMPORAL,0.25,0.02,f1,10,0.008221548480895059,0.02253451757128564,-0.00789867428683972,0.024341771248629837,0.3046875,0.364842444702312,5,0,5
DAPT_minus_T0,UNCERTAINTY_GLOBAL,TEMPORAL,0.25,0.02,average_precision,10,0.0009558753171915124,0.006554382142457434,-0.0037328472129020645,0.00564459784728509,0.685546875,0.14583759329496865,4,0,6
DAPT_minus_T0,UNCERTAINTY_GLOBAL,TEMPORAL,0.25,0.02,roc_auc,10,0.001183762499999985,0.008090994751542497,-0.004604186471831353,0.006971711471831324,0.66015625,0.14630617573621688,6,0,4
DAPT_minus_T0,UNCERTAINTY_GLOBAL,DOMAIN_OOD,0.25,0.02,recall,10,0.016588906168999485,0.05389123242747544,-0.021962559120217846,0.05514037145821682,0.40625,0.30782198553956136,5,0,5
DAPT_minus_T0,UNCERTAINTY_GLOBAL,DOMAIN_OOD,0.25,0.02,empirical_fpr,10,0.0026438569206842276,0.006222999452326623,-0.0018078087134992798,0.007095522554867735,0.20703125,0.42485250737018077,7,0,3
DAPT_minus_T0,UNCERTAINTY_GLOBAL,DOMAIN_OOD,0.25,0.02,precision,10,-0.0024098068188668,0.005952767326395347,-0.006668160035545458,0.001848546397811858,0.22265625,-0.40482126828330783,3,0,7
DAPT_minus_T0,UNCERTAINTY_GLOBAL,DOMAIN_OOD,0.25,0.02,f1,10,0.008265239101505539,0.030249849368617465,-0.013374199549441993,0.02990467775245307,0.478515625,0.2732324052522478,5,0,5
DAPT_minus_T0,UNCERTAINTY_GLOBAL,DOMAIN_OOD,0.25,0.02,average_precision,10,1.4628597911170437e-05,0.004970288668183157,-0.0035409017256292402,0.0035701589214515808,0.982421875,0.0029432089135615104,6,0,4
DAPT_minus_T0,UNCERTAINTY_GLOBAL,DOMAIN_OOD,0.25,0.02,roc_auc,10,-0.001248373774973144,0.005895842268291553,-0.005466005258213466,0.0029692577082671783,0.51953125,-0.21173798724009743,6,0,4
DAPT_minus_T0,UNCERTAINTY_GLOBAL,TEMPLATE_OOD,0.25,0.02,recall,10,0.01440281030444963,0.04302687857393938,-0.016376764426539646,0.04518238503543891,0.36328125,0.3347398366279156,5,0,5
DAPT_minus_T0,UNCERTAINTY_GLOBAL,TEMPLATE_OOD,0.25,0.02,empirical_fpr,10,-0.001317330210772892,0.004756963209420795,-0.004720256694164517,0.002085596272618732,0.419921875,-0.27692671832399757,5,0,5
DAPT_minus_T0,UNCERTAINTY_GLOBAL,TEMPLATE_OOD,0.25,0.02,precision,10,0.0017311351041108592,0.004675090709453003,-0.0016132233210182745,0.0050754935292399925,0.3671875,0.3702890942009992,5,0,5
DAPT_minus_T0,UNCERTAINTY_GLOBAL,TEMPLATE_OOD,0.25,0.02,f1,10,0.00880968316942653,0.02381344319936459,-0.008225427878599999,0.02584479421745306,0.302734375,0.3699457947207566,5,0,5
DAPT_minus_T0,UNCERTAINTY_GLOBAL,TEMPLATE_OOD,0.25,0.02,average_precision,10,0.0007528121300764302,0.005366519455624039,-0.0030861646236250125,0.004591788883777873,0.673828125,0.14027940014034485,5,0,5
DAPT_minus_T0,UNCERTAINTY_GLOBAL,TEMPLATE_OOD,0.25,0.02,roc_auc,10,0.0008111238818290345,0.006976847923903699,-0.004179812462565889,0.005802060226223958,0.720703125,0.11625936105759245,6,0,4
DAPT_minus_T0,UNCERTAINTY_GLOBAL,DOMAIN_TEMPLATE_OOD,0.25,0.02,recall,10,0.01790722761596548,0.056477869369361285,-0.022494606272914445,0.05830906150484541,0.380859375,0.3170662742047416,5,0,5
DAPT_minus_T0,UNCERTAINTY_GLOBAL,DOMAIN_TEMPLATE_OOD,0.25,0.02,empirical_fpr,10,0.0022653721682847497,0.0061906765096461204,-0.0021631710256303956,0.006693915362199895,0.2890625,0.36593289356258835,6,2,2
DAPT_minus_T0,UNCERTAINTY_GLOBAL,DOMAIN_TEMPLATE_OOD,0.25,0.02,precision,10,-0.002037866662388721,0.006090923177025278,-0.006395050620918195,0.0023193172961407525,0.306640625,-0.3345743499237478,3,0,7
DAPT_minus_T0,UNCERTAINTY_GLOBAL,DOMAIN_TEMPLATE_OOD,0.25,0.02,f1,10,0.009232661692336252,0.03238108369801417,-0.01393137015442464,0.032396693539097146,0.44140625,0.2851251606783766,5,0,5
DAPT_minus_T0,UNCERTAINTY_GLOBAL,DOMAIN_TEMPLATE_OOD,0.25,0.02,average_precision,10,-7.587250137714996e-05,0.00515383343061568,-0.003762702838281655,0.003610957835527355,0.962890625,-0.014721566460886994,6,0,4
DAPT_minus_T0,UNCERTAINTY_GLOBAL,DOMAIN_TEMPLATE_OOD,0.25,0.02,roc_auc,10,-0.0007703539622193611,0.006351288621404666,-0.005313792139466352,0.0037730842150276297,0.701171875,-0.12129097072099172,6,0,4
