Path;Bytes;SHA256
00_START_HERE/AUDIT_COMPLETENESS.md;1672;7024e7204877d72dcc85db19939d932c6d950cf2ba307c7b07ccbabeadde2ce8
00_START_HERE/EVIDENCE_PRIORITY.md;602;2015c2207f3806a2a518c6049033c3f5c26c9f54e43db9b56a72865167b3ac2c
00_START_HERE/EXPERIMENT_REGISTER_AUDITED.csv;1366;2e921c8ad8a44251cd163849207afa5cb93feb241dd134ffea0bd0e0b3b2089a
00_START_HERE/README.md;692;0d2b1ad30fd99320fb099b71c8e6fe8856aabcd06a5329953ef61048cd7dbeef
01_GOVERNANCE/2026-02-11 - DHBW MOS - SG W-WI - Arbeiten - Hinweise und Richtlinien - 2S.pdf;1869642;cd1d1a8d4882da3d9f460f6df87efd9d5be26d6611adbf5b8e2fa85009ead8ef
01_GOVERNANCE/Bachelorarbeit-THEMA.txt;16149;251ce2551eea2455ed29deb1d02d55502dbfdd699bccef7d45f6325585862cba
01_GOVERNANCE/Gutachtenformular_PA-BA_09.01.2023.dotx;67942;d073a2dfe703f5d42d678315b70a8ecec76e441580f7f84a12be712ce3873ca9
02_CANONICAL_NOTEBOOKS/E01_CORE_FREEZE/phreshphish_final_freeze_evaluation_v5_resume.ipynb;78744;1a51fabece14112ba7cf2950fd499e085258e47d9e73ee7f7b8f2b53e0bdaefd
02_CANONICAL_NOTEBOOKS/E02_HYBRID_5SEED_SUPPORT/phreshphish_hybrid_freeze_extension_fpr_apfix_v3_resume.ipynb;106839;cce496957e408ddeffb1bedad6306958044c633489daaba6c62159af339d2ca5
02_CANONICAL_NOTEBOOKS/E03_FINAL_N10_PRIMARY/phreshphish_FINAL_BACHELOR_RUN_N10_PRUEFSICHER.ipynb;304958;740619fb04c36d2d43c628cbd1b1a2238d6567921df21b61e4aade8ddda739ff
02_CANONICAL_NOTEBOOKS/E04_PRODUCTIVE_AL/phreshphish_PRODUCTIVE_CASCADE_AL_SSL_LOOP.ipynb;384261;2f5d9e99bb92794ccf14550476ec5c97231392f2280e7eaf9b294caed7b5f071
02_CANONICAL_NOTEBOOKS/E05_SSL_REFRESH_ABLATION/phreshphish_PRODUCTIVE_LOOP_FINISH_ONLY_v2_FLAT_KAGGLE.ipynb;67144;e5517727ec06476d390baa72f975183f9c8d596cdc1c1f73f4d66cf9887efa5c
02_CANONICAL_NOTEBOOKS/E06_AL_SSL_ORIGINAL10/phreshphish_AL_SSL_INTERACTION_N10_FAST_3H30_v2_BUDGETKEY_FIX.ipynb;85400;5989e5da459ec3127d18c1e6e1aed79de2662f3b981351af3e9f4d41f057215c
02_CANONICAL_NOTEBOOKS/E07_REPLICATION10_RUNNING/phreshphish_AL_SSL_INTERACTION_INDEPENDENT_REPLICATION10.ipynb;45437;4717e8477874ccf0a113ef5c5ac02234b57aa5e8a719aa6cbd8ebbe145856721
03_NOTEBOOK_HISTORY/E01_FREEZE_FIX_HISTORY/phreshphish_final_freeze_evaluation.ipynb;61808;5df4478a2746b11506272dd41f9ecf932cf2153c296c3147be7984be27c1ba50
03_NOTEBOOK_HISTORY/E01_FREEZE_FIX_HISTORY/phreshphish_final_freeze_evaluation_v2.ipynb;62844;59ab3d1a9e45804e40446e149e2b4cadcd88592beed5fc51bb6636b999d263e4
03_NOTEBOOK_HISTORY/E01_FREEZE_FIX_HISTORY/phreshphish_final_freeze_evaluation_v3.ipynb;71124;e88f1bf7a6efd9dc96791553a4a9af3ef299d462405e98f06fb256b003a85ec2
03_NOTEBOOK_HISTORY/E01_FREEZE_FIX_HISTORY/phreshphish_final_freeze_evaluation_v4.ipynb;73568;dc490a738f9a3da905bc0f7c1b01906ca5cf0887db91228606bfcd61b9f0ba06
03_NOTEBOOK_HISTORY/E02_HYBRID_FIX_HISTORY/phreshphish_FINAL_BACHELOR_RUN.ipynb;248300;924deac7a495451b107fccbe0e617d705ddebc85dee53e2223f9d6b0d64cf8d2
03_NOTEBOOK_HISTORY/E02_HYBRID_FIX_HISTORY/phreshphish_cascade_error_analysis_25pct.ipynb;42214;0b516697174fc57c2ef0d28dbe4ee50357da6501b7c3272caf96e354d048349b
03_NOTEBOOK_HISTORY/E02_HYBRID_FIX_HISTORY/phreshphish_hybrid_freeze_extension_fpr_apfix.ipynb;96071;4f9e36f6fb605fedcf5f9c0a8732cee5c13e69277e480638630cece02e7dad17
03_NOTEBOOK_HISTORY/E04_PRODUCTIVE_AL_FIX_HISTORY/phreshphish_PRODUCTIVE_CASCADE_AL_SSL_LOOP_v2_RESUME_FIX.ipynb;386074;65435338c283a5d1dd4b7712c33596ab0cb563daf0d55dc88bf3849e1416a993
03_NOTEBOOK_HISTORY/E05_SSL_REFRESH_FIX_HISTORY/phreshphish_PRODUCTIVE_LOOP_FINISH_ONLY.ipynb;62755;84885e19cd15118948aa31dccdc08cc00335b0ca4cd5425a984f36b6f5cc7efb
03_NOTEBOOK_HISTORY/E06_AL_SSL_FIX_HISTORY/phreshphish_AL_SSL_INTERACTION_N10_FAST_3H30.ipynb;82052;57c6d73e32c097c30b922439878c66e4625f06daf121f08d14ae6cf623eae30b
03_NOTEBOOK_HISTORY/E06_AL_SSL_FIX_HISTORY/phreshphish_AL_SSL_INTERACTION_N10_OVERNIGHT.ipynb;83204;be98f39db41f06f4cbe38b5d45e1d81ff9d0a29f7872efb33d9f022cd3170cc1
03_NOTEBOOK_HISTORY/README_HISTORY_STATUS.md;1595;19d19fdb724d5f23d54f27a180246e898e0191d7a4eaa62caa4703daa710276b
04_RESULTS/E01_CORE_FREEZE/FINAL_FREEZE_COMPLETE.json;203;6bf0a86f5c92e43bacbf97187398d4af36bc6220f574aeac3c0a22288b479485
04_RESULTS/E01_CORE_FREEZE/artifact_audit.json;1134;2083055a319cd880e248c82da84a944505351d81415ad14aefd41ca486c13bd8
04_RESULTS/E01_CORE_FREEZE/best_classifier_params.json;242;bea8f683ea5826d92d39ddf0ec6c1359f7041c0b4ed64839c1043aa330b1b7e9
04_RESULTS/E01_CORE_FREEZE/classifier_tuning.csv;3104;715b0134527755d75e3bbd427f2a641d1bd01f6d4834dc1900e9f05835375319
04_RESULTS/E01_CORE_FREEZE/configuration.json;999;7b63177a9b5cec8c200070ede07c54c3efc354ba5d576579365fad72087a4ed1
04_RESULTS/E01_CORE_FREEZE/contrastive_training_history.csv;1;01ba4719c80b6fe911b091a7c05124b64eeece964e09c058ef8f9805daca546b
04_RESULTS/E01_CORE_FREEZE/effect_confidence_intervals.csv;71011;81e665c8a65242b9ea85e37ae0fdc546118d52565ae36fbc5bb584ae6915f3ab
04_RESULTS/E01_CORE_FREEZE/label_budget_audit.csv;337;c356bc5e27b100cf7400c65871b990b209d0650772eb98839cbed5bbbfd72a0f
04_RESULTS/E01_CORE_FREEZE/results_long.csv;184493;77680db9e4543e93a9db7c2cc7459eea7f80af32b17df0e08c9c3df12e290c75
04_RESULTS/E01_CORE_FREEZE/scenario_regression_audit.json;957;5dd4d7041d28aab6953c7d483605b99df73d5dddfaea4947dfb268fb4307fc1e
04_RESULTS/E01_CORE_FREEZE/scenario_summary.csv;199;159bda937b92a78963b070dd25df7766889489ce701a8fdf7214e55a08803cb1
04_RESULTS/E01_CORE_FREEZE/shift_degradation.csv;246422;9fb15cef318c6cd0d8ca72a9e0708752e9e2ded0f70cfbc1125e34b8637f340f
04_RESULTS/E01_CORE_FREEZE/ssl_effects.csv;193805;1f637f8fb2081e0f8f5736428106c0c3e3b8f93a9d93c42c54213ebb2df57188
04_RESULTS/E01_CORE_FREEZE/summary_metrics(2).csv;25149;df09af8fd681fd19a997c8c7e7819b9fa4055c6f29525330e672fec6b235539d
04_RESULTS/E02_HYBRID_5SEED_SUPPORT/EXTRACTED/DAPT_E2E_training_history_seed42.csv;255;1531cf2f1fe385334840951be62f5752c12a26ee4511dd7805a9da9826e2f77d
04_RESULTS/E02_HYBRID_5SEED_SUPPORT/EXTRACTED/DAPT_E2E_training_history_seed52.csv;255;5e83cc85829d5eca31672497ed60b0b433c64a70898c3ade683df0f5727c82e0
04_RESULTS/E02_HYBRID_5SEED_SUPPORT/EXTRACTED/DAPT_E2E_training_history_seed62.csv;257;a00a1768c7a6aec4a88a7d1e9ab948444cd15642c5cb25befa19e431f7407b6c
04_RESULTS/E02_HYBRID_5SEED_SUPPORT/EXTRACTED/DAPT_E2E_training_history_seed72.csv;257;579522ea949e031a50491bf70cafb92d5b39be4bf6670bd0907673427177e439
04_RESULTS/E02_HYBRID_5SEED_SUPPORT/EXTRACTED/DAPT_E2E_training_history_seed82.csv;257;707fc1d28ccec232c2465644b5f884d30b6ab3cd6e7b216065042736dd0e3fd8
04_RESULTS/E02_HYBRID_5SEED_SUPPORT/EXTRACTED/HYBRID_FREEZE_EXTENSION_COMPLETE.json;991;bd2728885507710430bf86ecd2452d0d3992928b47d7ef83afa98b9f67293e98
04_RESULTS/E02_HYBRID_5SEED_SUPPORT/EXTRACTED/T0_E2E_training_history_seed42.csv;243;4e4c185316a07754c39ae6178c2d23a30536e232381cf441db1649dd3d8664b0
04_RESULTS/E02_HYBRID_5SEED_SUPPORT/EXTRACTED/T0_E2E_training_history_seed52.csv;245;7d1ea5841191002ed27e232c26f1f49b75ec0a1f2ba043be13c048487ed8e5a2
04_RESULTS/E02_HYBRID_5SEED_SUPPORT/EXTRACTED/T0_E2E_training_history_seed62.csv;247;d1b1fd72956041005bd9bcd2b4543b56172273a84d0b9c28859e20a6f0c8d6bb
04_RESULTS/E02_HYBRID_5SEED_SUPPORT/EXTRACTED/T0_E2E_training_history_seed72.csv;246;4a1dc6b7a46773461e211d3b88c1d1a2617f96ae82f6ddf3126866c8134b4f3d
04_RESULTS/E02_HYBRID_5SEED_SUPPORT/EXTRACTED/T0_E2E_training_history_seed82.csv;246;6e5b0b5d292a618f5526bb772e84be9315787584633f56769fd7adae5a067509
04_RESULTS/E02_HYBRID_5SEED_SUPPORT/EXTRACTED/TABLE_cascade_stress_all_fpr.csv;41466;9ea233cedd4916167529700e0db80c2fd248fd6824ff70f500140bef1d760ff0
04_RESULTS/E02_HYBRID_5SEED_SUPPORT/EXTRACTED/TABLE_error_complementarity_stress.csv;11871;3aecace28e19661595348f2e2ffbbaa3efcc584b2d2fec92fcca4752503d4df0
04_RESULTS/E02_HYBRID_5SEED_SUPPORT/EXTRACTED/TABLE_freeze_25pct_primary_fpr.csv;14160;3b046d2adfcbdfc51c8ebcda29cd847f499b12d412a035b570adfae68d0f5f11
04_RESULTS/E02_HYBRID_5SEED_SUPPORT/EXTRACTED/TABLE_system_stress_all_fpr.csv;17911;51d6a8dddf7bec2cf2b5a5ab0e592e4388ddc23afbce25ba8dbf0be607d362d7
04_RESULTS/E02_HYBRID_5SEED_SUPPORT/EXTRACTED/ap_equal_n_sensitivity_results.csv;442302;5ac3eb41fb21830384f92b31d962ef88d7608fee96640b0ea76c5f5a1528f6ec
04_RESULTS/E02_HYBRID_5SEED_SUPPORT/EXTRACTED/ap_shift_corrected_prevalence_matched.csv;401491;16d6c2c0a4bb45384123afe5673feabcc2a2d07d390e468822022fc8f71ac029
04_RESULTS/E02_HYBRID_5SEED_SUPPORT/EXTRACTED/ap_shift_equal_n_sensitivity.csv;291693;39fd517b9e6a9a5e67cccaf0610c40fcf28678c491a11474439628bdb67f6bfe
04_RESULTS/E02_HYBRID_5SEED_SUPPORT/EXTRACTED/b0_structural_feature_columns.csv;656;9b63ff91c7d642205ff6f06bf2063b50c3c6f3899bca637098ac19a4ce91f512
04_RESULTS/E02_HYBRID_5SEED_SUPPORT/EXTRACTED/b0_train_only_tuning.csv;2379;3d5ebd154006480ac19545a81abc4d4111d9cb91191780c3d6d1302ca9f113a4
04_RESULTS/E02_HYBRID_5SEED_SUPPORT/EXTRACTED/cascade_results.csv;624357;fb452f1482c87508940730cbfa1b105ac7047cee0fd6ef75f372369da13c6d9d
04_RESULTS/E02_HYBRID_5SEED_SUPPORT/EXTRACTED/cascade_summary.csv;62779;375aa8aad2c271a8acc9064747a4e1f0a976070b3530270627fda20ad7b84849
04_RESULTS/E02_HYBRID_5SEED_SUPPORT/EXTRACTED/error_complementarity.csv;105107;3aa031a28a62196e7962188acf14e5a18605903aa70d4fc7cd182ea2f4139073
04_RESULTS/E02_HYBRID_5SEED_SUPPORT/EXTRACTED/error_complementarity_summary.csv;17698;b6a8a5848dae88b9023129382def2249bd262ff97c99d6afe3b93e578e4c05b7
04_RESULTS/E02_HYBRID_5SEED_SUPPORT/EXTRACTED/error_feature_profiles_seed42.csv;29473;43528461900b171c299638d1ec0fbfc1ce417511583f737c834a8bed1036244a
04_RESULTS/E02_HYBRID_5SEED_SUPPORT/EXTRACTED/freeze_corrected_results.csv;633597;ad9bcc4057b4065dfaef627fe37b9f80cc4b888e9093dfe485e71d6cb64f41e9
04_RESULTS/E02_HYBRID_5SEED_SUPPORT/EXTRACTED/freeze_corrected_summary.csv;123292;1c92d3344a2809a6f9806d2d547c26cb6dfa166f7d3d234a7d81e7ef1195f952
04_RESULTS/E02_HYBRID_5SEED_SUPPORT/EXTRACTED/freeze_scores/BASE_LOGREG_seed42_budget0p1.npz;46485;9096dd2458d5d1e294fb9e7cdb666f171c183f5196b5cd4c23eabecd0944d86b
04_RESULTS/E02_HYBRID_5SEED_SUPPORT/EXTRACTED/freeze_scores/BASE_LOGREG_seed42_budget0p25.npz;46312;bd93e30409f564279a9d9d1b9d6442bf2a08bd16ab08502db2529ce751d6e8b9
04_RESULTS/E02_HYBRID_5SEED_SUPPORT/EXTRACTED/freeze_scores/BASE_LOGREG_seed42_budget1p0.npz;46344;6f6fec45bf9d3d65cdceaa45eda2abfda0a67961a5ede18a6d1172bf6336c28b
04_RESULTS/E02_HYBRID_5SEED_SUPPORT/EXTRACTED/freeze_scores/BASE_LOGREG_seed52_budget0p1.npz;46285;82f41fafa49d6bc11ff284077eb7e7b9c14320ce0f2ff610e0ea06bb83f5c837
04_RESULTS/E02_HYBRID_5SEED_SUPPORT/EXTRACTED/freeze_scores/BASE_LOGREG_seed52_budget0p25.npz;46001;9c890a320f8d3ffc2ee996e4d9e1da9dfcb5711570775682151091fae3ca551d
04_RESULTS/E02_HYBRID_5SEED_SUPPORT/EXTRACTED/freeze_scores/BASE_LOGREG_seed52_budget1p0.npz;46344;4faf7259a95a1d1715d58e2cdab3bba78e437dda042d258aa4508ffb8e7792af
04_RESULTS/E02_HYBRID_5SEED_SUPPORT/EXTRACTED/freeze_scores/BASE_LOGREG_seed62_budget0p1.npz;46009;84d89f3adc89ff0ed120a6df67b3c6996dba9f68008e6bd1725f51ee418ed6e0
04_RESULTS/E02_HYBRID_5SEED_SUPPORT/EXTRACTED/freeze_scores/BASE_LOGREG_seed62_budget0p25.npz;46050;f69a8ea53d8c9ed967ec06b9fb00e89b48c2e2d378771837650d08bd08d5df75
04_RESULTS/E02_HYBRID_5SEED_SUPPORT/EXTRACTED/freeze_scores/BASE_LOGREG_seed62_budget1p0.npz;46344;ab9af04ad9c9613c7d416c8f1eeddad9fec1476fe7e1f79f551372f916dfd444
04_RESULTS/E02_HYBRID_5SEED_SUPPORT/EXTRACTED/freeze_scores/BASE_LOGREG_seed72_budget0p1.npz;45961;5ac4df65bf551aa0c64b4392514e6d934dcc85a0f86545d3077bbcafb37b0fe6
04_RESULTS/E02_HYBRID_5SEED_SUPPORT/EXTRACTED/freeze_scores/BASE_LOGREG_seed72_budget0p25.npz;46043;185a5dc0b190d84607d7294da983516f0e2b3dc7aef0e7b572893ec93775ac06
04_RESULTS/E02_HYBRID_5SEED_SUPPORT/EXTRACTED/freeze_scores/BASE_LOGREG_seed72_budget1p0.npz;46344;94b62c4376b774ef0d2ef481c85b6f0ea666f0a6c4f2a9abb09dcfd58389cffe
04_RESULTS/E02_HYBRID_5SEED_SUPPORT/EXTRACTED/freeze_scores/BASE_LOGREG_seed82_budget0p1.npz;46159;d69569f27a35f1ea799291c920c9160a7354c90a8e6aab744bf6ddf0424b3bee
04_RESULTS/E02_HYBRID_5SEED_SUPPORT/EXTRACTED/freeze_scores/BASE_LOGREG_seed82_budget0p25.npz;46220;baf3c49ca5a985b6b81f00b8e6958041a44cb6d669ef373522ff9fc6bba205cd
04_RESULTS/E02_HYBRID_5SEED_SUPPORT/EXTRACTED/freeze_scores/BASE_LOGREG_seed82_budget1p0.npz;46344;9734a975441e9d70a8cc023ceb3236df5e14119f297e5e3ac9e2a04c8ff45d6c
04_RESULTS/E02_HYBRID_5SEED_SUPPORT/EXTRACTED/freeze_scores/BASE_MLP_seed42_budget0p1.npz;46348;bfbd2899012cc3c843ba18f93ecb703d63678283e4ac064851c6ab6ff63679be
04_RESULTS/E02_HYBRID_5SEED_SUPPORT/EXTRACTED/freeze_scores/BASE_MLP_seed42_budget0p25.npz;46054;5c1f6aa742a00f01556aeb0277cf1c303f5f88020383982cfeec9f72d73dcb05
04_RESULTS/E02_HYBRID_5SEED_SUPPORT/EXTRACTED/freeze_scores/BASE_MLP_seed42_budget1p0.npz;45267;12b1116790aab816ad0f3625e1b61c3d52967a1ebe046036e1cbe2ec895e05ae
04_RESULTS/E02_HYBRID_5SEED_SUPPORT/EXTRACTED/freeze_scores/BASE_MLP_seed52_budget0p1.npz;45688;244a16cecf8d61cf02bb70522f62328e45fe055eb08ae005266c991d69cce727
04_RESULTS/E02_HYBRID_5SEED_SUPPORT/EXTRACTED/freeze_scores/BASE_MLP_seed52_budget0p25.npz;45843;ea0226834a914668b0c27619bed67c369d24fe2f4e8f5aa9567bdb210589511a
04_RESULTS/E02_HYBRID_5SEED_SUPPORT/EXTRACTED/freeze_scores/BASE_MLP_seed52_budget1p0.npz;45389;6b7ba18c98baa449af75b0052f2242e7e1e53b38c56fc9a2aab6c6de1258aa9f
04_RESULTS/E02_HYBRID_5SEED_SUPPORT/EXTRACTED/freeze_scores/BASE_MLP_seed62_budget0p1.npz;46343;36bbfbd8db9f253afe9a39e6193013ce100772eac4b1edd40b77248bd41a7350
04_RESULTS/E02_HYBRID_5SEED_SUPPORT/EXTRACTED/freeze_scores/BASE_MLP_seed62_budget0p25.npz;46106;9169d030210750d0a214f07b77886415c4a47f82d57e6e3c3749eb0d83d5c6f1
04_RESULTS/E02_HYBRID_5SEED_SUPPORT/EXTRACTED/freeze_scores/BASE_MLP_seed62_budget1p0.npz;45360;b78469ac4af3c33193b14355993d6684b1fd427e5ab8b624a02acb2225a690d0
04_RESULTS/E02_HYBRID_5SEED_SUPPORT/EXTRACTED/freeze_scores/BASE_MLP_seed72_budget0p1.npz;46043;8d72be64d5d623b79a71270c2c2eff7cf0e5d2438c5aa8a81eea94450ef6b560
04_RESULTS/E02_HYBRID_5SEED_SUPPORT/EXTRACTED/freeze_scores/BASE_MLP_seed72_budget0p25.npz;46271;b5cc3b62933d62089c1f7d597339c2eb046c0dac4a8879bbbf52f17ef6d861da
04_RESULTS/E02_HYBRID_5SEED_SUPPORT/EXTRACTED/freeze_scores/BASE_MLP_seed72_budget1p0.npz;46040;33b05c9ff73a8145f3ab312c6d507e30ddba7476e710ac96e208c412ac90ac3c
04_RESULTS/E02_HYBRID_5SEED_SUPPORT/EXTRACTED/freeze_scores/BASE_MLP_seed82_budget0p1.npz;46376;98fde44f5c36ddf52973ef0875cea86b33965adea39f096f389e1357258bff9a
04_RESULTS/E02_HYBRID_5SEED_SUPPORT/EXTRACTED/freeze_scores/BASE_MLP_seed82_budget0p25.npz;46249;8724ca2e9eadf819e9888d60877270571fba4750b54e3d0598e6c387830cc77b
04_RESULTS/E02_HYBRID_5SEED_SUPPORT/EXTRACTED/freeze_scores/BASE_MLP_seed82_budget1p0.npz;44940;c10acc79507302663a6f36254e1a507dddf871f98ffd86ce7a289fae82c7a817
04_RESULTS/E02_HYBRID_5SEED_SUPPORT/EXTRACTED/freeze_scores/BASE_XGBOOST_seed42_budget0p1.npz;46213;f7f5e93ba0e9d602bb1e92611f496a021a49c0b6124227f113c6216e1d536f97
04_RESULTS/E02_HYBRID_5SEED_SUPPORT/EXTRACTED/freeze_scores/BASE_XGBOOST_seed42_budget0p25.npz;46241;4b3e8fd6e949157fdb639b2ed8ee5924a629011353666a4be081b2dfb5710a26
04_RESULTS/E02_HYBRID_5SEED_SUPPORT/EXTRACTED/freeze_scores/BASE_XGBOOST_seed42_budget1p0.npz;46356;836a1ec0097dafa758883c0d5b1948da7cde8ccbcc2553d9883cdffd4886b322
04_RESULTS/E02_HYBRID_5SEED_SUPPORT/EXTRACTED/freeze_scores/BASE_XGBOOST_seed52_budget0p1.npz;46115;9d80e6f6f7501a58674a0cab50d554f41bcbe7abeb48d06da09da372d6f7aa9a
04_RESULTS/E02_HYBRID_5SEED_SUPPORT/EXTRACTED/freeze_scores/BASE_XGBOOST_seed52_budget0p25.npz;46222;223c72fef124d166dd09280ae1d42c6e706be89b1f3753321eeefd18e847212a
04_RESULTS/E02_HYBRID_5SEED_SUPPORT/EXTRACTED/freeze_scores/BASE_XGBOOST_seed52_budget1p0.npz;46350;f3328b8c7b7c9ed1685405f3d19e92cfcbd021d25cca219318255e9af3cacf2d
04_RESULTS/E02_HYBRID_5SEED_SUPPORT/EXTRACTED/freeze_scores/BASE_XGBOOST_seed62_budget0p1.npz;46119;d9a1547ac1540019cdea2343d187fb86ae24d38e0cf6b91e0a6800c295c0bb5f
04_RESULTS/E02_HYBRID_5SEED_SUPPORT/EXTRACTED/freeze_scores/BASE_XGBOOST_seed62_budget0p25.npz;46170;13dc612a0c8f98d66ef0fbfb4a4f1959a87883d128cecd6b526e95fa0c66250b
04_RESULTS/E02_HYBRID_5SEED_SUPPORT/EXTRACTED/freeze_scores/BASE_XGBOOST_seed62_budget1p0.npz;46361;7e45718e2da8318f99df3dff6b4ce4170530dddef816cd4c290e379b33e3e27a
04_RESULTS/E02_HYBRID_5SEED_SUPPORT/EXTRACTED/freeze_scores/BASE_XGBOOST_seed72_budget0p1.npz;45999;5b84a52c177c9f35a769003d5f52954e15e6b4aafe35e419e961302f11ae3892
04_RESULTS/E02_HYBRID_5SEED_SUPPORT/EXTRACTED/freeze_scores/BASE_XGBOOST_seed72_budget0p25.npz;46230;d7630d1b04db31ec5cdbd6a07d6da7d119a4e71bda61afbbb4437437e7d85e93
04_RESULTS/E02_HYBRID_5SEED_SUPPORT/EXTRACTED/freeze_scores/BASE_XGBOOST_seed72_budget1p0.npz;46355;c46110e0307aa275b56895945234b96fc10d37f45effaea742db5e3b8e2a2ed4
04_RESULTS/E02_HYBRID_5SEED_SUPPORT/EXTRACTED/freeze_scores/BASE_XGBOOST_seed82_budget0p1.npz;46127;a2d78a55368e95fab04dd3664f141dfa321cdc2a4e3126c6ce5ac56ded5b7609
04_RESULTS/E02_HYBRID_5SEED_SUPPORT/EXTRACTED/freeze_scores/BASE_XGBOOST_seed82_budget0p25.npz;46193;91d162a6bd9c6afc723342d304c87f0891ed52256bfeaf9ffc083be24223c8db
04_RESULTS/E02_HYBRID_5SEED_SUPPORT/EXTRACTED/freeze_scores/BASE_XGBOOST_seed82_budget1p0.npz;46377;710a0751caa2cc8cfce412d1aa964a2cd2620b3965f666e48e7abdbafb7b2ead
04_RESULTS/E02_HYBRID_5SEED_SUPPORT/EXTRACTED/freeze_scores/CONTRASTIVE_LOGREG_seed42_budget0p1.npz;46223;a1f93d74767fec4b0b77eb08f51c6ddaeaa87c25db0e64094e65480fc3ddaf5d
04_RESULTS/E02_HYBRID_5SEED_SUPPORT/EXTRACTED/freeze_scores/CONTRASTIVE_LOGREG_seed42_budget0p25.npz;46437;a9d436ac5542a25d4ef4e4a237ffa2d2f39caeb6522ca49b9c66f1100d9be338
04_RESULTS/E02_HYBRID_5SEED_SUPPORT/EXTRACTED/freeze_scores/CONTRASTIVE_LOGREG_seed42_budget1p0.npz;46685;0d34476a1de5debc583594f1354c7944439531e11fce311b3ca57665f71d1777
04_RESULTS/E02_HYBRID_5SEED_SUPPORT/EXTRACTED/freeze_scores/CONTRASTIVE_LOGREG_seed52_budget0p1.npz;46234;ed421b73aae71831476d336344dd707ba6b39e6198f64dfec3dbf9ccb2f8808a
04_RESULTS/E02_HYBRID_5SEED_SUPPORT/EXTRACTED/freeze_scores/CONTRASTIVE_LOGREG_seed52_budget0p25.npz;46367;616fbb31a6586162503bf537b48927578d0f5e70f50e0209dbe3f2342ad14d1d
04_RESULTS/E02_HYBRID_5SEED_SUPPORT/EXTRACTED/freeze_scores/CONTRASTIVE_LOGREG_seed52_budget1p0.npz;46471;786393c3d2bf8700057404cc5aed6635726cef255691c4ba243e932fae081c53
04_RESULTS/E02_HYBRID_5SEED_SUPPORT/EXTRACTED/freeze_scores/CONTRASTIVE_LOGREG_seed62_budget0p1.npz;46185;e21de1599fcd4b817cc72d631c174738cf596bf623c8b6e3aa868ca094b73756
04_RESULTS/E02_HYBRID_5SEED_SUPPORT/EXTRACTED/freeze_scores/CONTRASTIVE_LOGREG_seed62_budget0p25.npz;46414;8ea95bf3f34d7599b258c3004f0c9c674d8599bfe10ff82a0bbb84c32743ca91
04_RESULTS/E02_HYBRID_5SEED_SUPPORT/EXTRACTED/freeze_scores/CONTRASTIVE_LOGREG_seed62_budget1p0.npz;46601;b5fd89164cffc0f5a5b98b8366f6c8c58c4b1ceeec3acf7d951920d9933c59fa
04_RESULTS/E02_HYBRID_5SEED_SUPPORT/EXTRACTED/freeze_scores/CONTRASTIVE_LOGREG_seed72_budget0p1.npz;46221;f828bd40ff65b687455ddba73c9310bd128bab95f086a41712cd687996c3a519
04_RESULTS/E02_HYBRID_5SEED_SUPPORT/EXTRACTED/freeze_scores/CONTRASTIVE_LOGREG_seed72_budget0p25.npz;46354;2aa0a628d02bdb15b489a1e6d738a35ed951fb85b26855e8203b41aed9b9e2b3
04_RESULTS/E02_HYBRID_5SEED_SUPPORT/EXTRACTED/freeze_scores/CONTRASTIVE_LOGREG_seed72_budget1p0.npz;46636;2b8c964714e43b7118bb0bf6650b437dd771ae98d6674a7924ac860612b997f9
04_RESULTS/E02_HYBRID_5SEED_SUPPORT/EXTRACTED/freeze_scores/CONTRASTIVE_LOGREG_seed82_budget0p1.npz;46294;7a7d8c69bf1f8a8f4bb57f6dc9b64fb03e3cad64160a8ce45433dab08cc929f5
04_RESULTS/E02_HYBRID_5SEED_SUPPORT/EXTRACTED/freeze_scores/CONTRASTIVE_LOGREG_seed82_budget0p25.npz;46265;a3673098bd926b4860db98ba58fee6ea6f8f4fe8fa967adbd7e119987184acd4
04_RESULTS/E02_HYBRID_5SEED_SUPPORT/EXTRACTED/freeze_scores/CONTRASTIVE_LOGREG_seed82_budget1p0.npz;46499;49e8773579a3904fa1f96c9301aebbab88a8930ab565b32f8b0b7c574cf6c3d7
04_RESULTS/E02_HYBRID_5SEED_SUPPORT/EXTRACTED/freeze_scores/CONTRASTIVE_MLP_seed42_budget0p1.npz;46124;d31c823b9d332aaa39a545f52d4813b02a2ab9d1b5233537983777dc7bf1d468
04_RESULTS/E02_HYBRID_5SEED_SUPPORT/EXTRACTED/freeze_scores/CONTRASTIVE_MLP_seed42_budget0p25.npz;46263;dd5c8582d31544cdda646ac4ea49a313e671196085f2567b2712d7e3344f9956
04_RESULTS/E02_HYBRID_5SEED_SUPPORT/EXTRACTED/freeze_scores/CONTRASTIVE_MLP_seed42_budget1p0.npz;46531;171a594786b276d28fa63caf17bf738d40125d4d0006b4ba3f8d359df55f76d3
04_RESULTS/E02_HYBRID_5SEED_SUPPORT/EXTRACTED/freeze_scores/CONTRASTIVE_MLP_seed52_budget0p1.npz;46146;ed6f50ea23873d485952390079cf9a9d97a107281d492ac547ace7d2027104f0
04_RESULTS/E02_HYBRID_5SEED_SUPPORT/EXTRACTED/freeze_scores/CONTRASTIVE_MLP_seed52_budget0p25.npz;46213;8566292f4323e29375ba3ff2b1432775863e7b5f24259af90b2333dc5bc32405
04_RESULTS/E02_HYBRID_5SEED_SUPPORT/EXTRACTED/freeze_scores/CONTRASTIVE_MLP_seed52_budget1p0.npz;46554;ea50ed308dcdbd0de792e10a3b91e3cfe593d272c8de508cf43d29a9125e0ac2
04_RESULTS/E02_HYBRID_5SEED_SUPPORT/EXTRACTED/freeze_scores/CONTRASTIVE_MLP_seed62_budget0p1.npz;45570;6547de6f7db20250d1247b71cdd762704a225556cc67713efa2d992d1bc03e1b
04_RESULTS/E02_HYBRID_5SEED_SUPPORT/EXTRACTED/freeze_scores/CONTRASTIVE_MLP_seed62_budget0p25.npz;46366;177085cc3437ce737fde6f671a1c1b89dc9b8a724ca9fe5843a5a43907d37ec3
04_RESULTS/E02_HYBRID_5SEED_SUPPORT/EXTRACTED/freeze_scores/CONTRASTIVE_MLP_seed62_budget1p0.npz;46325;8194f71e59327c54d0e2e88fb12ffd6b007d66e55f05d65b3895881efada11bb
04_RESULTS/E02_HYBRID_5SEED_SUPPORT/EXTRACTED/freeze_scores/CONTRASTIVE_MLP_seed72_budget0p1.npz;46314;d70bf9407311708fe50d0ace1eb0063c11e3f1222a38e8ce922e1240a61c853d
04_RESULTS/E02_HYBRID_5SEED_SUPPORT/EXTRACTED/freeze_scores/CONTRASTIVE_MLP_seed72_budget0p25.npz;46308;b5e00c2fb563d236b4812937ff6055c075bd2974ebb0654fb42cfcb1808ff2d9
04_RESULTS/E02_HYBRID_5SEED_SUPPORT/EXTRACTED/freeze_scores/CONTRASTIVE_MLP_seed72_budget1p0.npz;46457;8570fbe311e0efedf294e23e6ac9a3a4f3d1ec93bce8723ecb9bc760e2d3378d
04_RESULTS/E02_HYBRID_5SEED_SUPPORT/EXTRACTED/freeze_scores/CONTRASTIVE_MLP_seed82_budget0p1.npz;45815;7b976468b70a84e96b038a400b01f30e2f6fedb54b9298ea310c740909a8e489
04_RESULTS/E02_HYBRID_5SEED_SUPPORT/EXTRACTED/freeze_scores/CONTRASTIVE_MLP_seed82_budget0p25.npz;46255;82c4a2fbc350e0f5906ae9e9ba44d637890c65242b1c999a1ce0d161d786d202
04_RESULTS/E02_HYBRID_5SEED_SUPPORT/EXTRACTED/freeze_scores/CONTRASTIVE_MLP_seed82_budget1p0.npz;46382;55ff25c61f2d3cf674f5b1c4c9576493adb4b174ec477f01d436756f457ef879
04_RESULTS/E02_HYBRID_5SEED_SUPPORT/EXTRACTED/freeze_scores/CONTRASTIVE_XGBOOST_seed42_budget0p1.npz;45941;068c93cedbd1676b9e541324c1ff667b3a1d5ba261f1d6fabe0a89dc102805fc
04_RESULTS/E02_HYBRID_5SEED_SUPPORT/EXTRACTED/freeze_scores/CONTRASTIVE_XGBOOST_seed42_budget0p25.npz;46118;84a733879889f7d8c14c5b11a74f6607e1c2a77fdd97acdebf80b9d53dc7d5d1
04_RESULTS/E02_HYBRID_5SEED_SUPPORT/EXTRACTED/freeze_scores/CONTRASTIVE_XGBOOST_seed42_budget1p0.npz;46426;570ecbe5a7894eed7833b31214948944df48cd9901f89331f379310281b6b2e8
04_RESULTS/E02_HYBRID_5SEED_SUPPORT/EXTRACTED/freeze_scores/CONTRASTIVE_XGBOOST_seed52_budget0p1.npz;46017;9b08b9c37c0602c19b8ded75945dbb44fc82283e60f94c683aeec8719edd3438
04_RESULTS/E02_HYBRID_5SEED_SUPPORT/EXTRACTED/freeze_scores/CONTRASTIVE_XGBOOST_seed52_budget0p25.npz;46187;d180f8b30528e7ef31c82d58c2d590bad1512c1584962a307722048599280adb
04_RESULTS/E02_HYBRID_5SEED_SUPPORT/EXTRACTED/freeze_scores/CONTRASTIVE_XGBOOST_seed52_budget1p0.npz;46346;3e68a16f7ecd67c5c78544621b75544f868f8b7bc2f2a4ee01b5b4e9a84cadeb
04_RESULTS/E02_HYBRID_5SEED_SUPPORT/EXTRACTED/freeze_scores/CONTRASTIVE_XGBOOST_seed62_budget0p1.npz;45892;c51552e39cba3a1eae3d34db8d88b49faef941d2d435117daeefc1ef7bb825d4
04_RESULTS/E02_HYBRID_5SEED_SUPPORT/EXTRACTED/freeze_scores/CONTRASTIVE_XGBOOST_seed62_budget0p25.npz;46096;60d7fd493a700de399d0b7bbedb16aae30300a58c665d88629e6cf684bb33cb8
04_RESULTS/E02_HYBRID_5SEED_SUPPORT/EXTRACTED/freeze_scores/CONTRASTIVE_XGBOOST_seed62_budget1p0.npz;46324;a8cccbb9b3d09661a1321b94ed99482953c0278a3134fecbeaf4a7c882417a1d
04_RESULTS/E02_HYBRID_5SEED_SUPPORT/EXTRACTED/freeze_scores/CONTRASTIVE_XGBOOST_seed72_budget0p1.npz;45895;70415ebf09ad42d2a05e8b292a4b94c47db57992492518621b32a35da9cae3e5
04_RESULTS/E02_HYBRID_5SEED_SUPPORT/EXTRACTED/freeze_scores/CONTRASTIVE_XGBOOST_seed72_budget0p25.npz;46221;58bb85f2a472034cf4b248ecf6d0ce0e4d22260d5a51996493d65d79804ec1e2
04_RESULTS/E02_HYBRID_5SEED_SUPPORT/EXTRACTED/freeze_scores/CONTRASTIVE_XGBOOST_seed72_budget1p0.npz;46340;f48c40ce79ab5651ef7e9debf85d14cd52388b4d967b636bf7c237c3ef3f0958
04_RESULTS/E02_HYBRID_5SEED_SUPPORT/EXTRACTED/freeze_scores/CONTRASTIVE_XGBOOST_seed82_budget0p1.npz;45922;5f3fb68df7696bba10da5fc3a0465f3ee13a71bb2e684dc8f04c74b7fb9cfa7d
04_RESULTS/E02_HYBRID_5SEED_SUPPORT/EXTRACTED/freeze_scores/CONTRASTIVE_XGBOOST_seed82_budget0p25.npz;46099;645af8bc4f2739d466294decb70428ee39caa06af493f36a7260477ab7de65f7
04_RESULTS/E02_HYBRID_5SEED_SUPPORT/EXTRACTED/freeze_scores/CONTRASTIVE_XGBOOST_seed82_budget1p0.npz;46321;e18bfb7f63750d69077be3818f6761c24aa80b463687bbf4af21cf3fdb5f61e2
04_RESULTS/E02_HYBRID_5SEED_SUPPORT/EXTRACTED/freeze_scores/DAPT_LOGREG_seed42_budget0p1.npz;46613;ecbf0bdc7492fbde877ae7dfc4d92fdd344862386b4920bfd2307248141c1c72
04_RESULTS/E02_HYBRID_5SEED_SUPPORT/EXTRACTED/freeze_scores/DAPT_LOGREG_seed42_budget0p25.npz;46487;8b1bc37d4b41f20f559d036913acd5169ab968cb0840228fc9b83f61e8380c22
04_RESULTS/E02_HYBRID_5SEED_SUPPORT/EXTRACTED/freeze_scores/DAPT_LOGREG_seed42_budget1p0.npz;46425;9ffc74a734b99aafa95ca548218d82f15c69d6a10d17fe9370c29a8da4e29494
04_RESULTS/E02_HYBRID_5SEED_SUPPORT/EXTRACTED/freeze_scores/DAPT_LOGREG_seed52_budget0p1.npz;46395;8083bb2eaa0a051bcfbfd3652366a840341ab7c0bd6d923469a4868363f9505e
04_RESULTS/E02_HYBRID_5SEED_SUPPORT/EXTRACTED/freeze_scores/DAPT_LOGREG_seed52_budget0p25.npz;46295;0e09db36366c0fdd37508ba0a923d0203cd555a6bce7a35cedb6ac8a43001bf2
04_RESULTS/E02_HYBRID_5SEED_SUPPORT/EXTRACTED/freeze_scores/DAPT_LOGREG_seed52_budget1p0.npz;46438;a139e071af651e80250a2977d51e1efd592d897bacf53f86be90e52f5d5f3769
04_RESULTS/E02_HYBRID_5SEED_SUPPORT/EXTRACTED/freeze_scores/DAPT_LOGREG_seed62_budget0p1.npz;46228;4181afd6419936fd534e82acbf69485479cbb69c6b8f58b4343b38f7f7bc4a1c
04_RESULTS/E02_HYBRID_5SEED_SUPPORT/EXTRACTED/freeze_scores/DAPT_LOGREG_seed62_budget0p25.npz;46288;2057deb7aafa38b45665dafd66fe3100465168bd553f162a563b857fa56662d3
04_RESULTS/E02_HYBRID_5SEED_SUPPORT/EXTRACTED/freeze_scores/DAPT_LOGREG_seed62_budget1p0.npz;46417;1e07551a5bdfc5e7a3e840791f837d82d3aedfe1c5a7a069ccfb51d6def82f36
04_RESULTS/E02_HYBRID_5SEED_SUPPORT/EXTRACTED/freeze_scores/DAPT_LOGREG_seed72_budget0p1.npz;46437;5f63ea9e9e988ae0371646cff2780ac494e9cffd2bf4a96ae558e780915c09eb
04_RESULTS/E02_HYBRID_5SEED_SUPPORT/EXTRACTED/freeze_scores/DAPT_LOGREG_seed72_budget0p25.npz;46528;c910472a0e817539090c70abde9bcc49ab2f39b05a2ef7977beafa863c90a4e9
04_RESULTS/E02_HYBRID_5SEED_SUPPORT/EXTRACTED/freeze_scores/DAPT_LOGREG_seed72_budget1p0.npz;46521;25dbd3ce5f91ac6b4e094e1343b78531d133f2349cbba15e96bd879734325440
04_RESULTS/E02_HYBRID_5SEED_SUPPORT/EXTRACTED/freeze_scores/DAPT_LOGREG_seed82_budget0p1.npz;46411;ced0e92c4c9a76705cac6dde72659f81dc59c166bdd7465e11edb02ca066240b
04_RESULTS/E02_HYBRID_5SEED_SUPPORT/EXTRACTED/freeze_scores/DAPT_LOGREG_seed82_budget0p25.npz;46459;4193cbecc94b9182dc25f8b55932ab1c9c53e519a754aac54731fe54850faa8f
04_RESULTS/E02_HYBRID_5SEED_SUPPORT/EXTRACTED/freeze_scores/DAPT_LOGREG_seed82_budget1p0.npz;46533;4df8f3e57bf8fc6ff59070ba20e031753e8d8170985ea1b23484d72e40da794f
04_RESULTS/E02_HYBRID_5SEED_SUPPORT/EXTRACTED/freeze_scores/DAPT_MLP_seed42_budget0p1.npz;46458;324923f485367c56739f361b9553b2e9d7b6fb233d60939e30ab66ff1d8b1335
04_RESULTS/E02_HYBRID_5SEED_SUPPORT/EXTRACTED/freeze_scores/DAPT_MLP_seed42_budget0p25.npz;46504;b7c87c1ac7e353c3eb8ad1d4971cc778b309bd84e50a264dd42cac79c4ce5fd7
04_RESULTS/E02_HYBRID_5SEED_SUPPORT/EXTRACTED/freeze_scores/DAPT_MLP_seed42_budget1p0.npz;44582;83a2f0458295e6bf7ef6abf655ad1128354d27217457cdccaa4f19a4121a728d
04_RESULTS/E02_HYBRID_5SEED_SUPPORT/EXTRACTED/freeze_scores/DAPT_MLP_seed52_budget0p1.npz;46263;3aba6f9ac043c335930a9c9541ee7513e51c820e7a464f38c494caf3ef5524b3
04_RESULTS/E02_HYBRID_5SEED_SUPPORT/EXTRACTED/freeze_scores/DAPT_MLP_seed52_budget0p25.npz;46440;166da930cd743c1dbda558736f87facb72dcfefb38267623102ffc402c22dea6
04_RESULTS/E02_HYBRID_5SEED_SUPPORT/EXTRACTED/freeze_scores/DAPT_MLP_seed52_budget1p0.npz;46696;e0bcf4290302f96c4744d2dac4c65af6327c4f7f60bf8c1c4aacf2b7b1f9b516
04_RESULTS/E02_HYBRID_5SEED_SUPPORT/EXTRACTED/freeze_scores/DAPT_MLP_seed62_budget0p1.npz;46314;8e27aecfe0a3b703cd163fd8c08c074919aad7e84e6322ecef4b124cd1062afc
04_RESULTS/E02_HYBRID_5SEED_SUPPORT/EXTRACTED/freeze_scores/DAPT_MLP_seed62_budget0p25.npz;46426;9c73475275ec4be0434dd83bfd6d97a09b60d36a12cbd8394e7ab67965e1c704
04_RESULTS/E02_HYBRID_5SEED_SUPPORT/EXTRACTED/freeze_scores/DAPT_MLP_seed62_budget1p0.npz;45046;aff60808bdb08d39b8ce75cfa75c88aa1661e2da4f1dd44522c7fdab3b7aacd0
04_RESULTS/E02_HYBRID_5SEED_SUPPORT/EXTRACTED/freeze_scores/DAPT_MLP_seed72_budget0p1.npz;46700;c6e22740948e930e6e044ed4fc39f229045aaa74b2882c88b8c982f22c7cf8e3
04_RESULTS/E02_HYBRID_5SEED_SUPPORT/EXTRACTED/freeze_scores/DAPT_MLP_seed72_budget0p25.npz;46668;d559daec935e3f40c0e916a839417e1bb4b41aa40571a61f4412960203f01ec0
04_RESULTS/E02_HYBRID_5SEED_SUPPORT/EXTRACTED/freeze_scores/DAPT_MLP_seed72_budget1p0.npz;46151;c9e69759f10927070054e59290b611b0364046c0d989946453a49e36703ba957
04_RESULTS/E02_HYBRID_5SEED_SUPPORT/EXTRACTED/freeze_scores/DAPT_MLP_seed82_budget0p1.npz;46677;6b8af7f3bd3178008d4fde34b7029459c68bf14cfcdd1d9e09a7e35e314d7335
04_RESULTS/E02_HYBRID_5SEED_SUPPORT/EXTRACTED/freeze_scores/DAPT_MLP_seed82_budget0p25.npz;46499;0eb470e65234d5f30c620b42e8b4789696a8ad35d89e56fd9e722f57f49fd14f
04_RESULTS/E02_HYBRID_5SEED_SUPPORT/EXTRACTED/freeze_scores/DAPT_MLP_seed82_budget1p0.npz;45643;2fca99c9d9646144a91fb7ff9a7c241057f68242581f7052be22885cb679e3c5
04_RESULTS/E02_HYBRID_5SEED_SUPPORT/EXTRACTED/freeze_scores/DAPT_XGBOOST_seed42_budget0p1.npz;46152;98241a2fa63a6b660a11c51e9a35260003f1f334eaaa9bc359a75fe657622e2c
04_RESULTS/E02_HYBRID_5SEED_SUPPORT/EXTRACTED/freeze_scores/DAPT_XGBOOST_seed42_budget0p25.npz;46334;abe93a271ca7bd69dd04a10e989b4866baaa12292dedb242b0fac62db0c2d5fb
04_RESULTS/E02_HYBRID_5SEED_SUPPORT/EXTRACTED/freeze_scores/DAPT_XGBOOST_seed42_budget1p0.npz;46212;10f19d6c68f2818fdce41bc13620d5b08af6c73600a3c23124beafb37b3ffbad
04_RESULTS/E02_HYBRID_5SEED_SUPPORT/EXTRACTED/freeze_scores/DAPT_XGBOOST_seed52_budget0p1.npz;46091;9ccca093f80709d0556494a580b5d29e019fb2d4430fcd15e81f626c1b6fda69
04_RESULTS/E02_HYBRID_5SEED_SUPPORT/EXTRACTED/freeze_scores/DAPT_XGBOOST_seed52_budget0p25.npz;46313;404b050a858ea3f0eb49a18190f3a1f48e99f5a0a383fc040c08c4373327c1d0
04_RESULTS/E02_HYBRID_5SEED_SUPPORT/EXTRACTED/freeze_scores/DAPT_XGBOOST_seed52_budget1p0.npz;46360;3024211d1ddb846c05b3dcc2e992e715e8fbcc1af1fd248ed11e3db380ae6041
04_RESULTS/E02_HYBRID_5SEED_SUPPORT/EXTRACTED/freeze_scores/DAPT_XGBOOST_seed62_budget0p1.npz;46079;c23ad491e2606d302f2e87b50724d73be811fca8556771c377af2ba58225db1b
04_RESULTS/E02_HYBRID_5SEED_SUPPORT/EXTRACTED/freeze_scores/DAPT_XGBOOST_seed62_budget0p25.npz;46257;372e992feabd6b941faf0111be3f6b4fdbf683594beaf871fb954a0df6c0f245
04_RESULTS/E02_HYBRID_5SEED_SUPPORT/EXTRACTED/freeze_scores/DAPT_XGBOOST_seed62_budget1p0.npz;46385;5192e76c94244f5b4d63b38f67fea6491dc6aef65cf4ef103540076ed28fda4f
04_RESULTS/E02_HYBRID_5SEED_SUPPORT/EXTRACTED/freeze_scores/DAPT_XGBOOST_seed72_budget0p1.npz;46224;0438c9aec9cd20ffee582b7a2b64cd75911e21974e550549c028f8d028b8d670
04_RESULTS/E02_HYBRID_5SEED_SUPPORT/EXTRACTED/freeze_scores/DAPT_XGBOOST_seed72_budget0p25.npz;46344;dcf1277030f1f677e7e5c624cad0f4140c46add2e5e79657ef90517c0e54c2a4
04_RESULTS/E02_HYBRID_5SEED_SUPPORT/EXTRACTED/freeze_scores/DAPT_XGBOOST_seed72_budget1p0.npz;46377;ccb9bacc8384acfc39279c0f4143f23a00603d6205b813a2b71eb63d49599f3d
04_RESULTS/E02_HYBRID_5SEED_SUPPORT/EXTRACTED/freeze_scores/DAPT_XGBOOST_seed82_budget0p1.npz;46071;34558317e46b0394c4e8355b83dccbb7a497be3114c48e23735ad4d415afebc9
04_RESULTS/E02_HYBRID_5SEED_SUPPORT/EXTRACTED/freeze_scores/DAPT_XGBOOST_seed82_budget0p25.npz;46149;4f1db763ae86a2a339c6502aed235c2910742d771175b1bc533b204b8143a2fa
04_RESULTS/E02_HYBRID_5SEED_SUPPORT/EXTRACTED/freeze_scores/DAPT_XGBOOST_seed82_budget1p0.npz;46216;424582cf10bc0a189aeedc4c5655ea2b3059939bd25574c27d09f2f573e9337b
04_RESULTS/E02_HYBRID_5SEED_SUPPORT/EXTRACTED/label_budget_audit.csv;337;c356bc5e27b100cf7400c65871b990b209d0650772eb98839cbed5bbbfd72a0f
04_RESULTS/E02_HYBRID_5SEED_SUPPORT/EXTRACTED/rescued_b0_false_negatives_seed42.csv;238645;fc7d4df7b4e90134e2d47986b96effdf787580c09ddd85496b7787a37d6ec286
04_RESULTS/E02_HYBRID_5SEED_SUPPORT/EXTRACTED/system_25pct_results.csv;140527;62da8999246078840dd9290d0e99fbd3b880f7c0d5d8227498788026eed2d18f
04_RESULTS/E02_HYBRID_5SEED_SUPPORT/EXTRACTED/system_25pct_summary.csv;27162;7c61db58e82cdef0948f6d4e6db993b91d1520482273c0100d96fa5223ae966c
04_RESULTS/E02_HYBRID_5SEED_SUPPORT/EXTRACTED/system_ap_shift_corrected.csv;86971;4258f2080532b2d17c63ed7d0b34c273923aa3672e7e0cc8c205618d422c04ba
04_RESULTS/E02_HYBRID_5SEED_SUPPORT/EXTRACTED/system_scores/B0_STRUCT_XGB_seed42.npz;45569;f7b9ffd6a9dcff5e6def4526c1f3789ab241e674a6abe746a31423601171cc41
04_RESULTS/E02_HYBRID_5SEED_SUPPORT/EXTRACTED/system_scores/B0_STRUCT_XGB_seed52.npz;45363;423c4b4bf11c4b9611c60250882da3cb05bf58dd87e678c59ceced4c9d5f5053
04_RESULTS/E02_HYBRID_5SEED_SUPPORT/EXTRACTED/system_scores/B0_STRUCT_XGB_seed62.npz;45283;347a5cfbc5892687975719506f4fbdc3c09ce97428a966c2c427f8bdb7fc738b
04_RESULTS/E02_HYBRID_5SEED_SUPPORT/EXTRACTED/system_scores/B0_STRUCT_XGB_seed72.npz;45135;f7a3551924a837b49840f9daca0eb83b0fbbc056204d4ffb45e263ac7359a0b5
04_RESULTS/E02_HYBRID_5SEED_SUPPORT/EXTRACTED/system_scores/B0_STRUCT_XGB_seed82.npz;45232;0bcdf655d58eaa6b1c6e59e6da59fd8de8af520f978a07da2761ae9b2e0082f6
04_RESULTS/E02_HYBRID_5SEED_SUPPORT/EXTRACTED/system_scores/BASE_EMB_MLP_seed42.npz;46054;5c1f6aa742a00f01556aeb0277cf1c303f5f88020383982cfeec9f72d73dcb05
04_RESULTS/E02_HYBRID_5SEED_SUPPORT/EXTRACTED/system_scores/BASE_EMB_MLP_seed52.npz;45843;ea0226834a914668b0c27619bed67c369d24fe2f4e8f5aa9567bdb210589511a
04_RESULTS/E02_HYBRID_5SEED_SUPPORT/EXTRACTED/system_scores/BASE_EMB_MLP_seed62.npz;46106;9169d030210750d0a214f07b77886415c4a47f82d57e6e3c3749eb0d83d5c6f1
04_RESULTS/E02_HYBRID_5SEED_SUPPORT/EXTRACTED/system_scores/BASE_EMB_MLP_seed72.npz;46271;b5cc3b62933d62089c1f7d597339c2eb046c0dac4a8879bbbf52f17ef6d861da
04_RESULTS/E02_HYBRID_5SEED_SUPPORT/EXTRACTED/system_scores/BASE_EMB_MLP_seed82.npz;46249;8724ca2e9eadf819e9888d60877270571fba4750b54e3d0598e6c387830cc77b
04_RESULTS/E02_HYBRID_5SEED_SUPPORT/EXTRACTED/system_scores/CONTRASTIVE_EMB_MLP_seed42.npz;46263;dd5c8582d31544cdda646ac4ea49a313e671196085f2567b2712d7e3344f9956
04_RESULTS/E02_HYBRID_5SEED_SUPPORT/EXTRACTED/system_scores/CONTRASTIVE_EMB_MLP_seed52.npz;46213;8566292f4323e29375ba3ff2b1432775863e7b5f24259af90b2333dc5bc32405
04_RESULTS/E02_HYBRID_5SEED_SUPPORT/EXTRACTED/system_scores/CONTRASTIVE_EMB_MLP_seed62.npz;46366;177085cc3437ce737fde6f671a1c1b89dc9b8a724ca9fe5843a5a43907d37ec3
04_RESULTS/E02_HYBRID_5SEED_SUPPORT/EXTRACTED/system_scores/CONTRASTIVE_EMB_MLP_seed72.npz;46308;b5e00c2fb563d236b4812937ff6055c075bd2974ebb0654fb42cfcb1808ff2d9
04_RESULTS/E02_HYBRID_5SEED_SUPPORT/EXTRACTED/system_scores/CONTRASTIVE_EMB_MLP_seed82.npz;46255;82c4a2fbc350e0f5906ae9e9ba44d637890c65242b1c999a1ce0d161d786d202
04_RESULTS/E02_HYBRID_5SEED_SUPPORT/EXTRACTED/system_scores/DAPT_E2E_seed42.npz;33013;dbd8a2a6bf4be39fd5877ea784d6bbe5737e28627dd561693cecaaad0dca6de8
04_RESULTS/E02_HYBRID_5SEED_SUPPORT/EXTRACTED/system_scores/DAPT_E2E_seed52.npz;28564;1c4d87f4528132b3cf2400b97341027e371c475985acea162fa6262c9f05c42e
04_RESULTS/E02_HYBRID_5SEED_SUPPORT/EXTRACTED/system_scores/DAPT_E2E_seed62.npz;31180;37ff35cb9097d2cab30b6d1545ad6de9efa89d80e1d6c08941808b7c7fc87d61
04_RESULTS/E02_HYBRID_5SEED_SUPPORT/EXTRACTED/system_scores/DAPT_E2E_seed72.npz;30795;afdcc644abfc00587c8b32d3cc075652780bfcbaea41db48fa1656aadb75cbb4
04_RESULTS/E02_HYBRID_5SEED_SUPPORT/EXTRACTED/system_scores/DAPT_E2E_seed82.npz;30132;054edd09abd43f452a2c83bdbd47af606ce09a19a0b56aebd3ac8180f7c6c6b5
04_RESULTS/E02_HYBRID_5SEED_SUPPORT/EXTRACTED/system_scores/DAPT_EMB_MLP_seed42.npz;46504;b7c87c1ac7e353c3eb8ad1d4971cc778b309bd84e50a264dd42cac79c4ce5fd7
04_RESULTS/E02_HYBRID_5SEED_SUPPORT/EXTRACTED/system_scores/DAPT_EMB_MLP_seed52.npz;46440;166da930cd743c1dbda558736f87facb72dcfefb38267623102ffc402c22dea6
04_RESULTS/E02_HYBRID_5SEED_SUPPORT/EXTRACTED/system_scores/DAPT_EMB_MLP_seed62.npz;46426;9c73475275ec4be0434dd83bfd6d97a09b60d36a12cbd8394e7ab67965e1c704
04_RESULTS/E02_HYBRID_5SEED_SUPPORT/EXTRACTED/system_scores/DAPT_EMB_MLP_seed72.npz;46668;d559daec935e3f40c0e916a839417e1bb4b41aa40571a61f4412960203f01ec0
04_RESULTS/E02_HYBRID_5SEED_SUPPORT/EXTRACTED/system_scores/DAPT_EMB_MLP_seed82.npz;46499;0eb470e65234d5f30c620b42e8b4789696a8ad35d89e56fd9e722f57f49fd14f
04_RESULTS/E02_HYBRID_5SEED_SUPPORT/EXTRACTED/system_scores/T0_E2E_seed42.npz;32906;de365a616059ea815e33b709f201e5d0c41d69df4af7f9309bad2619b15d9c7d
04_RESULTS/E02_HYBRID_5SEED_SUPPORT/EXTRACTED/system_scores/T0_E2E_seed52.npz;31049;b64c92c95e86949b90e6d6caa80ad0b91e632c2b292588830a4a8acd4031f07e
04_RESULTS/E02_HYBRID_5SEED_SUPPORT/EXTRACTED/system_scores/T0_E2E_seed62.npz;32057;27119a8458e0cfbfd3ce79294eda6f61a901b97fd70a7346af3b605f01c852b6
04_RESULTS/E02_HYBRID_5SEED_SUPPORT/EXTRACTED/system_scores/T0_E2E_seed72.npz;31296;2734d06af35e79d6384c710b9f9661ead89abc470c902132583c86cc3bcc3a1a
04_RESULTS/E02_HYBRID_5SEED_SUPPORT/EXTRACTED/system_scores/T0_E2E_seed82.npz;31320;d9c60993fb2a4fceb41a51356eecd1fe307691b9d8d73f040046bad5cdf81d6f
04_RESULTS/E02_HYBRID_5SEED_SUPPORT/EXTRACTED/testset_prevalence_audit.csv;607;6a89e5ec57ff24f8ff62134a1083f2609543647cd97394f226224f7d39c8eda5
04_RESULTS/E02_HYBRID_5SEED_SUPPORT/phreshphish_hybrid_freeze_extension.zip;8132235;f5509e8422583085f105d1cc733fd06526d084174a9fc385f3b08561b8d3a2fa
04_RESULTS/E03_FINAL_N10_PRIMARY/ACTIVE_LEARNING_full_matrix_n10.csv;3916904;982c328523bb0fcc5158ec4bd5e6ab9aa3b28ba8f0c2dcb1f24856c1eb57da0e
04_RESULTS/E03_FINAL_N10_PRIMARY/ACTIVE_LEARNING_summary_n10.csv;243753;889a554379c75abc9959ff7ef26b09bb36c757e3b03993d2273be53948590c8f
04_RESULTS/E03_FINAL_N10_PRIMARY/CASCADE_STAGE1_JUSTIFICATION.csv;13843;79b5ac9db626048cfdf28c23b8ec223a7d1af9f7bdc085c39721a01e8ef6ab16
04_RESULTS/E03_FINAL_N10_PRIMARY/CASCADE_stage1_sensitivity_n10.csv;8687811;5b78d254c953d578b97f7fa41ed4064cc588020b935b73233e26bc076a02eabb
04_RESULTS/E03_FINAL_N10_PRIMARY/CASCADE_stage1_sensitivity_summary_n10.csv;690125;3d99462adb3e1ed3b385d87971cc034aaaa430497c8cc1aba2001a608d83d41b
04_RESULTS/E03_FINAL_N10_PRIMARY/FINAL_N10_COMPLETE.json;1426;522e928e383045decff4a2608aed9b7dfa1ca7d8acee5c9eeae51685c5d5bf9a
04_RESULTS/E03_FINAL_N10_PRIMARY/MASTER_ap_equal_n_n10.csv;193317;4b8d8f3e5d8a1d8389d727a1501c53b82aef7bda6bf9f982ec75c1a68be65f31
04_RESULTS/E03_FINAL_N10_PRIMARY/MASTER_ap_n10.csv;192098;f291e2c5e8f627c64a567fb4c7c072cd9f463b3ccacc0aec66e0a3f4006f4052
04_RESULTS/E03_FINAL_N10_PRIMARY/MASTER_summary_n10.csv;143212;abd5168a31406631060a18926712bdb5433bb99ce71a0a9aad235a26db16111b
04_RESULTS/E03_FINAL_N10_PRIMARY/MASTER_threshold_results_n10.csv;2052485;931dd0e8c7535cc077a3710f3f74c213e7076628620bec0797b5da7f4c5aa5b5
04_RESULTS/E03_FINAL_N10_PRIMARY/N10_PROGRESS.json;97;292d7e0705d6f59834c7e0771a7e0c620bbe68e0dc4836ed2fe5779d4672a898
04_RESULTS/E03_FINAL_N10_PRIMARY/N10_RUN_NOTES.txt;722;5c69c09f8115c10c30708e8ea37583ea92e5bc0f6fc17dc6e798a5511064a8c2
04_RESULTS/E03_FINAL_N10_PRIMARY/README_RESULTS_ORDER.md;164;a31933eaa9500b41b62cfb180a5aa8937ad2e9b23e3a94dec8707b8742e67144
04_RESULTS/E03_FINAL_N10_PRIMARY/STATISTICS_original5_replication5_pooled10.csv;1677563;a18e8ace69d4484cae0306d46626490ae3f034f1e085a9c587814c14f4fcaede
04_RESULTS/E04_PRODUCTIVE_AL/LOOP_T0_DAPT_same_AL_labels.csv;206386;acce0165dc1cb0b75b6de003264adcdea58521c60e8af09b11064020d01d0024
04_RESULTS/E04_PRODUCTIVE_AL/LOOP_T0_DAPT_same_AL_labels_statistics.csv;3944;123ff76146fa94fc2c833de1cbb380f92884627e82ba86d4c01ed4e343349285
04_RESULTS/E04_PRODUCTIVE_AL/LOOP_acquisition_audit.csv;6138;fa4c14246fa5cfa091ff4dd0c2324f743f8d10c4f5488eb578b9126a126edbb3
04_RESULTS/E04_PRODUCTIVE_AL/LOOP_annotation_efficiency.csv;1335;b387ffdad0562169f62c1c6057916e131ee23bcd56af1c63b817da802d9490bf
04_RESULTS/E04_PRODUCTIVE_AL/LOOP_results_long.csv;3081407;f1d0d9193b0dab2ccf7dbbe6f470fc82a965c56e3992bc34ffb02f3ef05dd5f9
04_RESULTS/E04_PRODUCTIVE_AL/LOOP_statistics_n10.csv;6797;af361e932af31faa6ee68e60d33915cbb1e5ab3e81450a841c74b0401fe5efd9
04_RESULTS/E04_PRODUCTIVE_AL/LOOP_summary.csv;164473;28f041fcd147303d84bdf7b61f90f905a01425d5458c4bafa3841a6d3971107d
04_RESULTS/E05_SSL_REFRESH_ABLATION/EXTRACTED/LOOP_SSL_refresh_ablation.csv;300320;772fa1d304b1a533f938bd97f07e7bf74baa71d2899cdc30ef5cfca6ed661075
04_RESULTS/E05_SSL_REFRESH_ABLATION/EXTRACTED/LOOP_SSL_refresh_statistics.csv;14832;b536b185eb76822f8baea6cf4bbce8cf3b8a06d12e99a84d2570b55882bc047a
04_RESULTS/E05_SSL_REFRESH_ABLATION/EXTRACTED/LOOP_T0_DAPT_same_AL_labels.csv;206386;acce0165dc1cb0b75b6de003264adcdea58521c60e8af09b11064020d01d0024
04_RESULTS/E05_SSL_REFRESH_ABLATION/EXTRACTED/LOOP_T0_DAPT_same_AL_labels_statistics.csv;3944;123ff76146fa94fc2c833de1cbb380f92884627e82ba86d4c01ed4e343349285
04_RESULTS/E05_SSL_REFRESH_ABLATION/EXTRACTED/LOOP_acquisition_audit.csv;6138;fa4c14246fa5cfa091ff4dd0c2324f743f8d10c4f5488eb578b9126a126edbb3
04_RESULTS/E05_SSL_REFRESH_ABLATION/EXTRACTED/LOOP_annotation_efficiency.csv;1335;b387ffdad0562169f62c1c6057916e131ee23bcd56af1c63b817da802d9490bf
04_RESULTS/E05_SSL_REFRESH_ABLATION/EXTRACTED/LOOP_results_long.csv;3081407;f1d0d9193b0dab2ccf7dbbe6f470fc82a965c56e3992bc34ffb02f3ef05dd5f9
04_RESULTS/E05_SSL_REFRESH_ABLATION/EXTRACTED/LOOP_statistics_n10.csv;6797;af361e932af31faa6ee68e60d33915cbb1e5ab3e81450a841c74b0401fe5efd9
04_RESULTS/E05_SSL_REFRESH_ABLATION/EXTRACTED/LOOP_summary.csv;164473;28f041fcd147303d84bdf7b61f90f905a01425d5458c4bafa3841a6d3971107d
04_RESULTS/E05_SSL_REFRESH_ABLATION/EXTRACTED/PRODUCTIVE_FINISH_ONLY_COMPLETE.json;1096;d6dc6f2c9d14e125db57700aa2bce3dbc1379b9d6c0ce0b6c7cf29589b7fd0e6
04_RESULTS/E05_SSL_REFRESH_ABLATION/EXTRACTED/audit/FINISH_PROGRESS.json;101;451c6303212c4886ff25ed337016301876604bc7a4e0a13fb668a7472f96161e
04_RESULTS/E05_SSL_REFRESH_ABLATION/EXTRACTED/figures/FIG01_SSL_refresh_direct_recall.pdf;17263;8f9281ad915853cf4f707dfb8773e08b03212bb31a09124f69d6093d164c4474
04_RESULTS/E05_SSL_REFRESH_ABLATION/EXTRACTED/figures/FIG01_SSL_refresh_direct_recall.png;122808;f768a059e2d3daf98ea248d538cfd4108b99cc9d738f1674d971913ff5cccbe8
04_RESULTS/E05_SSL_REFRESH_ABLATION/EXTRACTED/figures/FIG02_SSL_refresh_assisted_recall.pdf;18962;e95458d9556e125806cbcaeb9d15ea0b8178ec31148f7c854fb59f5356e0d4b2
04_RESULTS/E05_SSL_REFRESH_ABLATION/EXTRACTED/figures/FIG02_SSL_refresh_assisted_recall.png;123921;7de85f7840bc6f9bac7075f5fda7c86d3d68059fc710e33c4525badb9818259e
04_RESULTS/E05_SSL_REFRESH_ABLATION/EXTRACTED/figures/FIG03_productive_feedback_loop.pdf;20030;bfd8cacfe44bd62a1310e68946af442e92fcd3c6e4d7e75c116a25020c1100f6
04_RESULTS/E05_SSL_REFRESH_ABLATION/EXTRACTED/figures/FIG03_productive_feedback_loop.png;97248;75500b11cb0e2b985e582341f0ff656ab5c66e5e574df51d7e9d44ca2bde5fc6
04_RESULTS/E05_SSL_REFRESH_ABLATION/EXTRACTED/figures/figure_manifest.csv;461;86d419ec07018aa8845c6ed861b083b78015035bfcf7c69a8925611a0ba8945d
04_RESULTS/E05_SSL_REFRESH_ABLATION/EXTRACTED/tables/TABLE01_SSL_refresh_primary.csv;22127;05538ea5bf878ccfa392cb8b0de3f728ab0684c285689ca888b8ceab474dbad1
04_RESULTS/E05_SSL_REFRESH_ABLATION/EXTRACTED/tables/TABLE02_SSL_refresh_statistics.csv;14832;b536b185eb76822f8baea6cf4bbce8cf3b8a06d12e99a84d2570b55882bc047a
04_RESULTS/E05_SSL_REFRESH_ABLATION/EXTRACTED/tables/TABLE03_T0_DAPT_same_AL_labels.csv;202267;1b0c362f5c791a5e210c29a8e971a72ce6905fc79921273290ef1b7d30c420fc
04_RESULTS/E05_SSL_REFRESH_ABLATION/EXTRACTED/tables/TABLE04_T0_DAPT_same_AL_labels_statistics.csv;3719;9df908ec269e1a08a37b26479e5c7b5c43735d0cfd5f4482054a7572755c3759
04_RESULTS/E05_SSL_REFRESH_ABLATION/EXTRACTED/tables/TABLE05_productive_loop_summary.csv;159053;766163cee87c0c710bda482d076e06c45690dad850d45b114dc246e15d9cd9e0
04_RESULTS/E05_SSL_REFRESH_ABLATION/EXTRACTED/tables/TABLE06_SSL_refresh_summary.csv;1229;de73a3e3b4ebf951ead544943832b82fb3f245391a2a90e3ade8d4720972b690
04_RESULTS/E05_SSL_REFRESH_ABLATION/phreshphish_PRODUCTIVE_LOOP_FINISH_ONLY_ANALYSIS.zip;1050207;ddcf2f06fdc86aff3b021af62ad5b632bd969519050aa3ca7f0c530e44328928
04_RESULTS/E06_AL_SSL_ORIGINAL10/EXTRACTED/AL_SSL_INTERACTION_COMPLETE.json;1916;1444a616128b4f5d03e68c53ad752a71517a3b8c4526afd0d21b460823167d9e
04_RESULTS/E06_AL_SSL_ORIGINAL10/EXTRACTED/AL_SSL_INTERACTION_results_long.csv;173892;683368329ef158310bc72df181f1977485c6d7a2fb1d15cab180c6fcc72050cf
04_RESULTS/E06_AL_SSL_ORIGINAL10/EXTRACTED/AL_SSL_INTERACTION_statistics_n10.csv;67306;18d3a2ae306c6d1664544533308455b42aa3eb82e353d97568db757a9b84bd1d
04_RESULTS/E06_AL_SSL_ORIGINAL10/EXTRACTED/DAPT_T0_gaps_by_AL_strategy.csv;41129;b395100a62ee56678e0deaa28f30f7831a95033470897b82e60b10343f4c4010
04_RESULTS/E06_AL_SSL_ORIGINAL10/EXTRACTED/README_INTERACTION.md;871;0aa330145f511c07e8df4ee1c0ede4aa8289bda928de3a026599e14434d3e745
04_RESULTS/E06_AL_SSL_ORIGINAL10/EXTRACTED/T0_ACTIVE_LEARNING_results_n10.csv;87377;e6589e3bf927b65e02ff788683f1dbdfa8e3d5cc686291c6db284ae61a345363
04_RESULTS/E06_AL_SSL_ORIGINAL10/EXTRACTED/audit/AL_SSL_INTERACTION_PROGRESS.json;229;fbac076864d6da5da970e4231d23a94ed6231ec80874ca64b02c5d9a73e8cb2f
04_RESULTS/E06_AL_SSL_ORIGINAL10/EXTRACTED/audit/T0_acquisition_audit.csv;2943;562cd989eafe64d2335dd954f805a563c8bc3cf91864187158fe46d4c245926e
04_RESULTS/E06_AL_SSL_ORIGINAL10/EXTRACTED/audit/T0_selection_history.json;218804;eaab9e40c9af09d427bd65a17b270f3a0300fb4b8b39d90ca450a0681ea0bfc2
04_RESULTS/E06_AL_SSL_ORIGINAL10/EXTRACTED/figures/FIG01_core_four_conditions.pdf;15198;c8b6fd0dbe0d2c73f4daa540c8f3af527a260e843f620878688f5b38b7d0dd1e
04_RESULTS/E06_AL_SSL_ORIGINAL10/EXTRACTED/figures/FIG01_core_four_conditions.png;88762;f0296505ddb1cbe272eb30a160ec35f07a4f75e347bf24a90c74b904a99fd56a
04_RESULTS/E06_AL_SSL_ORIGINAL10/EXTRACTED/figures/FIG02_AL_gain_T0_vs_DAPT.pdf;16465;dd14b67d930b09928d8e64b40859292f5911b78f3471c05a9bcf0e8a627a3053
04_RESULTS/E06_AL_SSL_ORIGINAL10/EXTRACTED/figures/FIG02_AL_gain_T0_vs_DAPT.png;105994;0c9b44be01f63f0ba84192332128c0f697f1f51a0215d8e9c3f2f4904ee31beb
04_RESULTS/E06_AL_SSL_ORIGINAL10/EXTRACTED/figures/FIG03_AL_SSL_interaction.pdf;15804;d018baa80c705f8e25e179e8b72da8de05130645759352baeaca2d34aab3fff0
04_RESULTS/E06_AL_SSL_ORIGINAL10/EXTRACTED/figures/FIG03_AL_SSL_interaction.png;100770;98afb2ac3d79bd491c41139a84857c8ea10d562b6b9e39221a92d6ef8c7bdec9
04_RESULTS/E06_AL_SSL_ORIGINAL10/EXTRACTED/tables/TABLE01_primary_interaction_25pct_fpr005.csv;1028;f8a37b8b462e1707562334a49aa3d6e8726d0bd0b504f853c5b396630a2831e4
04_RESULTS/E06_AL_SSL_ORIGINAL10/EXTRACTED/tables/TABLE02_stress_mean_25pct.csv;590;4fa5a6d193f662606bb6773dafbc2966637f65101c073d6e1740a7e5dacb15e9
04_RESULTS/E06_AL_SSL_ORIGINAL10/EXTRACTED/tables/TABLE03_stress_mean_interaction_25pct.csv;571;7210af4bc2a60f93c08afdcbb641e735ca950ab8f2bab5d90ab94de567331566
04_RESULTS/E06_AL_SSL_ORIGINAL10/EXTRACTED/tables/TABLE04_core_25pct_stress_mean.csv;443;da08be9747dcd0ceee60b83199f8e1643bc9c3397b90da560caccceb9c23c4c9
04_RESULTS/E06_AL_SSL_ORIGINAL10/EXTRACTED/tables/TABLE05_DAPT_T0_gap_random_vs_uncertainty.csv;1648;b47c8d62def56403be28954eec068967ed9efcc75ee5e02511d13704d0cd2532
04_RESULTS/E06_AL_SSL_ORIGINAL10/EXTRACTED/tables/TABLE06_AL_gain_plot_data.csv;660;f237bcba9230ded6d08f816d5724ddcbae15fa314a0d616f128d5cc54be6868b
04_RESULTS/E06_AL_SSL_ORIGINAL10/phreshphish_AL_SSL_INTERACTION_N10_FAST_3H30_ANALYSIS.zip;399942;1586d513eb5f65cc3363352652c680ddbf6de5015852dc049cc0a17af231af56
04_RESULTS/E07_REPLICATION10_PENDING/README_PENDING.md;504;2bffc4268c981a208c5dda6eb76d7d6b6994b7f3387b888fa77c1650a05e8c33
05_REPRO_ASSETS_EXTERNAL/REQUIRED_REPRO_ASSETS.md;3666;3be0ab37c0cc355ca024337b4155d8ec3237df6cab12de3edc1e785091928255
06_LOGS_AUDITS/AL_SSL_INTERACTION_COMPLETE.json;1916;1444a616128b4f5d03e68c53ad752a71517a3b8c4526afd0d21b460823167d9e
06_LOGS_AUDITS/FINAL_FREEZE_COMPLETE.json;203;6bf0a86f5c92e43bacbf97187398d4af36bc6220f574aeac3c0a22288b479485
06_LOGS_AUDITS/FINAL_N10_COMPLETE.json;1426;522e928e383045decff4a2608aed9b7dfa1ca7d8acee5c9eeae51685c5d5bf9a
06_LOGS_AUDITS/HYBRID_FREEZE_EXTENSION_COMPLETE.json;991;bd2728885507710430bf86ecd2452d0d3992928b47d7ef83afa98b9f67293e98
06_LOGS_AUDITS/PRODUCTIVE_FINISH_ONLY_COMPLETE.json;1096;d6dc6f2c9d14e125db57700aa2bce3dbc1379b9d6c0ce0b6c7cf29589b7fd0e6
06_LOGS_AUDITS/artifact_audit.json;1134;2083055a319cd880e248c82da84a944505351d81415ad14aefd41ca486c13bd8
06_LOGS_AUDITS/markdown(9).md eingefügt;1704401;906dc1aa133dd2f43ed29da0722243c2f5ace696c0658c76a28498572df0638f
06_LOGS_AUDITS/phase5.log;61442;2bcd7473e202ea78d3364f543dda8bb1cf3d3b6f3a5294f4df40ed19eb8119b2
06_LOGS_AUDITS/scenario_regression_audit.json;957;5dd4d7041d28aab6953c7d483605b99df73d5dddfaea4947dfb268fb4307fc1e
99_LEGACY_PROVENANCE_ONLY/README_DO_NOT_USE_AS_FINAL_EVIDENCE.md;1049;3e37fa3a8ea24db3f34947b4b16202f013fbf03ac4fafe263e7317537a59ebd1
