effect,representation,classifier,label_budget,scenario,metric,mean,ci95_low,ci95_high,n_seeds
SSL_vs_BASE,CONTRASTIVE,LOGREG,0.1,DOMAIN_OOD,delta_ssl_ap,-0.0897697234512899,-0.12081252805147041,-0.058726918851109394,5
SSL_vs_BASE,CONTRASTIVE,LOGREG,0.1,DOMAIN_OOD,delta_ssl_recall,-0.1448418869880767,-0.24871401341659713,-0.040969760559556284,5
SSL_vs_BASE,CONTRASTIVE,LOGREG,0.1,DOMAIN_OOD,delta_ssl_f1,-0.20405795157338796,-0.3356734740426749,-0.07244242910410104,5
SSL_vs_BASE,CONTRASTIVE,LOGREG,0.1,DOMAIN_TEMPLATE_OOD,delta_ssl_ap,-0.08852205791339274,-0.1212918458901695,-0.05575226993661597,5
SSL_vs_BASE,CONTRASTIVE,LOGREG,0.1,DOMAIN_TEMPLATE_OOD,delta_ssl_recall,-0.13991370010787485,-0.23299007645168401,-0.0468373237640657,5
SSL_vs_BASE,CONTRASTIVE,LOGREG,0.1,DOMAIN_TEMPLATE_OOD,delta_ssl_f1,-0.1983154353649439,-0.31551985290047524,-0.08111101782941255,5
SSL_vs_BASE,CONTRASTIVE,LOGREG,0.1,IID,delta_ssl_ap,-0.09869486227877947,-0.12613052848847134,-0.07125919606908761,5
SSL_vs_BASE,CONTRASTIVE,LOGREG,0.1,IID,delta_ssl_recall,-0.15765595463137996,-0.26568221348670307,-0.04962969577605686,5
SSL_vs_BASE,CONTRASTIVE,LOGREG,0.1,IID,delta_ssl_f1,-0.2121616908974131,-0.3661741050642638,-0.058149276730562416,5
SSL_vs_BASE,CONTRASTIVE,LOGREG,0.1,TEMPLATE_OOD,delta_ssl_ap,-0.0707561946631736,-0.09565338906343833,-0.04585900026290886,5
SSL_vs_BASE,CONTRASTIVE,LOGREG,0.1,TEMPLATE_OOD,delta_ssl_recall,-0.12675644028103045,-0.23561542803868468,-0.017897452523376225,5
SSL_vs_BASE,CONTRASTIVE,LOGREG,0.1,TEMPLATE_OOD,delta_ssl_f1,-0.16856243819116723,-0.3114320126946952,-0.025692863687639234,5
SSL_vs_BASE,CONTRASTIVE,LOGREG,0.1,TEMPORAL,delta_ssl_ap,-0.07530890836834003,-0.10155519768053412,-0.04906261905614595,5
SSL_vs_BASE,CONTRASTIVE,LOGREG,0.1,TEMPORAL,delta_ssl_recall,-0.1355,-0.2462308737916759,-0.02476912620832411,5
SSL_vs_BASE,CONTRASTIVE,LOGREG,0.1,TEMPORAL,delta_ssl_f1,-0.18030848646041925,-0.3249099533335947,-0.035707019587243816,5
SSL_vs_BASE,CONTRASTIVE,LOGREG,0.25,DOMAIN_OOD,delta_ssl_ap,-0.07437751043143707,-0.08649707401783446,-0.06225794684503969,5
SSL_vs_BASE,CONTRASTIVE,LOGREG,0.25,DOMAIN_OOD,delta_ssl_recall,-0.07019180922757906,-0.16763121684656968,0.027247598391411568,5
SSL_vs_BASE,CONTRASTIVE,LOGREG,0.25,DOMAIN_OOD,delta_ssl_f1,-0.09737216569537221,-0.22553008904272995,0.030785757651985518,5
SSL_vs_BASE,CONTRASTIVE,LOGREG,0.25,DOMAIN_TEMPLATE_OOD,delta_ssl_ap,-0.07528241506893829,-0.08688978336723038,-0.0636750467706462,5
SSL_vs_BASE,CONTRASTIVE,LOGREG,0.25,DOMAIN_TEMPLATE_OOD,delta_ssl_recall,-0.06882416396979504,-0.1711608364974657,0.0335125085578756,5
SSL_vs_BASE,CONTRASTIVE,LOGREG,0.25,DOMAIN_TEMPLATE_OOD,delta_ssl_f1,-0.09710247542269985,-0.2322693528226309,0.038064401977231196,5
SSL_vs_BASE,CONTRASTIVE,LOGREG,0.25,IID,delta_ssl_ap,-0.07641356631526444,-0.09684833877030075,-0.05597879386022813,5
SSL_vs_BASE,CONTRASTIVE,LOGREG,0.25,IID,delta_ssl_recall,-0.01285444234404537,-0.10910930509231638,0.08340042040422564,5
SSL_vs_BASE,CONTRASTIVE,LOGREG,0.25,IID,delta_ssl_f1,-0.019048478063437624,-0.14867995603271972,0.11058299990584447,5
SSL_vs_BASE,CONTRASTIVE,LOGREG,0.25,TEMPLATE_OOD,delta_ssl_ap,-0.059076587935422364,-0.06382532387341373,-0.054327851997430995,5
SSL_vs_BASE,CONTRASTIVE,LOGREG,0.25,TEMPLATE_OOD,delta_ssl_recall,-0.03196721311475409,-0.133058269868618,0.06912384363910981,5
SSL_vs_BASE,CONTRASTIVE,LOGREG,0.25,TEMPLATE_OOD,delta_ssl_f1,-0.043370133918240766,-0.17313441583408415,0.08639414799760262,5
SSL_vs_BASE,CONTRASTIVE,LOGREG,0.25,TEMPORAL,delta_ssl_ap,-0.06164085474802687,-0.06729973737202409,-0.05598197212402965,5
SSL_vs_BASE,CONTRASTIVE,LOGREG,0.25,TEMPORAL,delta_ssl_recall,-0.038400000000000004,-0.1371683030281144,0.06036830302811437,5
SSL_vs_BASE,CONTRASTIVE,LOGREG,0.25,TEMPORAL,delta_ssl_f1,-0.051162071429839064,-0.17689102067042256,0.07456687781074445,5
SSL_vs_BASE,CONTRASTIVE,LOGREG,1.0,DOMAIN_OOD,delta_ssl_ap,-0.06973525547244727,-0.08241586905921103,-0.057054641885683516,5
SSL_vs_BASE,CONTRASTIVE,LOGREG,1.0,DOMAIN_OOD,delta_ssl_recall,-0.0656298600311042,-0.12495981263991036,-0.006299907422298037,5
SSL_vs_BASE,CONTRASTIVE,LOGREG,1.0,DOMAIN_OOD,delta_ssl_f1,-0.09362761203334351,-0.18436361151275715,-0.002891612553929848,5
SSL_vs_BASE,CONTRASTIVE,LOGREG,1.0,DOMAIN_TEMPLATE_OOD,delta_ssl_ap,-0.07162074907060687,-0.08340725541160043,-0.0598342427296133,5
SSL_vs_BASE,CONTRASTIVE,LOGREG,1.0,DOMAIN_TEMPLATE_OOD,delta_ssl_recall,-0.06256742179072276,-0.12183873656404971,-0.0032961070173958135,5
SSL_vs_BASE,CONTRASTIVE,LOGREG,1.0,DOMAIN_TEMPLATE_OOD,delta_ssl_f1,-0.0907550471889704,-0.18279822248934963,0.001288128111408826,5
SSL_vs_BASE,CONTRASTIVE,LOGREG,1.0,IID,delta_ssl_ap,-0.09399074810366173,-0.11306505370720028,-0.07491644250012318,5
SSL_vs_BASE,CONTRASTIVE,LOGREG,1.0,IID,delta_ssl_recall,-0.04612476370510399,-0.09774562389138661,0.0054960964811786375,5
SSL_vs_BASE,CONTRASTIVE,LOGREG,1.0,IID,delta_ssl_f1,-0.06154859659400863,-0.12763178253105928,0.004534589343042003,5
SSL_vs_BASE,CONTRASTIVE,LOGREG,1.0,TEMPLATE_OOD,delta_ssl_ap,-0.058053531153732726,-0.06805720780089203,-0.048049854506573425,5
SSL_vs_BASE,CONTRASTIVE,LOGREG,1.0,TEMPLATE_OOD,delta_ssl_recall,-0.08723653395784545,-0.17559885340085662,0.001125785485165745,5
SSL_vs_BASE,CONTRASTIVE,LOGREG,1.0,TEMPLATE_OOD,delta_ssl_f1,-0.11231718412308496,-0.2360925192223583,0.011458150976188367,5
SSL_vs_BASE,CONTRASTIVE,LOGREG,1.0,TEMPORAL,delta_ssl_ap,-0.059621882729536904,-0.06973100052890596,-0.04951276493016784,5
SSL_vs_BASE,CONTRASTIVE,LOGREG,1.0,TEMPORAL,delta_ssl_recall,-0.08430000000000001,-0.1709289804470377,0.002328980447037679,5
SSL_vs_BASE,CONTRASTIVE,LOGREG,1.0,TEMPORAL,delta_ssl_f1,-0.10803624505196714,-0.22813195269962105,0.012059462595686757,5
SSL_vs_BASE,CONTRASTIVE,MLP,0.1,DOMAIN_OOD,delta_ssl_ap,-0.05192025739145747,-0.11633202078206459,0.012491505999149645,5
SSL_vs_BASE,CONTRASTIVE,MLP,0.1,DOMAIN_OOD,delta_ssl_recall,-0.08698807672369104,-0.1531425679833905,-0.02083358546399157,5
SSL_vs_BASE,CONTRASTIVE,MLP,0.1,DOMAIN_OOD,delta_ssl_f1,-0.1351883355250491,-0.2390231021754044,-0.031353568874693816,5
SSL_vs_BASE,CONTRASTIVE,MLP,0.1,DOMAIN_TEMPLATE_OOD,delta_ssl_ap,-0.04845618749137195,-0.11518186184082893,0.018269486858085042,5
SSL_vs_BASE,CONTRASTIVE,MLP,0.1,DOMAIN_TEMPLATE_OOD,delta_ssl_recall,-0.07551240560949299,-0.13798347546096654,-0.013041335758019447,5
SSL_vs_BASE,CONTRASTIVE,MLP,0.1,DOMAIN_TEMPLATE_OOD,delta_ssl_f1,-0.11956635827969549,-0.21970213878586609,-0.019430577773524874,5
SSL_vs_BASE,CONTRASTIVE,MLP,0.1,IID,delta_ssl_ap,-0.0742029579679739,-0.12381853933935297,-0.024587376596594823,5
SSL_vs_BASE,CONTRASTIVE,MLP,0.1,IID,delta_ssl_recall,-0.15311909262759923,-0.2557164429935418,-0.050521742261656705,5
SSL_vs_BASE,CONTRASTIVE,MLP,0.1,IID,delta_ssl_f1,-0.20498298888954122,-0.34337793712207354,-0.0665880406570089,5
SSL_vs_BASE,CONTRASTIVE,MLP,0.1,TEMPLATE_OOD,delta_ssl_ap,-0.04933195022421901,-0.09705774219106464,-0.001606158257373376,5
SSL_vs_BASE,CONTRASTIVE,MLP,0.1,TEMPLATE_OOD,delta_ssl_recall,-0.10901639344262296,-0.1992249378580495,-0.018807849027196386,5
SSL_vs_BASE,CONTRASTIVE,MLP,0.1,TEMPLATE_OOD,delta_ssl_f1,-0.15053239079459518,-0.2792073337968026,-0.02185744779238777,5
SSL_vs_BASE,CONTRASTIVE,MLP,0.1,TEMPORAL,delta_ssl_ap,-0.05847559230620871,-0.1041165674593085,-0.012834617153108921,5
SSL_vs_BASE,CONTRASTIVE,MLP,0.1,TEMPORAL,delta_ssl_recall,-0.11655,-0.21303730974811083,-0.02006269025188917,5
SSL_vs_BASE,CONTRASTIVE,MLP,0.1,TEMPORAL,delta_ssl_f1,-0.159948635070633,-0.2963440273717115,-0.023553242769554478,5
SSL_vs_BASE,CONTRASTIVE,MLP,0.25,DOMAIN_OOD,delta_ssl_ap,-0.06034177928229412,-0.08200804568427486,-0.038675512880313366,5
SSL_vs_BASE,CONTRASTIVE,MLP,0.25,DOMAIN_OOD,delta_ssl_recall,-0.09466044582685329,-0.20158697915364615,0.012266087499939557,5
SSL_vs_BASE,CONTRASTIVE,MLP,0.25,DOMAIN_OOD,delta_ssl_f1,-0.13162878776150114,-0.2842111852549959,0.02095360973199359,5
SSL_vs_BASE,CONTRASTIVE,MLP,0.25,DOMAIN_TEMPLATE_OOD,delta_ssl_ap,-0.058562664486119353,-0.08039285111790843,-0.03673247785433027,5
SSL_vs_BASE,CONTRASTIVE,MLP,0.25,DOMAIN_TEMPLATE_OOD,delta_ssl_recall,-0.08036677454153182,-0.1901817312297796,0.029448182146715948,5
SSL_vs_BASE,CONTRASTIVE,MLP,0.25,DOMAIN_TEMPLATE_OOD,delta_ssl_f1,-0.11419500471312802,-0.27447172607556847,0.046081716649312404,5
SSL_vs_BASE,CONTRASTIVE,MLP,0.25,IID,delta_ssl_ap,-0.07616788919069895,-0.09410867432860014,-0.058227104052797754,5
SSL_vs_BASE,CONTRASTIVE,MLP,0.25,IID,delta_ssl_recall,-0.16446124763705106,-0.24424416265225501,-0.0846783326218471,5
SSL_vs_BASE,CONTRASTIVE,MLP,0.25,IID,delta_ssl_f1,-0.20619186562159095,-0.30899214126140717,-0.10339158998177474,5
SSL_vs_BASE,CONTRASTIVE,MLP,0.25,TEMPLATE_OOD,delta_ssl_ap,-0.04930952304409797,-0.06346572599735056,-0.03515332009084537,5
SSL_vs_BASE,CONTRASTIVE,MLP,0.25,TEMPLATE_OOD,delta_ssl_recall,-0.10521077283372364,-0.2440825567590526,0.03366101109160531,5
SSL_vs_BASE,CONTRASTIVE,MLP,0.25,TEMPLATE_OOD,delta_ssl_f1,-0.131931215455903,-0.31381742445240407,0.04995499354059807,5
SSL_vs_BASE,CONTRASTIVE,MLP,0.25,TEMPORAL,delta_ssl_ap,-0.054852345163380535,-0.07002385569105495,-0.039680834635706125,5
SSL_vs_BASE,CONTRASTIVE,MLP,0.25,TEMPORAL,delta_ssl_recall,-0.1187,-0.24876974894272544,0.011369748942725438,5
SSL_vs_BASE,CONTRASTIVE,MLP,0.25,TEMPORAL,delta_ssl_f1,-0.14757292080141754,-0.31710098805408926,0.02195514645125421,5
SSL_vs_BASE,CONTRASTIVE,MLP,1.0,DOMAIN_OOD,delta_ssl_ap,-0.0779634887421439,-0.08743340714930754,-0.06849357033498026,5
SSL_vs_BASE,CONTRASTIVE,MLP,1.0,DOMAIN_OOD,delta_ssl_recall,-0.07216174183514776,-0.14271389180554162,-0.001609591864753887,5
SSL_vs_BASE,CONTRASTIVE,MLP,1.0,DOMAIN_OOD,delta_ssl_f1,-0.09662748892544108,-0.1898644650213017,-0.003390512829580472,5
SSL_vs_BASE,CONTRASTIVE,MLP,1.0,DOMAIN_TEMPLATE_OOD,delta_ssl_ap,-0.08026888172298423,-0.09008545433994895,-0.0704523091060195,5
SSL_vs_BASE,CONTRASTIVE,MLP,1.0,DOMAIN_TEMPLATE_OOD,delta_ssl_recall,-0.052211434735706594,-0.11818394964017859,0.0137610801687654,5
SSL_vs_BASE,CONTRASTIVE,MLP,1.0,DOMAIN_TEMPLATE_OOD,delta_ssl_f1,-0.07144109234297798,-0.1612106771803858,0.018328492494429846,5
SSL_vs_BASE,CONTRASTIVE,MLP,1.0,IID,delta_ssl_ap,-0.07629540113066657,-0.0882722739500852,-0.06431852831124794,5
SSL_vs_BASE,CONTRASTIVE,MLP,1.0,IID,delta_ssl_recall,-0.12268431001890359,-0.18499769802672492,-0.060370922011082274,5
SSL_vs_BASE,CONTRASTIVE,MLP,1.0,IID,delta_ssl_f1,-0.1437182243853235,-0.2147618649782843,-0.07267458379236269,5
SSL_vs_BASE,CONTRASTIVE,MLP,1.0,TEMPLATE_OOD,delta_ssl_ap,-0.055940082815607674,-0.060577533052998914,-0.051302632578216434,5
SSL_vs_BASE,CONTRASTIVE,MLP,1.0,TEMPLATE_OOD,delta_ssl_recall,-0.055679156908665116,-0.11874423709292237,0.007385923275592142,5
SSL_vs_BASE,CONTRASTIVE,MLP,1.0,TEMPLATE_OOD,delta_ssl_f1,-0.06587229426656237,-0.13823676777902164,0.006492179245896901,5
SSL_vs_BASE,CONTRASTIVE,MLP,1.0,TEMPORAL,delta_ssl_ap,-0.05994351504768618,-0.06360647724025206,-0.0562805528551203,5
SSL_vs_BASE,CONTRASTIVE,MLP,1.0,TEMPORAL,delta_ssl_recall,-0.06880000000000001,-0.1327255006097509,-0.004874499390249115,5
SSL_vs_BASE,CONTRASTIVE,MLP,1.0,TEMPORAL,delta_ssl_f1,-0.08050938831503783,-0.15304459773313162,-0.007974178896944059,5
SSL_vs_BASE,CONTRASTIVE,XGBOOST,0.1,DOMAIN_OOD,delta_ssl_ap,-0.054328267308482905,-0.0822458097943484,-0.02641072482261742,5
SSL_vs_BASE,CONTRASTIVE,XGBOOST,0.1,DOMAIN_OOD,delta_ssl_recall,-0.04157594608605495,-0.10369950069777542,0.020547608525665513,5
SSL_vs_BASE,CONTRASTIVE,XGBOOST,0.1,DOMAIN_OOD,delta_ssl_f1,-0.06759851198792813,-0.1651265717137028,0.029929547737846535,5
SSL_vs_BASE,CONTRASTIVE,XGBOOST,0.1,DOMAIN_TEMPLATE_OOD,delta_ssl_ap,-0.05143614280884849,-0.07918567588211028,-0.023686609735586693,5
SSL_vs_BASE,CONTRASTIVE,XGBOOST,0.1,DOMAIN_TEMPLATE_OOD,delta_ssl_recall,-0.0494066882416397,-0.10160976423929348,0.002796387756014082,5
SSL_vs_BASE,CONTRASTIVE,XGBOOST,0.1,DOMAIN_TEMPLATE_OOD,delta_ssl_f1,-0.08195029708735038,-0.16360086013100655,-0.000299734043694197,5
SSL_vs_BASE,CONTRASTIVE,XGBOOST,0.1,IID,delta_ssl_ap,-0.10298538747498706,-0.12408997247256294,-0.08188080247741118,5
SSL_vs_BASE,CONTRASTIVE,XGBOOST,0.1,IID,delta_ssl_recall,-0.14328922495274102,-0.2488723849003014,-0.03770606500518063,5
SSL_vs_BASE,CONTRASTIVE,XGBOOST,0.1,IID,delta_ssl_f1,-0.20474868676371671,-0.3529022864004686,-0.056595087126964816,5
SSL_vs_BASE,CONTRASTIVE,XGBOOST,0.1,TEMPLATE_OOD,delta_ssl_ap,-0.052767617407490676,-0.07298176226039876,-0.03255347255458259,5
SSL_vs_BASE,CONTRASTIVE,XGBOOST,0.1,TEMPLATE_OOD,delta_ssl_recall,-0.07605386416861826,-0.15069243402259935,-0.001415294314637175,5
SSL_vs_BASE,CONTRASTIVE,XGBOOST,0.1,TEMPLATE_OOD,delta_ssl_f1,-0.11033117244190964,-0.21151175514500292,-0.009150589738816342,5
SSL_vs_BASE,CONTRASTIVE,XGBOOST,0.1,TEMPORAL,delta_ssl_ap,-0.06026638649925116,-0.08225524324383793,-0.03827752975466439,5
SSL_vs_BASE,CONTRASTIVE,XGBOOST,0.1,TEMPORAL,delta_ssl_recall,-0.0751,-0.15014225733856335,-5.774266143665496e-05,5
SSL_vs_BASE,CONTRASTIVE,XGBOOST,0.1,TEMPORAL,delta_ssl_f1,-0.1087743393365018,-0.20998834904212516,-0.007560329630878437,5
SSL_vs_BASE,CONTRASTIVE,XGBOOST,0.25,DOMAIN_OOD,delta_ssl_ap,-0.06568292422755306,-0.07912785807565144,-0.05223799037945469,5
SSL_vs_BASE,CONTRASTIVE,XGBOOST,0.25,DOMAIN_OOD,delta_ssl_recall,-0.04364955935717989,-0.12216487030016138,0.0348657515858016,5
SSL_vs_BASE,CONTRASTIVE,XGBOOST,0.25,DOMAIN_OOD,delta_ssl_f1,-0.06757308851122865,-0.18761475271723518,0.05246857569477789,5
SSL_vs_BASE,CONTRASTIVE,XGBOOST,0.25,DOMAIN_TEMPLATE_OOD,delta_ssl_ap,-0.06257934941538376,-0.0779919818737123,-0.047166716957055224,5
SSL_vs_BASE,CONTRASTIVE,XGBOOST,0.25,DOMAIN_TEMPLATE_OOD,delta_ssl_recall,-0.043581445523193096,-0.10253483542882967,0.015371944382443478,5
SSL_vs_BASE,CONTRASTIVE,XGBOOST,0.25,DOMAIN_TEMPLATE_OOD,delta_ssl_f1,-0.06807681343854188,-0.15899975320912543,0.022846126332041666,5
SSL_vs_BASE,CONTRASTIVE,XGBOOST,0.25,IID,delta_ssl_ap,-0.10117812183986145,-0.11665526003796517,-0.08570098364175774,5
SSL_vs_BASE,CONTRASTIVE,XGBOOST,0.25,IID,delta_ssl_recall,-0.11474480151228734,-0.21853537066875645,-0.010954232355818258,5
SSL_vs_BASE,CONTRASTIVE,XGBOOST,0.25,IID,delta_ssl_f1,-0.16187263371161106,-0.31020016064617434,-0.013545106777047788,5
SSL_vs_BASE,CONTRASTIVE,XGBOOST,0.25,TEMPLATE_OOD,delta_ssl_ap,-0.05434548788088622,-0.06289884010585499,-0.04579213565591746,5
SSL_vs_BASE,CONTRASTIVE,XGBOOST,0.25,TEMPLATE_OOD,delta_ssl_recall,-0.06557377049180327,-0.16153822623119424,0.0303906852475877,5
SSL_vs_BASE,CONTRASTIVE,XGBOOST,0.25,TEMPLATE_OOD,delta_ssl_f1,-0.08869356730637742,-0.2176550253848337,0.040267890772078846,5
SSL_vs_BASE,CONTRASTIVE,XGBOOST,0.25,TEMPORAL,delta_ssl_ap,-0.06130051147832838,-0.0705438433824687,-0.05205717957418805,5
SSL_vs_BASE,CONTRASTIVE,XGBOOST,0.25,TEMPORAL,delta_ssl_recall,-0.06500000000000002,-0.16639799325660987,0.03639799325660982,5
SSL_vs_BASE,CONTRASTIVE,XGBOOST,0.25,TEMPORAL,delta_ssl_f1,-0.08842254105448777,-0.22428155526401244,0.04743647315503691,5
SSL_vs_BASE,CONTRASTIVE,XGBOOST,1.0,DOMAIN_OOD,delta_ssl_ap,-0.0750821748093603,-0.0793778600476174,-0.0707864895711032,5
SSL_vs_BASE,CONTRASTIVE,XGBOOST,1.0,DOMAIN_OOD,delta_ssl_recall,-0.12721617418351477,-0.16151788164701947,-0.09291446672001007,5
SSL_vs_BASE,CONTRASTIVE,XGBOOST,1.0,DOMAIN_OOD,delta_ssl_f1,-0.1793712186678588,-0.2366240151024655,-0.12211842223325209,5
SSL_vs_BASE,CONTRASTIVE,XGBOOST,1.0,DOMAIN_TEMPLATE_OOD,delta_ssl_ap,-0.0731474693489087,-0.07864644106901209,-0.06764849762880532,5
SSL_vs_BASE,CONTRASTIVE,XGBOOST,1.0,DOMAIN_TEMPLATE_OOD,delta_ssl_recall,-0.11240560949298813,-0.14936368942930425,-0.075447529556672,5
SSL_vs_BASE,CONTRASTIVE,XGBOOST,1.0,DOMAIN_TEMPLATE_OOD,delta_ssl_f1,-0.16370928378087682,-0.2239918300959359,-0.10342673746581774,5
SSL_vs_BASE,CONTRASTIVE,XGBOOST,1.0,IID,delta_ssl_ap,-0.0950769697610285,-0.10498418784470806,-0.08516975167734894,5
SSL_vs_BASE,CONTRASTIVE,XGBOOST,1.0,IID,delta_ssl_recall,-0.2332703213610586,-0.28118982072425086,-0.18535082199786634,5
SSL_vs_BASE,CONTRASTIVE,XGBOOST,1.0,IID,delta_ssl_f1,-0.28510646925723815,-0.3590810322494371,-0.2111319062650392,5
SSL_vs_BASE,CONTRASTIVE,XGBOOST,1.0,TEMPLATE_OOD,delta_ssl_ap,-0.054953059087882325,-0.05882248225939742,-0.05108363591636723,5
SSL_vs_BASE,CONTRASTIVE,XGBOOST,1.0,TEMPLATE_OOD,delta_ssl_recall,-0.13659250585480093,-0.17439020405543731,-0.09879480765416454,5
SSL_vs_BASE,CONTRASTIVE,XGBOOST,1.0,TEMPLATE_OOD,delta_ssl_f1,-0.16721394399538286,-0.22260369657560328,-0.11182419141516245,5
SSL_vs_BASE,CONTRASTIVE,XGBOOST,1.0,TEMPORAL,delta_ssl_ap,-0.06140809803473184,-0.06543394867393207,-0.057382247395531605,5
SSL_vs_BASE,CONTRASTIVE,XGBOOST,1.0,TEMPORAL,delta_ssl_recall,-0.1465,-0.18504536849651074,-0.10795463150348925,5
SSL_vs_BASE,CONTRASTIVE,XGBOOST,1.0,TEMPORAL,delta_ssl_f1,-0.17797870501275898,-0.23537063933946129,-0.12058677068605667,5
SSL_vs_BASE,DAPT,LOGREG,0.1,DOMAIN_OOD,delta_ssl_ap,-0.0017702497095744897,-0.009644887879152369,0.00610438846000339,5
SSL_vs_BASE,DAPT,LOGREG,0.1,DOMAIN_OOD,delta_ssl_recall,-0.07133229652669779,-0.17094893292381852,0.028284339870422948,5
SSL_vs_BASE,DAPT,LOGREG,0.1,DOMAIN_OOD,delta_ssl_f1,-0.09131627367965148,-0.21712075851107618,0.034488211151773224,5
SSL_vs_BASE,DAPT,LOGREG,0.1,DOMAIN_TEMPLATE_OOD,delta_ssl_ap,-0.0038033034353347705,-0.013815206611499575,0.006208599740830033,5
SSL_vs_BASE,DAPT,LOGREG,0.1,DOMAIN_TEMPLATE_OOD,delta_ssl_recall,-0.07464940668824163,-0.16866673877271487,0.019367925396231597,5
SSL_vs_BASE,DAPT,LOGREG,0.1,DOMAIN_TEMPLATE_OOD,delta_ssl_f1,-0.09757095272247111,-0.21868439386465055,0.023542488419708338,5
SSL_vs_BASE,DAPT,LOGREG,0.1,IID,delta_ssl_ap,-0.006035480272782801,-0.014411726120857294,0.0023407655752916926,5
SSL_vs_BASE,DAPT,LOGREG,0.1,IID,delta_ssl_recall,-0.06843100189035915,-0.16448891218015713,0.02762690839943882,5
SSL_vs_BASE,DAPT,LOGREG,0.1,IID,delta_ssl_f1,-0.08748499067159785,-0.2049189837256688,0.029949002382473125,5
SSL_vs_BASE,DAPT,LOGREG,0.1,TEMPLATE_OOD,delta_ssl_ap,6.583725081723557e-05,-0.003966607232094548,0.00409828173372902,5
SSL_vs_BASE,DAPT,LOGREG,0.1,TEMPLATE_OOD,delta_ssl_recall,-0.05725995316159249,-0.16459682932660002,0.050076923003415055,5
SSL_vs_BASE,DAPT,LOGREG,0.1,TEMPLATE_OOD,delta_ssl_f1,-0.06723359263658027,-0.19183366410747055,0.05736647883431001,5
SSL_vs_BASE,DAPT,LOGREG,0.1,TEMPORAL,delta_ssl_ap,-0.0010420645704964481,-0.005593894206677628,0.0035097650656847317,5
SSL_vs_BASE,DAPT,LOGREG,0.1,TEMPORAL,delta_ssl_recall,-0.05475000000000001,-0.16112286448003849,0.05162286448003846,5
SSL_vs_BASE,DAPT,LOGREG,0.1,TEMPORAL,delta_ssl_f1,-0.06412187499892238,-0.1878720268414818,0.05962827684363704,5
SSL_vs_BASE,DAPT,LOGREG,0.25,DOMAIN_OOD,delta_ssl_ap,-0.001064671939114259,-0.008957716303212626,0.006828372424984109,5
SSL_vs_BASE,DAPT,LOGREG,0.25,DOMAIN_OOD,delta_ssl_recall,0.013478486262312073,-0.07205869105387899,0.09901566357850314,5
SSL_vs_BASE,DAPT,LOGREG,0.25,DOMAIN_OOD,delta_ssl_f1,0.01673929432616934,-0.09230445734061705,0.12578304599295573,5
SSL_vs_BASE,DAPT,LOGREG,0.25,DOMAIN_TEMPLATE_OOD,delta_ssl_ap,-0.0034756796002768375,-0.012037698186917222,0.005086338986363547,5
SSL_vs_BASE,DAPT,LOGREG,0.25,DOMAIN_TEMPLATE_OOD,delta_ssl_recall,0.01121898597626753,-0.0748101464931688,0.09724811844570386,5
SSL_vs_BASE,DAPT,LOGREG,0.25,DOMAIN_TEMPLATE_OOD,delta_ssl_f1,0.013754077322378887,-0.09691162459457073,0.12441977923932851,5
SSL_vs_BASE,DAPT,LOGREG,0.25,IID,delta_ssl_ap,-0.006245346817210518,-0.01376403451790667,0.0012733408834856358,5
SSL_vs_BASE,DAPT,LOGREG,0.25,IID,delta_ssl_recall,0.03213610586011343,-0.06947313583629869,0.13374534755652556,5
SSL_vs_BASE,DAPT,LOGREG,0.25,IID,delta_ssl_f1,0.044174292432268204,-0.08715637119590391,0.1755049560604403,5
SSL_vs_BASE,DAPT,LOGREG,0.25,TEMPLATE_OOD,delta_ssl_ap,-0.0007322623043383159,-0.00435491926350047,0.0028903946548238385,5
SSL_vs_BASE,DAPT,LOGREG,0.25,TEMPLATE_OOD,delta_ssl_recall,0.022716627634660414,-0.06750143630449955,0.11293469157382037,5
SSL_vs_BASE,DAPT,LOGREG,0.25,TEMPLATE_OOD,delta_ssl_f1,0.027925744592300572,-0.08061933639858264,0.1364708255831838,5
SSL_vs_BASE,DAPT,LOGREG,0.25,TEMPORAL,delta_ssl_ap,-0.0013659984286599203,-0.004999549890389405,0.0022675530330695643,5
SSL_vs_BASE,DAPT,LOGREG,0.25,TEMPORAL,delta_ssl_recall,0.02559999999999999,-0.059740861454567674,0.11094086145456766,5
SSL_vs_BASE,DAPT,LOGREG,0.25,TEMPORAL,delta_ssl_f1,0.03089271499633379,-0.07231769786298227,0.13410312785564985,5
SSL_vs_BASE,DAPT,LOGREG,1.0,DOMAIN_OOD,delta_ssl_ap,0.006993682527205158,0.0024697880096366913,0.011517577044773625,5
SSL_vs_BASE,DAPT,LOGREG,1.0,DOMAIN_OOD,delta_ssl_recall,0.0226023846552618,-0.03743392865324094,0.08263869796376454,5
SSL_vs_BASE,DAPT,LOGREG,1.0,DOMAIN_OOD,delta_ssl_f1,0.027153597410924567,-0.04909681724370608,0.10340401206555522,5
SSL_vs_BASE,DAPT,LOGREG,1.0,DOMAIN_TEMPLATE_OOD,delta_ssl_ap,0.005972384705144917,0.0010297572881664179,0.010915012122123417,5
SSL_vs_BASE,DAPT,LOGREG,1.0,DOMAIN_TEMPLATE_OOD,delta_ssl_recall,0.006256742179072261,-0.05397838480050294,0.06649186915864747,5
SSL_vs_BASE,DAPT,LOGREG,1.0,DOMAIN_TEMPLATE_OOD,delta_ssl_f1,0.0063331066210988605,-0.07395287722978058,0.0866190904719783,5
SSL_vs_BASE,DAPT,LOGREG,1.0,IID,delta_ssl_ap,0.002142266252018343,-0.0037654588049250556,0.008049991308961741,5
SSL_vs_BASE,DAPT,LOGREG,1.0,IID,delta_ssl_recall,-0.0018903591682419673,-0.0905919743135349,0.08681125597705096,5
SSL_vs_BASE,DAPT,LOGREG,1.0,IID,delta_ssl_f1,-0.0061552187839728715,-0.11237610944992295,0.1000656718819772,5
SSL_vs_BASE,DAPT,LOGREG,1.0,TEMPLATE_OOD,delta_ssl_ap,0.00431653652943218,0.0013158805116670418,0.007317192547197317,5
SSL_vs_BASE,DAPT,LOGREG,1.0,TEMPLATE_OOD,delta_ssl_recall,0.005796252927400447,-0.06634718884162871,0.07793969469642961,5
SSL_vs_BASE,DAPT,LOGREG,1.0,TEMPLATE_OOD,delta_ssl_f1,0.004408000652887467,-0.07915984789253891,0.08797584919831383,5
SSL_vs_BASE,DAPT,LOGREG,1.0,TEMPORAL,delta_ssl_ap,0.003584660492196834,0.0012087106772825026,0.005960610307111165,5
SSL_vs_BASE,DAPT,LOGREG,1.0,TEMPORAL,delta_ssl_recall,0.018499999999999996,-0.05394074635622458,0.09094074635622457,5
SSL_vs_BASE,DAPT,LOGREG,1.0,TEMPORAL,delta_ssl_f1,0.01859842106690792,-0.06283847220816666,0.10003531434198248,5
SSL_vs_BASE,DAPT,MLP,0.1,DOMAIN_OOD,delta_ssl_ap,0.009330319637109263,-0.009952820050003893,0.02861345932422242,5
SSL_vs_BASE,DAPT,MLP,0.1,DOMAIN_OOD,delta_ssl_recall,-0.04157594608605494,-0.07595547428539864,-0.007196417886711243,5
SSL_vs_BASE,DAPT,MLP,0.1,DOMAIN_OOD,delta_ssl_f1,-0.06483075955702888,-0.12491236790150084,-0.0047491512125569235,5
SSL_vs_BASE,DAPT,MLP,0.1,DOMAIN_TEMPLATE_OOD,delta_ssl_ap,0.006499600048143361,-0.012639847932282084,0.025639048028568808,5
SSL_vs_BASE,DAPT,MLP,0.1,DOMAIN_TEMPLATE_OOD,delta_ssl_recall,-0.04034519956850054,-0.07715065625071738,-0.0035397428862836908,5
SSL_vs_BASE,DAPT,MLP,0.1,DOMAIN_TEMPLATE_OOD,delta_ssl_f1,-0.06435671029479599,-0.12961423485529622,0.00090081426570425,5
SSL_vs_BASE,DAPT,MLP,0.1,IID,delta_ssl_ap,-0.009839607962016573,-0.020031256361816678,0.00035204043778353476,5
SSL_vs_BASE,DAPT,MLP,0.1,IID,delta_ssl_recall,-0.09886578449905482,-0.18845425244800595,-0.009277316550103679,5
SSL_vs_BASE,DAPT,MLP,0.1,IID,delta_ssl_f1,-0.13355629801613575,-0.2527654221602017,-0.014347173872069824,5
SSL_vs_BASE,DAPT,MLP,0.1,TEMPLATE_OOD,delta_ssl_ap,0.003343143541677773,-0.00843307123070297,0.015119358314058516,5
SSL_vs_BASE,DAPT,MLP,0.1,TEMPLATE_OOD,delta_ssl_recall,-0.06299765807962529,-0.1417449383708022,0.015749622211551642,5
SSL_vs_BASE,DAPT,MLP,0.1,TEMPLATE_OOD,delta_ssl_f1,-0.09198696242688012,-0.21872611095594474,0.0347521861021845,5
SSL_vs_BASE,DAPT,MLP,0.1,TEMPORAL,delta_ssl_ap,0.0023332922000731003,-0.008530490294280511,0.01319707469442671,5
SSL_vs_BASE,DAPT,MLP,0.1,TEMPORAL,delta_ssl_recall,-0.0622,-0.13709695468902747,0.012696954689027477,5
SSL_vs_BASE,DAPT,MLP,0.1,TEMPORAL,delta_ssl_f1,-0.08989336709964463,-0.20946996328108525,0.029683229081795992,5
SSL_vs_BASE,DAPT,MLP,0.25,DOMAIN_OOD,delta_ssl_ap,0.0024567648219951943,-0.004065077009669182,0.008978606653659571,5
SSL_vs_BASE,DAPT,MLP,0.25,DOMAIN_OOD,delta_ssl_recall,-0.00031104199066873115,-0.0824866668540643,0.08186458287272685,5
SSL_vs_BASE,DAPT,MLP,0.25,DOMAIN_OOD,delta_ssl_f1,0.0011485632625920616,-0.10340997711625344,0.10570710364143757,5
SSL_vs_BASE,DAPT,MLP,0.25,DOMAIN_TEMPLATE_OOD,delta_ssl_ap,0.0010532552352886082,-0.006089676613758854,0.00819618708433607,5
SSL_vs_BASE,DAPT,MLP,0.25,DOMAIN_TEMPLATE_OOD,delta_ssl_recall,0.0009708737864077665,-0.07940047176099051,0.08134221933380605,5
SSL_vs_BASE,DAPT,MLP,0.25,DOMAIN_TEMPLATE_OOD,delta_ssl_f1,0.0027922409040196604,-0.1019161439351887,0.10750062574322804,5
SSL_vs_BASE,DAPT,MLP,0.25,IID,delta_ssl_ap,-0.013965878700102286,-0.024733704075826257,-0.003198053324378317,5
SSL_vs_BASE,DAPT,MLP,0.25,IID,delta_ssl_recall,-0.036862003780718335,-0.0954125390336478,0.021688531472211135,5
SSL_vs_BASE,DAPT,MLP,0.25,IID,delta_ssl_f1,-0.04453684592591317,-0.11459277946568718,0.025519087613860833,5
SSL_vs_BASE,DAPT,MLP,0.25,TEMPLATE_OOD,delta_ssl_ap,0.0004693755657170451,-0.00391091108327514,0.004849662214709231,5
SSL_vs_BASE,DAPT,MLP,0.25,TEMPLATE_OOD,delta_ssl_recall,0.0033957845433255306,-0.06994423905320798,0.07673580813985906,5
SSL_vs_BASE,DAPT,MLP,0.25,TEMPLATE_OOD,delta_ssl_f1,0.005006152600092728,-0.07729977236693032,0.08731207756711577,5
SSL_vs_BASE,DAPT,MLP,0.25,TEMPORAL,delta_ssl_ap,0.0006464010608900006,-0.003632269085170867,0.004925071206950868,5
SSL_vs_BASE,DAPT,MLP,0.25,TEMPORAL,delta_ssl_recall,0.00615,-0.07011561664795077,0.08241561664795077,5
SSL_vs_BASE,DAPT,MLP,0.25,TEMPORAL,delta_ssl_f1,0.007620280025784754,-0.07606950684540895,0.09131006689697846,5
SSL_vs_BASE,DAPT,MLP,1.0,DOMAIN_OOD,delta_ssl_ap,-0.004922787830544251,-0.013567490169618222,0.00372191450852972,5
SSL_vs_BASE,DAPT,MLP,1.0,DOMAIN_OOD,delta_ssl_recall,0.033281493001555196,-0.06529699972374102,0.13185998572685143,5
SSL_vs_BASE,DAPT,MLP,1.0,DOMAIN_OOD,delta_ssl_f1,0.03934137537393202,-0.0800588906050015,0.15874164135286556,5
SSL_vs_BASE,DAPT,MLP,1.0,DOMAIN_TEMPLATE_OOD,delta_ssl_ap,-0.006462101517107644,-0.016218485451765848,0.0032942824175505618,5
SSL_vs_BASE,DAPT,MLP,1.0,DOMAIN_TEMPLATE_OOD,delta_ssl_recall,0.032038834951456305,-0.07104784514638977,0.13512551504930237,5
SSL_vs_BASE,DAPT,MLP,1.0,DOMAIN_TEMPLATE_OOD,delta_ssl_f1,0.039809114722273976,-0.09001358235833515,0.1696318118028831,5
SSL_vs_BASE,DAPT,MLP,1.0,IID,delta_ssl_ap,0.00019846554964588758,-0.008991553392106359,0.009388484491398135,5
SSL_vs_BASE,DAPT,MLP,1.0,IID,delta_ssl_recall,0.02570888468809076,-0.09206772039202518,0.1434854897682067,5
SSL_vs_BASE,DAPT,MLP,1.0,IID,delta_ssl_f1,0.02082154387233822,-0.10645706504633634,0.1481001527910128,5
SSL_vs_BASE,DAPT,MLP,1.0,TEMPLATE_OOD,delta_ssl_ap,-0.0020100321172785264,-0.008177392491468174,0.004157328256911121,5
SSL_vs_BASE,DAPT,MLP,1.0,TEMPLATE_OOD,delta_ssl_recall,0.04455503512880561,-0.050532679794928634,0.13964275005253984,5
SSL_vs_BASE,DAPT,MLP,1.0,TEMPLATE_OOD,delta_ssl_f1,0.04727550331424908,-0.054818458145424964,0.14936946477392313,5
SSL_vs_BASE,DAPT,MLP,1.0,TEMPORAL,delta_ssl_ap,-0.0014912894819502753,-0.007277841305848498,0.004295262341947947,5
SSL_vs_BASE,DAPT,MLP,1.0,TEMPORAL,delta_ssl_recall,0.04634999999999999,-0.04407583769787664,0.1367758376978766,5
SSL_vs_BASE,DAPT,MLP,1.0,TEMPORAL,delta_ssl_f1,0.047915808635188226,-0.04680872244615257,0.142640339716529,5
SSL_vs_BASE,DAPT,XGBOOST,0.1,DOMAIN_OOD,delta_ssl_ap,-0.0037344317439772733,-0.01785312862036613,0.010384265132411584,5
SSL_vs_BASE,DAPT,XGBOOST,0.1,DOMAIN_OOD,delta_ssl_recall,-0.014722654224987041,-0.09254120832323944,0.06309589987326535,5
SSL_vs_BASE,DAPT,XGBOOST,0.1,DOMAIN_OOD,delta_ssl_f1,-0.02300042460552107,-0.1478935574734892,0.10189270826244705,5
SSL_vs_BASE,DAPT,XGBOOST,0.1,DOMAIN_TEMPLATE_OOD,delta_ssl_ap,-0.0072115978698581,-0.024155537200459973,0.009732341460743775,5
SSL_vs_BASE,DAPT,XGBOOST,0.1,DOMAIN_TEMPLATE_OOD,delta_ssl_recall,-0.01769147788565264,-0.09072093467336984,0.055337978902064565,5
SSL_vs_BASE,DAPT,XGBOOST,0.1,DOMAIN_TEMPLATE_OOD,delta_ssl_f1,-0.028312576927791617,-0.14768474691756397,0.09105959306198075,5
SSL_vs_BASE,DAPT,XGBOOST,0.1,IID,delta_ssl_ap,-0.009721212060418516,-0.032709515985578266,0.013267091864741233,5
SSL_vs_BASE,DAPT,XGBOOST,0.1,IID,delta_ssl_recall,-0.03383742911153119,-0.1899595942870393,0.12228473606397693,5
SSL_vs_BASE,DAPT,XGBOOST,0.1,IID,delta_ssl_f1,-0.04386514667508004,-0.2592336138209981,0.171503320470838,5
SSL_vs_BASE,DAPT,XGBOOST,0.1,TEMPLATE_OOD,delta_ssl_ap,-0.0008211300804232379,-0.009791135604295079,0.008148875443448604,5
SSL_vs_BASE,DAPT,XGBOOST,0.1,TEMPLATE_OOD,delta_ssl_recall,-0.036124121779859485,-0.13837375276798078,0.0661255092082618,5
SSL_vs_BASE,DAPT,XGBOOST,0.1,TEMPLATE_OOD,delta_ssl_f1,-0.05212913447946819,-0.19657951554535408,0.09232124658641772,5
SSL_vs_BASE,DAPT,XGBOOST,0.1,TEMPORAL,delta_ssl_ap,-0.0020731194772866555,-0.00979846666104601,0.005652227706472699,5
SSL_vs_BASE,DAPT,XGBOOST,0.1,TEMPORAL,delta_ssl_recall,-0.032100000000000004,-0.1370987796807161,0.0728987796807161,5
SSL_vs_BASE,DAPT,XGBOOST,0.1,TEMPORAL,delta_ssl_f1,-0.04612955567328712,-0.19391001892339055,0.10165090757681632,5
SSL_vs_BASE,DAPT,XGBOOST,0.25,DOMAIN_OOD,delta_ssl_ap,0.0009237505590207861,-0.007570301878395546,0.009417802996437118,5
SSL_vs_BASE,DAPT,XGBOOST,0.25,DOMAIN_OOD,delta_ssl_recall,-0.024053913945049254,-0.09714181403710305,0.049033986147004535,5
SSL_vs_BASE,DAPT,XGBOOST,0.25,DOMAIN_OOD,delta_ssl_f1,-0.03611042805415072,-0.14568435483528283,0.07346349872698141,5
SSL_vs_BASE,DAPT,XGBOOST,0.25,DOMAIN_TEMPLATE_OOD,delta_ssl_ap,-0.0011821309844885608,-0.011032952627338877,0.008668690658361757,5
SSL_vs_BASE,DAPT,XGBOOST,0.25,DOMAIN_TEMPLATE_OOD,delta_ssl_recall,-0.026645091693635388,-0.08710133939848963,0.033811156011218854,5
SSL_vs_BASE,DAPT,XGBOOST,0.25,DOMAIN_TEMPLATE_OOD,delta_ssl_f1,-0.04099940270860042,-0.1330317552701046,0.05103294985290377,5
SSL_vs_BASE,DAPT,XGBOOST,0.25,IID,delta_ssl_ap,-0.009293027672197463,-0.022591995360555246,0.004005940016160319,5
SSL_vs_BASE,DAPT,XGBOOST,0.25,IID,delta_ssl_recall,-0.03534971644612476,-0.1023660250749536,0.031666592182704074,5
SSL_vs_BASE,DAPT,XGBOOST,0.25,IID,delta_ssl_f1,-0.045786829688195876,-0.13128671171462228,0.039713052338230526,5
SSL_vs_BASE,DAPT,XGBOOST,0.25,TEMPLATE_OOD,delta_ssl_ap,0.0014822325526368419,-0.006269222375873481,0.009233687481147165,5
SSL_vs_BASE,DAPT,XGBOOST,0.25,TEMPLATE_OOD,delta_ssl_recall,-0.04478922716627634,-0.12121660161844314,0.031638147285890456,5
SSL_vs_BASE,DAPT,XGBOOST,0.25,TEMPLATE_OOD,delta_ssl_f1,-0.057880474312016296,-0.15651288363177931,0.04075193500774673,5
SSL_vs_BASE,DAPT,XGBOOST,0.25,TEMPORAL,delta_ssl_ap,-0.00040253712051994126,-0.007838994786889824,0.007033920545849942,5
SSL_vs_BASE,DAPT,XGBOOST,0.25,TEMPORAL,delta_ssl_recall,-0.04120000000000001,-0.12375472510166494,0.041354725101664914,5
SSL_vs_BASE,DAPT,XGBOOST,0.25,TEMPORAL,delta_ssl_f1,-0.0531851255523893,-0.15968253966108698,0.05331228855630839,5
SSL_vs_BASE,DAPT,XGBOOST,1.0,DOMAIN_OOD,delta_ssl_ap,0.0012140066302009477,-0.0018093042286290697,0.004237317489030965,5
SSL_vs_BASE,DAPT,XGBOOST,1.0,DOMAIN_OOD,delta_ssl_recall,0.026334888543286687,-0.06452293047513269,0.11719270756170608,5
SSL_vs_BASE,DAPT,XGBOOST,1.0,DOMAIN_OOD,delta_ssl_f1,0.030011605922905804,-0.0817431073023033,0.1417663191481149,5
SSL_vs_BASE,DAPT,XGBOOST,1.0,DOMAIN_TEMPLATE_OOD,delta_ssl_ap,3.944069328694066e-05,-0.003734828828753741,0.0038137102153276226,5
SSL_vs_BASE,DAPT,XGBOOST,1.0,DOMAIN_TEMPLATE_OOD,delta_ssl_recall,0.022869471413160737,-0.05259036219688378,0.09832930502320525,5
SSL_vs_BASE,DAPT,XGBOOST,1.0,DOMAIN_TEMPLATE_OOD,delta_ssl_f1,0.02723153900580507,-0.06972388669571786,0.12418696470732801,5
SSL_vs_BASE,DAPT,XGBOOST,1.0,IID,delta_ssl_ap,-0.007116770703749142,-0.01799991141828002,0.0037663700107817347,5
SSL_vs_BASE,DAPT,XGBOOST,1.0,IID,delta_ssl_recall,-0.004914933837429125,-0.07043373191385478,0.06060386423899654,5
SSL_vs_BASE,DAPT,XGBOOST,1.0,IID,delta_ssl_f1,-0.007214242917601021,-0.07223468972430148,0.05780620388909945,5
SSL_vs_BASE,DAPT,XGBOOST,1.0,TEMPLATE_OOD,delta_ssl_ap,0.0008899418242570567,-0.002955562773268445,0.0047354464217825585,5
SSL_vs_BASE,DAPT,XGBOOST,1.0,TEMPLATE_OOD,delta_ssl_recall,0.019145199063231845,-0.055317565236246306,0.09360796336270999,5
SSL_vs_BASE,DAPT,XGBOOST,1.0,TEMPLATE_OOD,delta_ssl_f1,0.0188538702692172,-0.06161907763671921,0.09932681817515361,5
SSL_vs_BASE,DAPT,XGBOOST,1.0,TEMPORAL,delta_ssl_ap,-0.0002880515759608571,-0.003702469673728367,0.0031263665218066524,5
SSL_vs_BASE,DAPT,XGBOOST,1.0,TEMPORAL,delta_ssl_recall,0.02065,-0.06494396834745238,0.10624396834745238,5
SSL_vs_BASE,DAPT,XGBOOST,1.0,TEMPORAL,delta_ssl_f1,0.01986436345607955,-0.07108716728855621,0.1108158942007153,5
IID_to_SHIFT,BASE,LOGREG,0.1,DOMAIN_OOD,drop_ap,-0.04210805891173541,-0.05523783061258164,-0.028978287210889186,5
IID_to_SHIFT,BASE,LOGREG,0.1,DOMAIN_OOD,drop_recall,0.05412493225967986,-0.017202741673933875,0.1254526061932936,5
IID_to_SHIFT,BASE,LOGREG,0.1,DOMAIN_OOD,drop_f1,0.0710935670932576,-0.03210203398568891,0.17428916817220413,5
IID_to_SHIFT,BASE,LOGREG,0.1,DOMAIN_TEMPLATE_OOD,drop_ap,-0.03311162653705424,-0.04748126509985727,-0.018741987974251206,5
IID_to_SHIFT,BASE,LOGREG,0.1,DOMAIN_TEMPLATE_OOD,drop_recall,0.05943395264517735,-0.011880684139909052,0.13074858943026374,5
IID_to_SHIFT,BASE,LOGREG,0.1,DOMAIN_TEMPLATE_OOD,drop_f1,0.07766137118605815,-0.027379058535025536,0.18270180090714183,5
IID_to_SHIFT,BASE,LOGREG,0.1,TEMPLATE_OOD,drop_ap,-0.0643240422968463,-0.0730759014783135,-0.0555721831153791,5
IID_to_SHIFT,BASE,LOGREG,0.1,TEMPLATE_OOD,drop_recall,0.02168766573845752,-0.04983367295064702,0.09320900442756205,5
IID_to_SHIFT,BASE,LOGREG,0.1,TEMPLATE_OOD,drop_f1,0.03066639862590236,-0.05975850298622855,0.12109130023803326,5
IID_to_SHIFT,BASE,LOGREG,0.1,TEMPORAL,drop_ap,-0.06918017892694657,-0.08065488068386244,-0.0577054771700307,5
IID_to_SHIFT,BASE,LOGREG,0.1,TEMPORAL,drop_recall,0.015569281663516055,-0.05142453139682883,0.08256309472386093,5
IID_to_SHIFT,BASE,LOGREG,0.1,TEMPORAL,drop_f1,0.022404313552592325,-0.060438090052053306,0.10524671715723796,5
IID_to_SHIFT,BASE,LOGREG,0.25,DOMAIN_OOD,drop_ap,-0.05475393445964616,-0.06972901530656489,-0.03977885361272743,5
IID_to_SHIFT,BASE,LOGREG,0.25,DOMAIN_OOD,drop_recall,-0.03823405762802554,-0.10530810041939812,0.028839985163347036,5
IID_to_SHIFT,BASE,LOGREG,0.25,DOMAIN_OOD,drop_f1,-0.05186266902146761,-0.1440145053898581,0.04028916734692287,5
IID_to_SHIFT,BASE,LOGREG,0.25,DOMAIN_TEMPLATE_OOD,drop_ap,-0.04869792201633609,-0.06302860195990649,-0.03436724207276569,5
IID_to_SHIFT,BASE,LOGREG,0.25,DOMAIN_TEMPLATE_OOD,drop_recall,-0.029609101457432264,-0.09133240588930552,0.032114202974441,5
IID_to_SHIFT,BASE,LOGREG,0.25,DOMAIN_TEMPLATE_OOD,drop_f1,-0.04045282558626555,-0.12641473983607965,0.045509088663548566,5
IID_to_SHIFT,BASE,LOGREG,0.25,TEMPLATE_OOD,drop_ap,-0.07024914074868091,-0.07962441940808623,-0.060873862089275595,5
IID_to_SHIFT,BASE,LOGREG,0.25,TEMPLATE_OOD,drop_recall,-0.058355542471102306,-0.13572807975058543,0.01901699480838083,5
IID_to_SHIFT,BASE,LOGREG,0.25,TEMPLATE_OOD,drop_f1,-0.07696036489789111,-0.1798118652123648,0.025891135416582597,5
IID_to_SHIFT,BASE,LOGREG,0.25,TEMPORAL,drop_ap,-0.07384265090166169,-0.0818866411980698,-0.06579866060525356,5
IID_to_SHIFT,BASE,LOGREG,0.25,TEMPORAL,drop_recall,-0.06475964083175804,-0.14104312341810155,0.011523841754585443,5
IID_to_SHIFT,BASE,LOGREG,0.25,TEMPORAL,drop_f1,-0.08517530415388344,-0.18556980634754144,0.015219198039774548,5
IID_to_SHIFT,BASE,LOGREG,1.0,DOMAIN_OOD,drop_ap,-0.029719478213003248,-0.029719478213003248,-0.029719478213003248,5
IID_to_SHIFT,BASE,LOGREG,1.0,DOMAIN_OOD,drop_recall,0.06445007599655445,0.06445007599655445,0.06445007599655445,5
IID_to_SHIFT,BASE,LOGREG,1.0,DOMAIN_OOD,drop_f1,0.08047402734309755,0.08047402734309755,0.08047402734309755,5
IID_to_SHIFT,BASE,LOGREG,1.0,DOMAIN_TEMPLATE_OOD,drop_ap,-0.025150784942749804,-0.025150784942749804,-0.025150784942749804,5
IID_to_SHIFT,BASE,LOGREG,1.0,DOMAIN_TEMPLATE_OOD,drop_recall,0.07604872110166952,0.07604872110166952,0.07604872110166952,5
IID_to_SHIFT,BASE,LOGREG,1.0,DOMAIN_TEMPLATE_OOD,drop_f1,0.09587973626171392,0.09587973626171392,0.09587973626171392,5
IID_to_SHIFT,BASE,LOGREG,1.0,TEMPLATE_OOD,drop_ap,-0.049638720605734044,-0.049638720605734044,-0.049638720605734044,5
IID_to_SHIFT,BASE,LOGREG,1.0,TEMPLATE_OOD,drop_recall,-0.021355082055754537,-0.021355082055754537,-0.021355082055754537,5
IID_to_SHIFT,BASE,LOGREG,1.0,TEMPLATE_OOD,drop_f1,-0.025104868897599664,-0.025104868897599664,-0.025104868897599664,5
IID_to_SHIFT,BASE,LOGREG,1.0,TEMPORAL,drop_ap,-0.05375317848822869,-0.05375317848822869,-0.05375317848822869,5
IID_to_SHIFT,BASE,LOGREG,1.0,TEMPORAL,drop_recall,-0.024268431001890356,-0.024268431001890356,-0.024268431001890356,5
IID_to_SHIFT,BASE,LOGREG,1.0,TEMPORAL,drop_f1,-0.02861311851909415,-0.02861311851909415,-0.02861311851909415,5
IID_to_SHIFT,BASE,MLP,0.1,DOMAIN_OOD,drop_ap,-0.022070932830818735,-0.04228729139627102,-0.0018545742653664488,5
IID_to_SHIFT,BASE,MLP,0.1,DOMAIN_OOD,drop_recall,0.12714649842568065,0.08569633095276315,0.16859666589859817,5
IID_to_SHIFT,BASE,MLP,0.1,DOMAIN_OOD,drop_f1,0.16583952452784195,0.1140446347659983,0.2176344142896856,5
IID_to_SHIFT,BASE,MLP,0.1,DOMAIN_TEMPLATE_OOD,drop_ap,-0.011444833562701474,-0.03123618182157846,0.008346514696175512,5
IID_to_SHIFT,BASE,MLP,0.1,DOMAIN_TEMPLATE_OOD,drop_recall,0.14044899598884955,0.09807581965418014,0.18282217232351897,5
IID_to_SHIFT,BASE,MLP,0.1,DOMAIN_TEMPLATE_OOD,drop_f1,0.18482417540925872,0.13405389424327893,0.2355944565752385,5
IID_to_SHIFT,BASE,MLP,0.1,TEMPLATE_OOD,drop_ap,-0.06336952578928816,-0.06876081978461694,-0.057978231793959376,5
IID_to_SHIFT,BASE,MLP,0.1,TEMPLATE_OOD,drop_recall,0.03719790776641004,-0.0038813158667331538,0.07827713139955324,5
IID_to_SHIFT,BASE,MLP,0.1,TEMPLATE_OOD,drop_f1,0.043772716710694215,-0.0051232039492091624,0.09266863737059759,5
IID_to_SHIFT,BASE,MLP,0.1,TEMPORAL,drop_ap,-0.07008650195139313,-0.07695322639687853,-0.06321977750590772,5
IID_to_SHIFT,BASE,MLP,0.1,TEMPORAL,drop_recall,0.03097542533081285,-0.007108790307630848,0.06905964096925654,5
IID_to_SHIFT,BASE,MLP,0.1,TEMPORAL,drop_f1,0.03625731178167128,-0.00900525142791251,0.08151987499125507,5
IID_to_SHIFT,BASE,MLP,0.25,DOMAIN_OOD,drop_ap,-0.037316444025898066,-0.05076724816354344,-0.023865639888252695,5
IID_to_SHIFT,BASE,MLP,0.25,DOMAIN_OOD,drop_recall,0.09995550943170649,0.03296229706373906,0.1669487217996739,5
IID_to_SHIFT,BASE,MLP,0.25,DOMAIN_OOD,drop_f1,0.117629785043597,0.034290792987372865,0.20096877709982114,5
IID_to_SHIFT,BASE,MLP,0.25,DOMAIN_TEMPLATE_OOD,drop_ap,-0.028673675442641544,-0.042735631711878094,-0.014611719173404997,5
IID_to_SHIFT,BASE,MLP,0.25,DOMAIN_TEMPLATE_OOD,drop_recall,0.11630501057336814,0.052313259490849986,0.18029676165588632,5
IID_to_SHIFT,BASE,MLP,0.25,DOMAIN_TEMPLATE_OOD,drop_f1,0.13869243411023308,0.057378553204412985,0.22000631501605317,5
IID_to_SHIFT,BASE,MLP,0.25,TEMPLATE_OOD,drop_ap,-0.060687015107372864,-0.0680521467434938,-0.05332188347125193,5
IID_to_SHIFT,BASE,MLP,0.25,TEMPLATE_OOD,drop_recall,0.018306379851516053,-0.04357102550987585,0.08018378521290795,5
IID_to_SHIFT,BASE,MLP,0.25,TEMPLATE_OOD,drop_f1,0.01975688170561517,-0.05119655767490035,0.09071032108613068,5
IID_to_SHIFT,BASE,MLP,0.25,TEMPORAL,drop_ap,-0.06541512607408558,-0.07149824830394723,-0.05933200384422393,5
IID_to_SHIFT,BASE,MLP,0.25,TEMPORAL,drop_recall,0.007995841209829857,-0.051248649609544186,0.0672403320292039,5
IID_to_SHIFT,BASE,MLP,0.25,TEMPORAL,drop_f1,0.007937428237008836,-0.058493828463692624,0.0743686849377103,5
IID_to_SHIFT,BASE,MLP,1.0,DOMAIN_OOD,drop_ap,-0.037045003441435506,-0.04310400756568703,-0.03098599931718398,5
IID_to_SHIFT,BASE,MLP,1.0,DOMAIN_OOD,drop_recall,0.12818840089725908,0.08835143036776778,0.1680253714267504,5
IID_to_SHIFT,BASE,MLP,1.0,DOMAIN_OOD,drop_f1,0.14803796522824178,0.09492266250982592,0.20115326794665764,5
IID_to_SHIFT,BASE,MLP,1.0,DOMAIN_TEMPLATE_OOD,drop_ap,-0.03216122070828868,-0.03891708038468507,-0.025405361031892296,5
IID_to_SHIFT,BASE,MLP,1.0,DOMAIN_TEMPLATE_OOD,drop_recall,0.15421191191374903,0.11069533076328883,0.19772849306420923,5
IID_to_SHIFT,BASE,MLP,1.0,DOMAIN_TEMPLATE_OOD,drop_f1,0.18202565495702933,0.1219673850558336,0.24208392485822505,5
IID_to_SHIFT,BASE,MLP,1.0,TEMPLATE_OOD,drop_ap,-0.049140314237216653,-0.05447542347650526,-0.043805204997928046,5
IID_to_SHIFT,BASE,MLP,1.0,TEMPLATE_OOD,drop_recall,0.05211359420584991,0.024016899690302556,0.08021028872139727,5
IID_to_SHIFT,BASE,MLP,1.0,TEMPLATE_OOD,drop_f1,0.05634575279232142,0.023404356745243306,0.08928714883939953,5
IID_to_SHIFT,BASE,MLP,1.0,TEMPORAL,drop_ap,-0.05310061105347179,-0.05798113463975986,-0.04822008746718372,5
IID_to_SHIFT,BASE,MLP,1.0,TEMPORAL,drop_recall,0.03530387523629488,0.009901865998761729,0.06070588447382803,5
IID_to_SHIFT,BASE,MLP,1.0,TEMPORAL,drop_f1,0.03749519402521788,0.0082778846151912,0.06671250343524456,5
IID_to_SHIFT,BASE,XGBOOST,0.1,DOMAIN_OOD,drop_ap,-0.03387162201996556,-0.05744319211807171,-0.010300051921859413,5
IID_to_SHIFT,BASE,XGBOOST,0.1,DOMAIN_OOD,drop_recall,0.12837586886453994,0.046846738263477225,0.20990499946560265,5
IID_to_SHIFT,BASE,XGBOOST,0.1,DOMAIN_OOD,drop_f1,0.1821184085277745,0.06397109937988342,0.30026571767566557,5
IID_to_SHIFT,BASE,XGBOOST,0.1,DOMAIN_TEMPLATE_OOD,drop_ap,-0.0235456121239368,-0.04648019257986445,-0.000611031668009146,5
IID_to_SHIFT,BASE,XGBOOST,0.1,DOMAIN_TEMPLATE_OOD,drop_recall,0.12992722015241148,0.05323968509505422,0.20661475520976874,5
IID_to_SHIFT,BASE,XGBOOST,0.1,DOMAIN_TEMPLATE_OOD,drop_f1,0.18419066124904995,0.07513563153917827,0.2932456909589216,5
IID_to_SHIFT,BASE,XGBOOST,0.1,TEMPLATE_OOD,drop_ap,-0.07234613296298502,-0.0922414043300106,-0.05245086159595943,5
IID_to_SHIFT,BASE,XGBOOST,0.1,TEMPLATE_OOD,drop_recall,0.04784379523912822,-0.06247759925559842,0.15816518973385485,5
IID_to_SHIFT,BASE,XGBOOST,0.1,TEMPLATE_OOD,drop_f1,0.06211531017798879,-0.09908797730463953,0.22331859766061712,5
IID_to_SHIFT,BASE,XGBOOST,0.1,TEMPORAL,drop_ap,-0.07805006302654431,-0.09574117139819821,-0.06035895465489041,5
IID_to_SHIFT,BASE,XGBOOST,0.1,TEMPORAL,drop_recall,0.04747646502835538,-0.05965165277062169,0.15460458282733247,5
IID_to_SHIFT,BASE,XGBOOST,0.1,TEMPORAL,drop_f1,0.061615160768660096,-0.0942371878231618,0.21746750936048198,5
IID_to_SHIFT,BASE,XGBOOST,0.25,DOMAIN_OOD,drop_ap,-0.041258986766117924,-0.056869110925245867,-0.02564886260698998,5
IID_to_SHIFT,BASE,XGBOOST,0.25,DOMAIN_OOD,drop_recall,0.10153698253990187,0.008782584436572205,0.19429138064323154,5
IID_to_SHIFT,BASE,XGBOOST,0.25,DOMAIN_OOD,drop_f1,0.13723439657221198,0.010400241239440222,0.26406855190498374,5
IID_to_SHIFT,BASE,XGBOOST,0.25,DOMAIN_TEMPLATE_OOD,drop_ap,-0.0314725813987027,-0.04646147436238933,-0.016483688435016075,5
IID_to_SHIFT,BASE,XGBOOST,0.25,DOMAIN_TEMPLATE_OOD,drop_recall,0.10776637852454103,0.023778649305876032,0.19175410774320603,5
IID_to_SHIFT,BASE,XGBOOST,0.25,DOMAIN_TEMPLATE_OOD,drop_f1,0.14604520524958256,0.03191365027162496,0.26017676022754016,5
IID_to_SHIFT,BASE,XGBOOST,0.25,TEMPLATE_OOD,drop_ap,-0.06697233680855039,-0.07737910573968207,-0.05656556787741871,5
IID_to_SHIFT,BASE,XGBOOST,0.25,TEMPLATE_OOD,drop_recall,0.0052723091157811765,-0.07681670318656217,0.08736132141812453,5
IID_to_SHIFT,BASE,XGBOOST,0.25,TEMPLATE_OOD,drop_f1,0.0048698476701657615,-0.10075379930472315,0.11049349464505469,5
IID_to_SHIFT,BASE,XGBOOST,0.25,TEMPORAL,drop_ap,-0.07271700441321911,-0.08068661151824252,-0.0647473973081957,5
IID_to_SHIFT,BASE,XGBOOST,0.25,TEMPORAL,drop_recall,0.00389631379962192,-0.07927237190692847,0.08706499950617232,5
IID_to_SHIFT,BASE,XGBOOST,0.25,TEMPORAL,drop_f1,0.00313100259655017,-0.10329956279132231,0.10956156798442264,5
IID_to_SHIFT,BASE,XGBOOST,1.0,DOMAIN_OOD,drop_ap,-0.028774533293267977,-0.03050470143654259,-0.027044365149993366,5
IID_to_SHIFT,BASE,XGBOOST,1.0,DOMAIN_OOD,drop_recall,0.14832890877571564,0.1363908457594235,0.16026697179200777,5
IID_to_SHIFT,BASE,XGBOOST,1.0,DOMAIN_OOD,drop_f1,0.16641939955034565,0.1472167428398674,0.1856220562608239,5
IID_to_SHIFT,BASE,XGBOOST,1.0,DOMAIN_TEMPLATE_OOD,drop_ap,-0.020947072412154055,-0.023297406483679232,-0.018596738340628877,5
IID_to_SHIFT,BASE,XGBOOST,1.0,DOMAIN_TEMPLATE_OOD,drop_recall,0.1746359478203771,0.16732457250619204,0.1819473231345622,5
IID_to_SHIFT,BASE,XGBOOST,1.0,DOMAIN_TEMPLATE_OOD,drop_f1,0.19987044788388086,0.18521747547062511,0.2145234202971366,5
IID_to_SHIFT,BASE,XGBOOST,1.0,TEMPLATE_OOD,drop_ap,-0.04780873416516516,-0.0496597973058262,-0.04595767102450411,5
IID_to_SHIFT,BASE,XGBOOST,1.0,TEMPLATE_OOD,drop_recall,0.0553350628422679,0.0496980730668362,0.0609720526176996,5
IID_to_SHIFT,BASE,XGBOOST,1.0,TEMPLATE_OOD,drop_f1,0.05734730499048728,0.050085893785091706,0.06460871619588285,5
IID_to_SHIFT,BASE,XGBOOST,1.0,TEMPORAL,drop_ap,-0.05368488405864258,-0.0554183493128094,-0.051951418804475756,5
IID_to_SHIFT,BASE,XGBOOST,1.0,TEMPORAL,drop_recall,0.04416890359168243,0.036440279533665285,0.05189752764969957,5
IID_to_SHIFT,BASE,XGBOOST,1.0,TEMPORAL,drop_f1,0.04528288505875437,0.035818016957034585,0.05474775316047416,5
IID_to_SHIFT,CONTRASTIVE,LOGREG,0.1,DOMAIN_OOD,drop_ap,-0.05103319773922497,-0.06491417481800199,-0.037152220660447946,5
IID_to_SHIFT,CONTRASTIVE,LOGREG,0.1,DOMAIN_OOD,drop_recall,0.041310864616376654,0.015017920007949898,0.06760380922480341,5
IID_to_SHIFT,CONTRASTIVE,LOGREG,0.1,DOMAIN_OOD,drop_f1,0.06298982776923248,0.024195317205052358,0.1017843383334126,5
IID_to_SHIFT,CONTRASTIVE,LOGREG,0.1,DOMAIN_TEMPLATE_OOD,drop_ap,-0.04328443090244096,-0.05599843271031646,-0.03057042909456546,5
IID_to_SHIFT,CONTRASTIVE,LOGREG,0.1,DOMAIN_TEMPLATE_OOD,drop_recall,0.04169169812167225,0.014216695261894084,0.06916670098145042,5
IID_to_SHIFT,CONTRASTIVE,LOGREG,0.1,DOMAIN_TEMPLATE_OOD,drop_f1,0.06381511565358895,0.022478210530937424,0.10515202077624047,5
IID_to_SHIFT,CONTRASTIVE,LOGREG,0.1,TEMPLATE_OOD,drop_ap,-0.09226270991245215,-0.10407506733239283,-0.08045035249251148,5
IID_to_SHIFT,CONTRASTIVE,LOGREG,0.1,TEMPLATE_OOD,drop_recall,-0.009211848611891992,-0.042619694287455406,0.024195997063671426,5
IID_to_SHIFT,CONTRASTIVE,LOGREG,0.1,TEMPLATE_OOD,drop_f1,-0.012932854080343498,-0.060116786334882745,0.03425107817419575,5
IID_to_SHIFT,CONTRASTIVE,LOGREG,0.1,TEMPORAL,drop_ap,-0.09256613283738599,-0.10504115611654881,-0.08009110955822317,5
IID_to_SHIFT,CONTRASTIVE,LOGREG,0.1,TEMPORAL,drop_recall,-0.006586672967863888,-0.03561211962512323,0.022438773689395453,5
IID_to_SHIFT,CONTRASTIVE,LOGREG,0.1,TEMPORAL,drop_f1,-0.009448890884401517,-0.05105429221029225,0.03215651044148921,5
IID_to_SHIFT,CONTRASTIVE,LOGREG,0.25,DOMAIN_OOD,drop_ap,-0.05678999034347352,-0.07717352273807696,-0.03640645794887008,5
IID_to_SHIFT,CONTRASTIVE,LOGREG,0.25,DOMAIN_OOD,drop_recall,0.019103309255508155,0.0025073225553286747,0.03569929595568763,5
IID_to_SHIFT,CONTRASTIVE,LOGREG,0.25,DOMAIN_OOD,drop_f1,0.026461018610466968,0.0018433199983950883,0.051078717222538844,5
IID_to_SHIFT,CONTRASTIVE,LOGREG,0.25,DOMAIN_TEMPLATE_OOD,drop_ap,-0.04982907326266224,-0.072544672985835,-0.027113473539489473,5
IID_to_SHIFT,CONTRASTIVE,LOGREG,0.25,DOMAIN_TEMPLATE_OOD,drop_recall,0.026360620168317417,-0.0019583274772977076,0.054679567813932545,5
IID_to_SHIFT,CONTRASTIVE,LOGREG,0.25,DOMAIN_TEMPLATE_OOD,drop_f1,0.03760117177299668,-0.0035066174938310976,0.07870896103982447,5
IID_to_SHIFT,CONTRASTIVE,LOGREG,0.25,TEMPLATE_OOD,drop_ap,-0.08758611912852299,-0.1090443130289857,-0.06612792522806027,5
IID_to_SHIFT,CONTRASTIVE,LOGREG,0.25,TEMPLATE_OOD,drop_recall,-0.03924277170039357,-0.08325159854224073,0.004766055141453583,5
IID_to_SHIFT,CONTRASTIVE,LOGREG,0.25,TEMPLATE_OOD,drop_f1,-0.05263870904308796,-0.11102816199082322,0.00575074390464729,5
IID_to_SHIFT,CONTRASTIVE,LOGREG,0.25,TEMPORAL,drop_ap,-0.08861536246889926,-0.10841299399240145,-0.06881773094539706,5
IID_to_SHIFT,CONTRASTIVE,LOGREG,0.25,TEMPORAL,drop_recall,-0.03921408317580341,-0.07561361751954579,-0.0028145488320610243,5
IID_to_SHIFT,CONTRASTIVE,LOGREG,0.25,TEMPORAL,drop_f1,-0.053061710787481994,-0.10070237257667763,-0.005421048998286347,5
IID_to_SHIFT,CONTRASTIVE,LOGREG,1.0,DOMAIN_OOD,drop_ap,-0.05397497084421769,-0.0639486672160118,-0.044001274472423586,5
IID_to_SHIFT,CONTRASTIVE,LOGREG,1.0,DOMAIN_OOD,drop_recall,0.08395517232255464,0.05657565277448423,0.11133469187062506,5
IID_to_SHIFT,CONTRASTIVE,LOGREG,1.0,DOMAIN_OOD,drop_f1,0.11255304278243243,0.06842979215124423,0.15667629341362063,5
IID_to_SHIFT,CONTRASTIVE,LOGREG,1.0,DOMAIN_TEMPLATE_OOD,drop_ap,-0.047520783975804656,-0.05844875544935342,-0.03659281250225589,5
IID_to_SHIFT,CONTRASTIVE,LOGREG,1.0,DOMAIN_TEMPLATE_OOD,drop_recall,0.0924913791872883,0.05846013127401707,0.1265226271005595,5
IID_to_SHIFT,CONTRASTIVE,LOGREG,1.0,DOMAIN_TEMPLATE_OOD,drop_f1,0.1250861868566757,0.07228904916303433,0.17788332455031705,5
IID_to_SHIFT,CONTRASTIVE,LOGREG,1.0,TEMPLATE_OOD,drop_ap,-0.08557593755566303,-0.09565306989963054,-0.07549880521169552,5
IID_to_SHIFT,CONTRASTIVE,LOGREG,1.0,TEMPLATE_OOD,drop_recall,0.019756688196986928,-0.03802791485027396,0.07754129124424781,5
IID_to_SHIFT,CONTRASTIVE,LOGREG,1.0,TEMPLATE_OOD,drop_f1,0.02566371863147666,-0.05597367118926516,0.10730110845221849,5
IID_to_SHIFT,CONTRASTIVE,LOGREG,1.0,TEMPORAL,drop_ap,-0.08812204386235352,-0.0975525384516199,-0.07869154927308714,5
IID_to_SHIFT,CONTRASTIVE,LOGREG,1.0,TEMPORAL,drop_recall,0.013906805293005664,-0.03841586563334647,0.0662294762193578,5
IID_to_SHIFT,CONTRASTIVE,LOGREG,1.0,TEMPORAL,drop_f1,0.017874529938864347,-0.055959129498213536,0.09170818937594223,5
IID_to_SHIFT,CONTRASTIVE,MLP,0.1,DOMAIN_OOD,drop_ap,-0.044353633407335155,-0.06558567350119682,-0.023121593313473493,5
IID_to_SHIFT,CONTRASTIVE,MLP,0.1,DOMAIN_OOD,drop_recall,0.06101548252177245,0.04424592181450175,0.07778504322904314,5
IID_to_SHIFT,CONTRASTIVE,MLP,0.1,DOMAIN_OOD,drop_f1,0.09604487116334985,0.07610342739846818,0.11598631492823153,5
IID_to_SHIFT,CONTRASTIVE,MLP,0.1,DOMAIN_TEMPLATE_OOD,drop_ap,-0.03719160403930342,-0.05598876479586043,-0.018394443282746406,5
IID_to_SHIFT,CONTRASTIVE,MLP,0.1,DOMAIN_TEMPLATE_OOD,drop_recall,0.06284230897074328,0.050978067495151914,0.07470655044633463,5
IID_to_SHIFT,CONTRASTIVE,MLP,0.1,DOMAIN_TEMPLATE_OOD,drop_f1,0.09940754479941297,0.08698324578418033,0.1118318438146456,5
IID_to_SHIFT,CONTRASTIVE,MLP,0.1,TEMPLATE_OOD,drop_ap,-0.08824053353304304,-0.10062174952034333,-0.07585931754574274,5
IID_to_SHIFT,CONTRASTIVE,MLP,0.1,TEMPLATE_OOD,drop_recall,-0.006904791418566253,-0.03337680960162295,0.019567226764490443,5
IID_to_SHIFT,CONTRASTIVE,MLP,0.1,TEMPLATE_OOD,drop_f1,-0.010677881384251848,-0.05026964704540677,0.028913884276903078,5
IID_to_SHIFT,CONTRASTIVE,MLP,0.1,TEMPORAL,drop_ap,-0.0858138676131583,-0.10115513467637673,-0.07047260054993988,5
IID_to_SHIFT,CONTRASTIVE,MLP,0.1,TEMPORAL,drop_recall,-0.005593667296786398,-0.02969641309526321,0.018509078501690413,5
IID_to_SHIFT,CONTRASTIVE,MLP,0.1,TEMPORAL,drop_f1,-0.008777042037236938,-0.045672081438776435,0.028117997364302556,5
IID_to_SHIFT,CONTRASTIVE,MLP,0.25,DOMAIN_OOD,drop_ap,-0.053142553934302894,-0.059125576821738926,-0.04715953104686686,5
IID_to_SHIFT,CONTRASTIVE,MLP,0.25,DOMAIN_OOD,drop_recall,0.030154707621508736,0.0023811960832077726,0.057928219159809696,5
IID_to_SHIFT,CONTRASTIVE,MLP,0.25,DOMAIN_OOD,drop_f1,0.04306670718350718,-0.0023820830693768516,0.0885154974363912,5
IID_to_SHIFT,CONTRASTIVE,MLP,0.25,DOMAIN_TEMPLATE_OOD,drop_ap,-0.046278900147221136,-0.05357243565494661,-0.03898536463949566,5
IID_to_SHIFT,CONTRASTIVE,MLP,0.25,DOMAIN_TEMPLATE_OOD,drop_recall,0.03221053747784894,-0.0009501773677711642,0.06537125232346905,5
IID_to_SHIFT,CONTRASTIVE,MLP,0.25,DOMAIN_TEMPLATE_OOD,drop_f1,0.04669557320177018,-0.008241651008844497,0.10163279741238486,5
IID_to_SHIFT,CONTRASTIVE,MLP,0.25,TEMPLATE_OOD,drop_ap,-0.08754538125397385,-0.09556524132592446,-0.07952552118202323,5
IID_to_SHIFT,CONTRASTIVE,MLP,0.25,TEMPLATE_OOD,drop_recall,-0.04094409495181135,-0.09037889433340751,0.008490704429784807,5
IID_to_SHIFT,CONTRASTIVE,MLP,0.25,TEMPLATE_OOD,drop_f1,-0.05450376846007278,-0.12518489621171727,0.016177359291571713,5
IID_to_SHIFT,CONTRASTIVE,MLP,0.25,TEMPORAL,drop_ap,-0.08673067010140398,-0.09414897996771067,-0.07931236023509729,5
IID_to_SHIFT,CONTRASTIVE,MLP,0.25,TEMPORAL,drop_recall,-0.037765406427221176,-0.08152951639566011,0.005998703541217766,5
IID_to_SHIFT,CONTRASTIVE,MLP,0.25,TEMPORAL,drop_f1,-0.050681516583164575,-0.11301614720281163,0.011653114036482476,5
IID_to_SHIFT,CONTRASTIVE,MLP,1.0,DOMAIN_OOD,drop_ap,-0.03537691582995819,-0.04660494933262507,-0.024148882327291298,5
IID_to_SHIFT,CONTRASTIVE,MLP,1.0,DOMAIN_OOD,drop_recall,0.07766583271350327,0.03232028842560394,0.1230113770014026,5
IID_to_SHIFT,CONTRASTIVE,MLP,1.0,DOMAIN_OOD,drop_f1,0.10094722976835935,0.0382387674528349,0.1636556920838838,5
IID_to_SHIFT,CONTRASTIVE,MLP,1.0,DOMAIN_TEMPLATE_OOD,drop_ap,-0.028187740115971027,-0.03957774591669613,-0.016797734315245925,5
IID_to_SHIFT,CONTRASTIVE,MLP,1.0,DOMAIN_TEMPLATE_OOD,drop_recall,0.08373903663055204,0.03203512379088361,0.13544294947022048,5
IID_to_SHIFT,CONTRASTIVE,MLP,1.0,DOMAIN_TEMPLATE_OOD,drop_f1,0.1097485229146838,0.03859880333305099,0.1808982424963166,5
IID_to_SHIFT,CONTRASTIVE,MLP,1.0,TEMPLATE_OOD,drop_ap,-0.06949563255227556,-0.08045706700764721,-0.05853419809690392,5
IID_to_SHIFT,CONTRASTIVE,MLP,1.0,TEMPLATE_OOD,drop_recall,-0.01489155890438854,-0.05577675660550693,0.025993638796729848,5
IID_to_SHIFT,CONTRASTIVE,MLP,1.0,TEMPLATE_OOD,drop_f1,-0.021500177326439707,-0.07294939021572214,0.02994903556284272,5
IID_to_SHIFT,CONTRASTIVE,MLP,1.0,TEMPORAL,drop_ap,-0.06945249713645218,-0.08071389948871278,-0.05819109478419158,5
IID_to_SHIFT,CONTRASTIVE,MLP,1.0,TEMPORAL,drop_recall,-0.01858043478260868,-0.05928965112083202,0.02212878155561466,5
IID_to_SHIFT,CONTRASTIVE,MLP,1.0,TEMPORAL,drop_f1,-0.025713642045067785,-0.07701562170465326,0.025588337614517682,5
IID_to_SHIFT,CONTRASTIVE,XGBOOST,0.1,DOMAIN_OOD,drop_ap,-0.08252874218646973,-0.092813135422041,-0.07224434895089846,5
IID_to_SHIFT,CONTRASTIVE,XGBOOST,0.1,DOMAIN_OOD,drop_recall,0.02666258999785387,0.013298245623649372,0.04002693437205837,5
IID_to_SHIFT,CONTRASTIVE,XGBOOST,0.1,DOMAIN_OOD,drop_f1,0.0449682337519859,0.021473364733086777,0.06846310277088502,5
IID_to_SHIFT,CONTRASTIVE,XGBOOST,0.1,DOMAIN_TEMPLATE_OOD,drop_ap,-0.07509485679007537,-0.0852626228271275,-0.06492709075302323,5
IID_to_SHIFT,CONTRASTIVE,XGBOOST,0.1,DOMAIN_TEMPLATE_OOD,drop_recall,0.03604468344131016,0.021251183397185215,0.05083818348543511,5
IID_to_SHIFT,CONTRASTIVE,XGBOOST,0.1,DOMAIN_TEMPLATE_OOD,drop_f1,0.06139227157268362,0.03640712548316341,0.08637741766220383,5
IID_to_SHIFT,CONTRASTIVE,XGBOOST,0.1,TEMPLATE_OOD,drop_ap,-0.12256390303048141,-0.13306564185749575,-0.11206216420346707,5
IID_to_SHIFT,CONTRASTIVE,XGBOOST,0.1,TEMPLATE_OOD,drop_recall,-0.01939156554499453,-0.056576755517522254,0.017793624427533187,5
IID_to_SHIFT,CONTRASTIVE,XGBOOST,0.1,TEMPLATE_OOD,drop_f1,-0.032302204143818285,-0.09319988135209921,0.02859547306446264,5
IID_to_SHIFT,CONTRASTIVE,XGBOOST,0.1,TEMPORAL,drop_ap,-0.12076906400228023,-0.13267007008580747,-0.10886805791875298,5
IID_to_SHIFT,CONTRASTIVE,XGBOOST,0.1,TEMPORAL,drop_recall,-0.020712759924385628,-0.05536869409686375,0.013943174248092494,5
IID_to_SHIFT,CONTRASTIVE,XGBOOST,0.1,TEMPORAL,drop_f1,-0.034359186658554794,-0.09102035460576509,0.0223019812886555,5
IID_to_SHIFT,CONTRASTIVE,XGBOOST,0.25,DOMAIN_OOD,drop_ap,-0.07675418437842632,-0.09336628841167283,-0.060142080345179816,5
IID_to_SHIFT,CONTRASTIVE,XGBOOST,0.25,DOMAIN_OOD,drop_recall,0.03044174038479442,-0.008482571107613357,0.0693660518772022,5
IID_to_SHIFT,CONTRASTIVE,XGBOOST,0.25,DOMAIN_OOD,drop_f1,0.04293485137182955,-0.016446508383478914,0.10231621112713801,5
IID_to_SHIFT,CONTRASTIVE,XGBOOST,0.25,DOMAIN_TEMPLATE_OOD,drop_ap,-0.07007135382318039,-0.08826844432436792,-0.05187426332199285,5
IID_to_SHIFT,CONTRASTIVE,XGBOOST,0.25,DOMAIN_TEMPLATE_OOD,drop_recall,0.03660302253544678,-0.0070778487508590185,0.08028389382175258,5
IID_to_SHIFT,CONTRASTIVE,XGBOOST,0.25,DOMAIN_TEMPLATE_OOD,drop_f1,0.052249384976513345,-0.014631585516359867,0.11913035546938655,5
IID_to_SHIFT,CONTRASTIVE,XGBOOST,0.25,TEMPLATE_OOD,drop_ap,-0.11380497076752563,-0.1283566830347228,-0.09925325850032846,5
IID_to_SHIFT,CONTRASTIVE,XGBOOST,0.25,TEMPLATE_OOD,drop_recall,-0.043898721904702884,-0.08796819028196042,0.0001707464725546476,5
IID_to_SHIFT,CONTRASTIVE,XGBOOST,0.25,TEMPLATE_OOD,drop_f1,-0.06830921873506791,-0.13295536002054356,-0.003663077449592267,5
IID_to_SHIFT,CONTRASTIVE,XGBOOST,0.25,TEMPORAL,drop_ap,-0.11259461477475219,-0.12506091478583914,-0.10012831476366524,5
IID_to_SHIFT,CONTRASTIVE,XGBOOST,0.25,TEMPORAL,drop_recall,-0.0458484877126654,-0.0903191330390524,-0.0013778423862784092,5
IID_to_SHIFT,CONTRASTIVE,XGBOOST,0.25,TEMPORAL,drop_f1,-0.07031909006057314,-0.133831407500403,-0.006806772620743279,5
IID_to_SHIFT,CONTRASTIVE,XGBOOST,1.0,DOMAIN_OOD,drop_ap,-0.04876932824493618,-0.06015146046461375,-0.03738719602525862,5
IID_to_SHIFT,CONTRASTIVE,XGBOOST,1.0,DOMAIN_OOD,drop_recall,0.04227476159817177,0.006482742956451321,0.07806678023989222,5
IID_to_SHIFT,CONTRASTIVE,XGBOOST,1.0,DOMAIN_OOD,drop_f1,0.06068414896096628,0.009743870583809933,0.11162442733812263,5
IID_to_SHIFT,CONTRASTIVE,XGBOOST,1.0,DOMAIN_TEMPLATE_OOD,drop_ap,-0.04287657282427386,-0.054442603604695355,-0.03131054204385236,5
IID_to_SHIFT,CONTRASTIVE,XGBOOST,1.0,DOMAIN_TEMPLATE_OOD,drop_recall,0.053771235952306665,0.015475019337076734,0.0920674525675366,5
IID_to_SHIFT,CONTRASTIVE,XGBOOST,1.0,DOMAIN_TEMPLATE_OOD,drop_f1,0.07847326240751948,0.02454983742270797,0.132396687392331,5
IID_to_SHIFT,CONTRASTIVE,XGBOOST,1.0,TEMPLATE_OOD,drop_ap,-0.08793264483831134,-0.09797735384168221,-0.07788793583494047,5
IID_to_SHIFT,CONTRASTIVE,XGBOOST,1.0,TEMPLATE_OOD,drop_recall,-0.04134275266398976,-0.07839598114110906,-0.0042895241868704664,5
IID_to_SHIFT,CONTRASTIVE,XGBOOST,1.0,TEMPLATE_OOD,drop_f1,-0.060545220271368036,-0.11388820284336612,-0.007202237699369944,5
IID_to_SHIFT,CONTRASTIVE,XGBOOST,1.0,TEMPORAL,drop_ap,-0.08735375578493924,-0.09733487231337239,-0.0773726392565061,5
IID_to_SHIFT,CONTRASTIVE,XGBOOST,1.0,TEMPORAL,drop_recall,-0.04260141776937618,-0.07863715166823049,-0.0065656838705218795,5
IID_to_SHIFT,CONTRASTIVE,XGBOOST,1.0,TEMPORAL,drop_f1,-0.06184487918572483,-0.11335122341909674,-0.010338534952352915,5
IID_to_SHIFT,DAPT,LOGREG,0.1,DOMAIN_OOD,drop_ap,-0.04637328947494372,-0.0541098482495521,-0.03863673070033534,5
IID_to_SHIFT,DAPT,LOGREG,0.1,DOMAIN_OOD,drop_recall,0.05702622689601848,-0.003557908040324624,0.11761036183236159,5
IID_to_SHIFT,DAPT,LOGREG,0.1,DOMAIN_OOD,drop_f1,0.07492485010131124,-0.0007478213366996916,0.15059752153932215,5
IID_to_SHIFT,DAPT,LOGREG,0.1,DOMAIN_TEMPLATE_OOD,drop_ap,-0.03534380337450227,-0.04239319482057521,-0.028294411928429332,5
IID_to_SHIFT,DAPT,LOGREG,0.1,DOMAIN_TEMPLATE_OOD,drop_recall,0.06565235744305982,0.0035152105019264773,0.12778950438419318,5
IID_to_SHIFT,DAPT,LOGREG,0.1,DOMAIN_TEMPLATE_OOD,drop_f1,0.08774733323693143,0.01070295336732556,0.16479171310653729,5
IID_to_SHIFT,DAPT,LOGREG,0.1,TEMPLATE_OOD,drop_ap,-0.07042535982044633,-0.07726083026992364,-0.06358988937096902,5
IID_to_SHIFT,DAPT,LOGREG,0.1,TEMPLATE_OOD,drop_recall,0.010516617009690856,-0.07364043209373423,0.09467366611311594,5
IID_to_SHIFT,DAPT,LOGREG,0.1,TEMPLATE_OOD,drop_f1,0.010415000590884793,-0.10170519220982598,0.12253519339159556,5
IID_to_SHIFT,DAPT,LOGREG,0.1,TEMPORAL,drop_ap,-0.07417359462923293,-0.08217442878048586,-0.06617276047797999,5
IID_to_SHIFT,DAPT,LOGREG,0.1,TEMPORAL,drop_recall,0.0018882797731569034,-0.08162162470060667,0.08539818424692049,5
IID_to_SHIFT,DAPT,LOGREG,0.1,TEMPORAL,drop_f1,-0.0009588021200831242,-0.11322202432960635,0.11130442008944011,5
IID_to_SHIFT,DAPT,LOGREG,0.25,DOMAIN_OOD,drop_ap,-0.05993460933774242,-0.08131200284618854,-0.03855721582929629,5
IID_to_SHIFT,DAPT,LOGREG,0.25,DOMAIN_OOD,drop_recall,-0.019576438030224186,-0.08513425184788978,0.04598137578744141,5
IID_to_SHIFT,DAPT,LOGREG,0.25,DOMAIN_OOD,drop_f1,-0.024427670915368748,-0.1152248990165238,0.0663695571857863,5
IID_to_SHIFT,DAPT,LOGREG,0.25,DOMAIN_TEMPLATE_OOD,drop_ap,-0.05146758923326977,-0.07303085093814321,-0.02990432752839633,5
IID_to_SHIFT,DAPT,LOGREG,0.25,DOMAIN_TEMPLATE_OOD,drop_recall,-0.008691981573586364,-0.06840114567886967,0.05101718253169693,5
IID_to_SHIFT,DAPT,LOGREG,0.25,DOMAIN_TEMPLATE_OOD,drop_f1,-0.010032610476376236,-0.09660977821425683,0.07654455726150435,5
IID_to_SHIFT,DAPT,LOGREG,0.25,TEMPLATE_OOD,drop_ap,-0.07576222526155311,-0.09118894381675889,-0.06033550670634733,5
IID_to_SHIFT,DAPT,LOGREG,0.25,TEMPLATE_OOD,drop_recall,-0.04893606424564929,-0.11336063755261638,0.015488509061317803,5
IID_to_SHIFT,DAPT,LOGREG,0.25,TEMPLATE_OOD,drop_f1,-0.06071181705792348,-0.14686797107675018,0.025444336960903223,5
IID_to_SHIFT,DAPT,LOGREG,0.25,TEMPORAL,drop_ap,-0.07872199929021229,-0.09130662642053357,-0.066137372159891,5
IID_to_SHIFT,DAPT,LOGREG,0.25,TEMPORAL,drop_recall,-0.058223534971644605,-0.12686870960791696,0.010421639664627752,5
IID_to_SHIFT,DAPT,LOGREG,0.25,TEMPORAL,drop_f1,-0.07189372671794902,-0.16104397949038274,0.017256526054484703,5
IID_to_SHIFT,DAPT,LOGREG,1.0,DOMAIN_OOD,drop_ap,-0.03457089448819006,-0.041046016076670085,-0.02809577289971004,5
IID_to_SHIFT,DAPT,LOGREG,1.0,DOMAIN_OOD,drop_recall,0.03995733217305068,-0.029112191334529622,0.10902685568063099,5
IID_to_SHIFT,DAPT,LOGREG,1.0,DOMAIN_OOD,drop_f1,0.04716521114820012,-0.03609767514982476,0.130428097446225,5
IID_to_SHIFT,DAPT,LOGREG,1.0,DOMAIN_TEMPLATE_OOD,drop_ap,-0.02898090339587638,-0.03541590094168206,-0.0225459058500707,5
IID_to_SHIFT,DAPT,LOGREG,1.0,DOMAIN_TEMPLATE_OOD,drop_recall,0.0679016197543553,-0.0035478852507333375,0.13935112475944395,5
IID_to_SHIFT,DAPT,LOGREG,1.0,DOMAIN_TEMPLATE_OOD,drop_f1,0.08339141085664219,-0.0030358178393132124,0.16981863955259757,5
IID_to_SHIFT,DAPT,LOGREG,1.0,TEMPLATE_OOD,drop_ap,-0.05181299088314788,-0.05786291412433901,-0.04576306764195674,5
IID_to_SHIFT,DAPT,LOGREG,1.0,TEMPLATE_OOD,drop_recall,-0.02904169415139695,-0.07707685586863455,0.01899346756584066,5
IID_to_SHIFT,DAPT,LOGREG,1.0,TEMPLATE_OOD,drop_f1,-0.03566808833446,-0.09226170949384566,0.02092553282492566,5
IID_to_SHIFT,DAPT,LOGREG,1.0,TEMPORAL,drop_ap,-0.05519557272840718,-0.06086888403715288,-0.04952226141966148,5
IID_to_SHIFT,DAPT,LOGREG,1.0,TEMPORAL,drop_recall,-0.044658790170132315,-0.09283346816512517,0.0035158878248605363,5
IID_to_SHIFT,DAPT,LOGREG,1.0,TEMPORAL,drop_f1,-0.05336675836997494,-0.11094205649596026,0.00420853975601037,5
IID_to_SHIFT,DAPT,MLP,0.1,DOMAIN_OOD,drop_ap,-0.04124086042994457,-0.06190320286948048,-0.020578517990408666,5
IID_to_SHIFT,DAPT,MLP,0.1,DOMAIN_OOD,drop_recall,0.06985666001268079,-0.0424570004331882,0.18217032045854978,5
IID_to_SHIFT,DAPT,MLP,0.1,DOMAIN_OOD,drop_f1,0.09711398606873509,-0.050570211216795835,0.244798183354266,5
IID_to_SHIFT,DAPT,MLP,0.1,DOMAIN_TEMPLATE_OOD,drop_ap,-0.027784041572861407,-0.050342439528789154,-0.005225643616933659,5
IID_to_SHIFT,DAPT,MLP,0.1,DOMAIN_TEMPLATE_OOD,drop_recall,0.08192841105829525,-0.03124576910627963,0.19510259122287013,5
IID_to_SHIFT,DAPT,MLP,0.1,DOMAIN_TEMPLATE_OOD,drop_f1,0.11562458768791899,-0.03371577501489083,0.2649649503907288,5
IID_to_SHIFT,DAPT,MLP,0.1,TEMPLATE_OOD,drop_ap,-0.0765522772929825,-0.09291899171256031,-0.060185562873404694,5
IID_to_SHIFT,DAPT,MLP,0.1,TEMPLATE_OOD,drop_recall,0.0013297813469805076,-0.1359294186567028,0.1385889813506638,5
IID_to_SHIFT,DAPT,MLP,0.1,TEMPLATE_OOD,drop_f1,0.00220338112143858,-0.18314505063340944,0.1875518128762866,5
IID_to_SHIFT,DAPT,MLP,0.1,TEMPORAL,drop_ap,-0.08225940211348279,-0.09779620775188681,-0.06672259647507876,5
IID_to_SHIFT,DAPT,MLP,0.1,TEMPORAL,drop_recall,-0.005690359168241973,-0.13692984489895538,0.1255491265624714,5
IID_to_SHIFT,DAPT,MLP,0.1,TEMPORAL,drop_f1,-0.007405619134819847,-0.1833787225566902,0.16856748428705048,5
IID_to_SHIFT,DAPT,MLP,0.25,DOMAIN_OOD,drop_ap,-0.05373908754799554,-0.07088620781113203,-0.03659196728485905,5
IID_to_SHIFT,DAPT,MLP,0.25,DOMAIN_OOD,drop_recall,0.06340454764165689,-0.04694997206267665,0.17375906734599042,5
IID_to_SHIFT,DAPT,MLP,0.25,DOMAIN_OOD,drop_f1,0.07194437585509175,-0.06205699173953588,0.2059457434497194,5
IID_to_SHIFT,DAPT,MLP,0.25,DOMAIN_TEMPLATE_OOD,drop_ap,-0.04369280937803244,-0.06208284599236024,-0.025302772763704635,5
IID_to_SHIFT,DAPT,MLP,0.25,DOMAIN_TEMPLATE_OOD,drop_recall,0.07847213300624205,-0.028568986912152344,0.18551325292463644,5
IID_to_SHIFT,DAPT,MLP,0.25,DOMAIN_TEMPLATE_OOD,drop_f1,0.09136334728030024,-0.03929579659674601,0.22202249115734649,5
IID_to_SHIFT,DAPT,MLP,0.25,TEMPLATE_OOD,drop_ap,-0.07512226937319219,-0.08658767654534237,-0.06365686220104201,5
IID_to_SHIFT,DAPT,MLP,0.25,TEMPLATE_OOD,drop_recall,-0.02195140847252781,-0.12250959762958635,0.07860678068453072,5
IID_to_SHIFT,DAPT,MLP,0.25,TEMPLATE_OOD,drop_f1,-0.02978611682039073,-0.1471630547321317,0.08759082109135025,5
IID_to_SHIFT,DAPT,MLP,0.25,TEMPORAL,drop_ap,-0.08002740583507786,-0.09067192511521331,-0.06938288655494242,5
IID_to_SHIFT,DAPT,MLP,0.25,TEMPORAL,drop_recall,-0.03501616257088848,-0.13711236857158643,0.06708004342980947,5
IID_to_SHIFT,DAPT,MLP,0.25,TEMPORAL,drop_f1,-0.04421969771468909,-0.16275121026045913,0.07431181483108094,5
IID_to_SHIFT,DAPT,MLP,1.0,DOMAIN_OOD,drop_ap,-0.03192375006124537,-0.03649375579621782,-0.027353744326272928,5
IID_to_SHIFT,DAPT,MLP,1.0,DOMAIN_OOD,drop_recall,0.12061579258379466,0.06198525060716998,0.17924633456041936,5
IID_to_SHIFT,DAPT,MLP,1.0,DOMAIN_OOD,drop_f1,0.12951813372664797,0.07004226578042762,0.18899400167286834,5
IID_to_SHIFT,DAPT,MLP,1.0,DOMAIN_TEMPLATE_OOD,drop_ap,-0.025500653641535153,-0.029728516587340537,-0.02127279069572977,5
IID_to_SHIFT,DAPT,MLP,1.0,DOMAIN_TEMPLATE_OOD,drop_recall,0.14788196165038348,0.08955930111547422,0.20620462218529273,5
IID_to_SHIFT,DAPT,MLP,1.0,DOMAIN_TEMPLATE_OOD,drop_f1,0.16303808410709358,0.10510178557870942,0.22097438263547775,5
IID_to_SHIFT,DAPT,MLP,1.0,TEMPLATE_OOD,drop_ap,-0.04693181657029224,-0.05000637226466623,-0.04385726087591825,5
IID_to_SHIFT,DAPT,MLP,1.0,TEMPLATE_OOD,drop_recall,0.03326744376513506,-0.03360370045046132,0.10013858798073144,5
IID_to_SHIFT,DAPT,MLP,1.0,TEMPLATE_OOD,drop_f1,0.02989179335041057,-0.043180258325859734,0.10296384502668088,5
IID_to_SHIFT,DAPT,MLP,1.0,TEMPORAL,drop_ap,-0.05141085602187563,-0.0547697891186847,-0.04805192292506656,5
IID_to_SHIFT,DAPT,MLP,1.0,TEMPORAL,drop_recall,0.014662759924385649,-0.04911940563375149,0.07844492548252278,5
IID_to_SHIFT,DAPT,MLP,1.0,TEMPORAL,drop_f1,0.010400929262367875,-0.05976318764718339,0.08056504617191915,5
IID_to_SHIFT,DAPT,XGBOOST,0.1,DOMAIN_OOD,drop_ap,-0.039858402336406806,-0.0573574974440421,-0.02235930722877151,5
IID_to_SHIFT,DAPT,XGBOOST,0.1,DOMAIN_OOD,drop_recall,0.1092610939779958,0.03351546143401095,0.18500672652198064,5
IID_to_SHIFT,DAPT,XGBOOST,0.1,DOMAIN_OOD,drop_f1,0.16125368645821553,0.06057198665459383,0.2619353862618372,5
IID_to_SHIFT,DAPT,XGBOOST,0.1,DOMAIN_TEMPLATE_OOD,drop_ap,-0.026055226314497214,-0.042185305189480146,-0.009925147439514278,5
IID_to_SHIFT,DAPT,XGBOOST,0.1,DOMAIN_TEMPLATE_OOD,drop_recall,0.11378126892653295,0.0389390877530532,0.1886234501000127,5
IID_to_SHIFT,DAPT,XGBOOST,0.1,DOMAIN_TEMPLATE_OOD,drop_f1,0.1686380915017615,0.06992991141616249,0.2673462715873605,5
IID_to_SHIFT,DAPT,XGBOOST,0.1,TEMPLATE_OOD,drop_ap,-0.0812462149429803,-0.09650474469968302,-0.06598768518627758,5
IID_to_SHIFT,DAPT,XGBOOST,0.1,TEMPLATE_OOD,drop_recall,0.05013048790745652,-0.033046825482782406,0.13330780129769546,5
IID_to_SHIFT,DAPT,XGBOOST,0.1,TEMPLATE_OOD,drop_f1,0.07037929798237694,-0.04300183058316802,0.1837604265479219,5
IID_to_SHIFT,DAPT,XGBOOST,0.1,TEMPORAL,drop_ap,-0.08569815560967617,-0.10203379757403025,-0.06936251364532209,5
IID_to_SHIFT,DAPT,XGBOOST,0.1,TEMPORAL,drop_recall,0.0457390359168242,-0.037768456784871215,0.1292465286185196,5
IID_to_SHIFT,DAPT,XGBOOST,0.1,TEMPORAL,drop_f1,0.06387956976686718,-0.04938099980090428,0.17714013933463862,5
IID_to_SHIFT,DAPT,XGBOOST,0.25,DOMAIN_OOD,drop_ap,-0.05147576499733617,-0.06699969651442224,-0.03595183348025011,5
IID_to_SHIFT,DAPT,XGBOOST,0.25,DOMAIN_OOD,drop_recall,0.09024118003882635,0.0301358752922467,0.150346484785406,5
IID_to_SHIFT,DAPT,XGBOOST,0.25,DOMAIN_OOD,drop_f1,0.12755799493816683,0.04264871544859988,0.21246727442773378,5
IID_to_SHIFT,DAPT,XGBOOST,0.25,DOMAIN_TEMPLATE_OOD,drop_ap,-0.039583478086411605,-0.0556483273201448,-0.023518628852678417,5
IID_to_SHIFT,DAPT,XGBOOST,0.25,DOMAIN_TEMPLATE_OOD,drop_recall,0.09906175377205165,0.03634954066442257,0.1617739668796807,5
IID_to_SHIFT,DAPT,XGBOOST,0.25,DOMAIN_TEMPLATE_OOD,drop_f1,0.1412577782699871,0.05237490746553375,0.23014064907444043,5
IID_to_SHIFT,DAPT,XGBOOST,0.25,TEMPLATE_OOD,drop_ap,-0.0777475970333847,-0.08791859320553493,-0.06757660086123447,5
IID_to_SHIFT,DAPT,XGBOOST,0.25,TEMPLATE_OOD,drop_recall,0.01471181983593276,-0.046339400518156916,0.07576304019002243,5
IID_to_SHIFT,DAPT,XGBOOST,0.25,TEMPLATE_OOD,drop_f1,0.016963492293986183,-0.0658185619009421,0.09974554648891445,5
IID_to_SHIFT,DAPT,XGBOOST,0.25,TEMPORAL,drop_ap,-0.08160749496489664,-0.09084220356228603,-0.07237278636750724,5
IID_to_SHIFT,DAPT,XGBOOST,0.25,TEMPORAL,drop_recall,0.009746597353497172,-0.05138270678445246,0.0708759014914468,5
IID_to_SHIFT,DAPT,XGBOOST,0.25,TEMPORAL,drop_f1,0.010529298460743597,-0.07214708942117026,0.09320568634265747,5
IID_to_SHIFT,DAPT,XGBOOST,1.0,DOMAIN_OOD,drop_ap,-0.03710531062721807,-0.04639706305394798,-0.027813558200488163,5
IID_to_SHIFT,DAPT,XGBOOST,1.0,DOMAIN_OOD,drop_recall,0.1170790863949998,0.03906788607062671,0.1950902867193729,5
IID_to_SHIFT,DAPT,XGBOOST,1.0,DOMAIN_OOD,drop_f1,0.12919355070983882,0.038941552704230636,0.219445548715447,5
IID_to_SHIFT,DAPT,XGBOOST,1.0,DOMAIN_TEMPLATE_OOD,drop_ap,-0.028103283809190138,-0.03713694461598286,-0.019069623002397416,5
IID_to_SHIFT,DAPT,XGBOOST,1.0,DOMAIN_TEMPLATE_OOD,drop_recall,0.1468515425697873,0.07935875480555771,0.2143443303340169,5
IID_to_SHIFT,DAPT,XGBOOST,1.0,DOMAIN_TEMPLATE_OOD,drop_f1,0.16542466596047478,0.08599511866354097,0.24485421325740858,5
IID_to_SHIFT,DAPT,XGBOOST,1.0,TEMPLATE_OOD,drop_ap,-0.05581544669317136,-0.06377279932860125,-0.047858094057741475,5
IID_to_SHIFT,DAPT,XGBOOST,1.0,TEMPLATE_OOD,drop_recall,0.03127492994160693,-0.03515800681079704,0.09770786669401091,5
IID_to_SHIFT,DAPT,XGBOOST,1.0,TEMPLATE_OOD,drop_f1,0.03127919180366906,-0.03927984279524693,0.10183822640258505,5
IID_to_SHIFT,DAPT,XGBOOST,1.0,TEMPORAL,drop_ap,-0.06051360318643086,-0.06919811918144465,-0.05182908719141707,5
IID_to_SHIFT,DAPT,XGBOOST,1.0,TEMPORAL,drop_recall,0.018603969754253304,-0.05398665356338154,0.09119459307188815,5
IID_to_SHIFT,DAPT,XGBOOST,1.0,TEMPORAL,drop_f1,0.018204278685073804,-0.058411134837319356,0.09481969220746697,5
