model,seed,target_fpr,comparison,iid_n,ood_n,iid_prevalence,ood_prevalence,iid_ap,ood_ap,ap_delta_ood_minus_iid,iid_empirical_fpr,ood_empirical_fpr,empirical_fpr_delta,iid_recall,ood_recall,recall_delta
B0_STRUCT_XGB,42,0.005,IID_BALANCED->TEMPORAL,2116,8000,0.5,0.5,0.9114686857079297,0.958739163912511,0.0472704782045813,0.006616257088846881,0.00275,-0.003866257088846881,0.4735349716446125,0.53025,0.0567150283553875
B0_STRUCT_XGB,42,0.005,IID_BALANCED->DOMAIN_OOD,2116,3858,0.5,0.5,0.9114686857079297,0.935606752487386,0.02413806677945629,0.006616257088846881,0.002592016588906169,-0.004024240499940712,0.4735349716446125,0.41472265422498705,-0.05881231741962545
B0_STRUCT_XGB,42,0.005,IID_BALANCED->TEMPLATE_OOD,2116,6832,0.5,0.5,0.9114686857079297,0.954224095148117,0.0427554094401873,0.006616257088846881,0.002927400468384075,-0.0036888566204628056,0.4735349716446125,0.5023419203747073,0.02880694873009476
B0_STRUCT_XGB,42,0.005,IID_BALANCED->DOMAIN_TEMPLATE_OOD,2116,3708,0.5,0.5,0.9114686857079297,0.9311473990718969,0.019678713363967204,0.006616257088846881,0.002157497303128371,-0.00445875978571851,0.4735349716446125,0.38349514563106796,-0.09003982601354454
B0_STRUCT_XGB,42,0.01,IID_BALANCED->TEMPORAL,2116,8000,0.5,0.5,0.9114686857079297,0.958739163912511,0.0472704782045813,0.012287334593572778,0.0045,-0.0077873345935727785,0.505671077504726,0.56075,0.05507892249527402
B0_STRUCT_XGB,42,0.01,IID_BALANCED->DOMAIN_OOD,2116,3858,0.5,0.5,0.9114686857079297,0.935606752487386,0.02413806677945629,0.012287334593572778,0.005702436495593572,-0.006584898097979206,0.505671077504726,0.45308449974079834,-0.05258657776392761
B0_STRUCT_XGB,42,0.01,IID_BALANCED->TEMPLATE_OOD,2116,6832,0.5,0.5,0.9114686857079297,0.954224095148117,0.0427554094401873,0.012287334593572778,0.004976580796252928,-0.0073107537973198505,0.505671077504726,0.5357142857142857,0.030043208209559746
B0_STRUCT_XGB,42,0.01,IID_BALANCED->DOMAIN_TEMPLATE_OOD,2116,3708,0.5,0.5,0.9114686857079297,0.9311473990718969,0.019678713363967204,0.012287334593572778,0.005393743257820928,-0.00689359133575185,0.505671077504726,0.4228694714131607,-0.08280160609156523
B0_STRUCT_XGB,42,0.02,IID_BALANCED->TEMPORAL,2116,8000,0.5,0.5,0.9114686857079297,0.958739163912511,0.0472704782045813,0.021739130434782608,0.01625,-0.0054891304347826075,0.5954631379962193,0.68375,0.08828686200378066
B0_STRUCT_XGB,42,0.02,IID_BALANCED->DOMAIN_OOD,2116,3858,0.5,0.5,0.9114686857079297,0.935606752487386,0.02413806677945629,0.021739130434782608,0.024883359253499222,0.0031442288187166142,0.5954631379962193,0.5977190254017626,0.0022558874055432776
B0_STRUCT_XGB,42,0.02,IID_BALANCED->TEMPLATE_OOD,2116,6832,0.5,0.5,0.9114686857079297,0.954224095148117,0.0427554094401873,0.021739130434782608,0.01727166276346604,-0.004467467671316568,0.5954631379962193,0.6677400468384075,0.07227690884218818
B0_STRUCT_XGB,42,0.02,IID_BALANCED->DOMAIN_TEMPLATE_OOD,2116,3708,0.5,0.5,0.9114686857079297,0.9311473990718969,0.019678713363967204,0.021739130434782608,0.023732470334412083,0.0019933398996294753,0.5954631379962193,0.5814455231930961,-0.014017614803123246
B0_STRUCT_XGB,52,0.005,IID_BALANCED->TEMPORAL,2116,8000,0.5,0.5,0.9156561067455489,0.9533433607270207,0.03768725398147188,0.006616257088846881,0.00425,-0.0023662570888468805,0.444234404536862,0.5175,0.07326559546313793
B0_STRUCT_XGB,52,0.005,IID_BALANCED->DOMAIN_OOD,2116,3858,0.5,0.5,0.9156561067455489,0.9304290504235573,0.01477294367800841,0.006616257088846881,0.004665629860031105,-0.0019506272288157761,0.444234404536862,0.4297563504406428,-0.014478054096219217
B0_STRUCT_XGB,52,0.005,IID_BALANCED->TEMPLATE_OOD,2116,6832,0.5,0.5,0.9156561067455489,0.9489251817616079,0.033269075016059024,0.006616257088846881,0.00468384074941452,-0.0019324163394323609,0.444234404536862,0.4979508196721312,0.05371641513526915
B0_STRUCT_XGB,52,0.005,IID_BALANCED->DOMAIN_TEMPLATE_OOD,2116,3708,0.5,0.5,0.9156561067455489,0.9245636396478302,0.008907532902281301,0.006616257088846881,0.004314994606256742,-0.002301262482590139,0.444234404536862,0.389428263214671,-0.054806141322191027
B0_STRUCT_XGB,52,0.01,IID_BALANCED->TEMPORAL,2116,8000,0.5,0.5,0.9156561067455489,0.9533433607270207,0.03768725398147188,0.011342155009451797,0.00875,-0.0025921550094517957,0.501890359168242,0.58175,0.079859640831758
B0_STRUCT_XGB,52,0.01,IID_BALANCED->DOMAIN_OOD,2116,3858,0.5,0.5,0.9156561067455489,0.9304290504235573,0.01477294367800841,0.011342155009451797,0.011923276308968377,0.0005811212995165804,0.501890359168242,0.49144634525660963,-0.010444013911632355
B0_STRUCT_XGB,52,0.01,IID_BALANCED->TEMPLATE_OOD,2116,6832,0.5,0.5,0.9156561067455489,0.9489251817616079,0.033269075016059024,0.011342155009451797,0.009953161592505855,-0.0013889934169459411,0.501890359168242,0.561768149882904,0.05987779071466204
B0_STRUCT_XGB,52,0.01,IID_BALANCED->DOMAIN_TEMPLATE_OOD,2116,3708,0.5,0.5,0.9156561067455489,0.9245636396478302,0.008907532902281301,0.011342155009451797,0.011866235167206042,0.0005240801577542451,0.501890359168242,0.45361380798274004,-0.04827655118550195
B0_STRUCT_XGB,52,0.02,IID_BALANCED->TEMPORAL,2116,8000,0.5,0.5,0.9156561067455489,0.9533433607270207,0.03768725398147188,0.020793950850661626,0.0195,-0.0012939508506616265,0.5897920604914934,0.66775,0.0779579395085066
B0_STRUCT_XGB,52,0.02,IID_BALANCED->DOMAIN_OOD,2116,3858,0.5,0.5,0.9156561067455489,0.9304290504235573,0.01477294367800841,0.020793950850661626,0.029548989113530325,0.008755038262868699,0.5897920604914934,0.589942975635044,0.00015091514355070057
B0_STRUCT_XGB,52,0.02,IID_BALANCED->TEMPLATE_OOD,2116,6832,0.5,0.5,0.9156561067455489,0.9489251817616079,0.033269075016059024,0.020793950850661626,0.021955503512880562,0.0011615526622189357,0.5897920604914934,0.6531030444964872,0.0633109840049938
B0_STRUCT_XGB,52,0.02,IID_BALANCED->DOMAIN_TEMPLATE_OOD,2116,3708,0.5,0.5,0.9156561067455489,0.9245636396478302,0.008907532902281301,0.020793950850661626,0.0296655879180151,0.008871637067353475,0.5897920604914934,0.5647249190938511,-0.025067141397642212
B0_STRUCT_XGB,62,0.005,IID_BALANCED->TEMPORAL,2116,8000,0.5,0.5,0.9031747367208288,0.9476725661556972,0.04449782943486835,0.012287334593572778,0.00925,-0.0030373345935727786,0.4943289224952741,0.588,0.09367107750472586
B0_STRUCT_XGB,62,0.005,IID_BALANCED->DOMAIN_OOD,2116,3858,0.5,0.5,0.9031747367208288,0.9214283360207876,0.018253599299958734,0.012287334593572778,0.012960082944530845,0.0006727483509580672,0.4943289224952741,0.49144634525660963,-0.0028825772386644744
B0_STRUCT_XGB,62,0.005,IID_BALANCED->TEMPLATE_OOD,2116,6832,0.5,0.5,0.9031747367208288,0.9435579486497017,0.04038321192887284,0.012287334593572778,0.01053864168618267,-0.0017486929073901088,0.4943289224952741,0.5708430913348946,0.07651416883962053
B0_STRUCT_XGB,62,0.005,IID_BALANCED->DOMAIN_TEMPLATE_OOD,2116,3708,0.5,0.5,0.9031747367208288,0.9146627578990499,0.01148802117822112,0.012287334593572778,0.012944983818770227,0.000657649225197449,0.4943289224952741,0.45846817691477887,-0.035860745580495235
B0_STRUCT_XGB,62,0.01,IID_BALANCED->TEMPORAL,2116,8000,0.5,0.5,0.9031747367208288,0.9476725661556972,0.04449782943486835,0.013232514177693762,0.012,-0.0012325141776937613,0.5264650283553876,0.6235,0.0970349716446125
B0_STRUCT_XGB,62,0.01,IID_BALANCED->DOMAIN_OOD,2116,3858,0.5,0.5,0.9031747367208288,0.9214283360207876,0.018253599299958734,0.013232514177693762,0.017107309486780714,0.0038747953090869525,0.5264650283553876,0.5282529808190772,0.0017879524636896793
B0_STRUCT_XGB,62,0.01,IID_BALANCED->TEMPLATE_OOD,2116,6832,0.5,0.5,0.9031747367208288,0.9435579486497017,0.04038321192887284,0.013232514177693762,0.01288056206088993,-0.00035195211680383136,0.5264650283553876,0.607728337236534,0.08126330888114641
B0_STRUCT_XGB,62,0.01,IID_BALANCED->DOMAIN_TEMPLATE_OOD,2116,3708,0.5,0.5,0.9031747367208288,0.9146627578990499,0.01148802117822112,0.013232514177693762,0.016720604099244876,0.0034880899215511147,0.5264650283553876,0.5016181229773463,-0.02484690537804124
B0_STRUCT_XGB,62,0.02,IID_BALANCED->TEMPORAL,2116,8000,0.5,0.5,0.9031747367208288,0.9476725661556972,0.04449782943486835,0.02551984877126654,0.01625,-0.009269848771266541,0.5775047258979206,0.671,0.09349527410207947
B0_STRUCT_XGB,62,0.02,IID_BALANCED->DOMAIN_OOD,2116,3858,0.5,0.5,0.9031747367208288,0.9214283360207876,0.018253599299958734,0.02551984877126654,0.02280974598237429,-0.0027101027888922526,0.5775047258979206,0.5940902021772939,0.016585476279373346
B0_STRUCT_XGB,62,0.02,IID_BALANCED->TEMPLATE_OOD,2116,6832,0.5,0.5,0.9031747367208288,0.9435579486497017,0.04038321192887284,0.02551984877126654,0.01756440281030445,-0.007955445960962093,0.5775047258979206,0.6583723653395784,0.08086763944165787
B0_STRUCT_XGB,62,0.02,IID_BALANCED->DOMAIN_TEMPLATE_OOD,2116,3708,0.5,0.5,0.9031747367208288,0.9146627578990499,0.01148802117822112,0.02551984877126654,0.022114347357065803,-0.003405501414200738,0.5775047258979206,0.5636461704422869,-0.013858555455633637
B0_STRUCT_XGB,72,0.005,IID_BALANCED->TEMPORAL,2116,8000,0.5,0.5,0.9093319773659166,0.9529344252779909,0.04360244791207424,0.006616257088846881,0.00325,-0.003366257088846881,0.44801512287334594,0.4765,0.02848487712665404
B0_STRUCT_XGB,72,0.005,IID_BALANCED->DOMAIN_OOD,2116,3858,0.5,0.5,0.9093319773659166,0.9306396960432652,0.021307718677348597,0.006616257088846881,0.0036288232244686366,-0.002987433864378244,0.44801512287334594,0.38413685847589424,-0.0638782643974517
B0_STRUCT_XGB,72,0.005,IID_BALANCED->TEMPLATE_OOD,2116,6832,0.5,0.5,0.9093319773659166,0.9489156556517959,0.039583678285879276,0.006616257088846881,0.0038056206088992973,-0.0028106364799475834,0.44801512287334594,0.46252927400468385,0.014514151131337916
B0_STRUCT_XGB,72,0.005,IID_BALANCED->DOMAIN_TEMPLATE_OOD,2116,3708,0.5,0.5,0.9093319773659166,0.9249910771619769,0.015659099796060283,0.006616257088846881,0.0037756202804746495,-0.0028406368083722312,0.44801512287334594,0.35382955771305286,-0.09418556516029308
B0_STRUCT_XGB,72,0.01,IID_BALANCED->TEMPORAL,2116,8000,0.5,0.5,0.9093319773659166,0.9529344252779909,0.04360244791207424,0.008506616257088847,0.00425,-0.004256616257088846,0.4877126654064272,0.53925,0.05153733459357279
B0_STRUCT_XGB,72,0.01,IID_BALANCED->DOMAIN_OOD,2116,3858,0.5,0.5,0.9093319773659166,0.9306396960432652,0.021307718677348597,0.008506616257088847,0.004665629860031105,-0.003840986397057742,0.4877126654064272,0.4603421461897356,-0.02737051921669159
B0_STRUCT_XGB,72,0.01,IID_BALANCED->TEMPLATE_OOD,2116,6832,0.5,0.5,0.9093319773659166,0.9489156556517959,0.039583678285879276,0.008506616257088847,0.004976580796252928,-0.003530035460835919,0.4877126654064272,0.5228337236533958,0.03512105824696854
B0_STRUCT_XGB,72,0.01,IID_BALANCED->DOMAIN_TEMPLATE_OOD,2116,3708,0.5,0.5,0.9093319773659166,0.9249910771619769,0.015659099796060283,0.008506616257088847,0.0048543689320388345,-0.003652247325050012,0.4877126654064272,0.4223300970873786,-0.0653825683190486
B0_STRUCT_XGB,72,0.02,IID_BALANCED->TEMPORAL,2116,8000,0.5,0.5,0.9093319773659166,0.9529344252779909,0.04360244791207424,0.021739130434782608,0.0185,-0.003239130434782609,0.5964083175803403,0.7,0.10359168241965966
B0_STRUCT_XGB,72,0.02,IID_BALANCED->DOMAIN_OOD,2116,3858,0.5,0.5,0.9093319773659166,0.9306396960432652,0.021307718677348597,0.021739130434782608,0.026438569206842923,0.004699438772060315,0.5964083175803403,0.6220839813374806,0.025675663757140255
B0_STRUCT_XGB,72,0.02,IID_BALANCED->TEMPLATE_OOD,2116,6832,0.5,0.5,0.9093319773659166,0.9489156556517959,0.039583678285879276,0.021739130434782608,0.01990632318501171,-0.0018328072497708972,0.5964083175803403,0.6879391100702577,0.09153079248991736
B0_STRUCT_XGB,72,0.02,IID_BALANCED->DOMAIN_TEMPLATE_OOD,2116,3708,0.5,0.5,0.9093319773659166,0.9249910771619769,0.015659099796060283,0.021739130434782608,0.025889967637540454,0.004150837202757846,0.5964083175803403,0.6057173678532902,0.009309050272949926
B0_STRUCT_XGB,82,0.005,IID_BALANCED->TEMPORAL,2116,8000,0.5,0.5,0.9105762623384108,0.9507686587736568,0.04019239643524597,0.003780718336483932,0.0035,-0.000280718336483932,0.4158790170132325,0.43925,0.023370982986767486
B0_STRUCT_XGB,82,0.005,IID_BALANCED->DOMAIN_OOD,2116,3858,0.5,0.5,0.9105762623384108,0.9316498038477534,0.021073541509342597,0.003780718336483932,0.0036288232244686366,-0.00015189511201529546,0.4158790170132325,0.35044064282011406,-0.06543837419311843
B0_STRUCT_XGB,82,0.005,IID_BALANCED->TEMPLATE_OOD,2116,6832,0.5,0.5,0.9105762623384108,0.9478682840255653,0.03729202168715451,0.003780718336483932,0.0038056206088992973,2.4902272415365263e-05,0.4158790170132325,0.41451990632318503,-0.0013591106900474603
B0_STRUCT_XGB,82,0.005,IID_BALANCED->DOMAIN_TEMPLATE_OOD,2116,3708,0.5,0.5,0.9105762623384108,0.9257598950238283,0.015183632685417447,0.003780718336483932,0.0037756202804746495,-5.098056009282537e-06,0.4158790170132325,0.319848975188781,-0.09603004182445146
B0_STRUCT_XGB,82,0.01,IID_BALANCED->TEMPORAL,2116,8000,0.5,0.5,0.9105762623384108,0.9507686587736568,0.04019239643524597,0.007561436672967864,0.007,-0.000561436672967864,0.5141776937618148,0.5665,0.052322306238185234
B0_STRUCT_XGB,82,0.01,IID_BALANCED->DOMAIN_OOD,2116,3858,0.5,0.5,0.9105762623384108,0.9316498038477534,0.021073541509342597,0.007561436672967864,0.006220839813374806,-0.0013405968595930585,0.5141776937618148,0.4909279419388284,-0.023249751822986386
B0_STRUCT_XGB,82,0.01,IID_BALANCED->TEMPLATE_OOD,2116,6832,0.5,0.5,0.9105762623384108,0.9478682840255653,0.03729202168715451,0.007561436672967864,0.007318501170960188,-0.00024293550200767643,0.5141776937618148,0.5436182669789227,0.029440573217107913
B0_STRUCT_XGB,82,0.01,IID_BALANCED->DOMAIN_TEMPLATE_OOD,2116,3708,0.5,0.5,0.9105762623384108,0.9257598950238283,0.015183632685417447,0.007561436672967864,0.005933117583603021,-0.0016283190893648433,0.5141776937618148,0.45415318230852214,-0.06002451145329263
B0_STRUCT_XGB,82,0.02,IID_BALANCED->TEMPORAL,2116,8000,0.5,0.5,0.9105762623384108,0.9507686587736568,0.04019239643524597,0.013232514177693762,0.015,0.001767485822306238,0.5869565217391305,0.66225,0.07529347826086952
B0_STRUCT_XGB,82,0.02,IID_BALANCED->DOMAIN_OOD,2116,3858,0.5,0.5,0.9105762623384108,0.9316498038477534,0.021073541509342597,0.013232514177693762,0.018144116122343183,0.004911601944649421,0.5869565217391305,0.5977190254017626,0.010762503662632095
B0_STRUCT_XGB,82,0.02,IID_BALANCED->TEMPLATE_OOD,2116,6832,0.5,0.5,0.9105762623384108,0.9478682840255653,0.03729202168715451,0.013232514177693762,0.014929742388758781,0.00169722821106502,0.5869565217391305,0.6411007025761124,0.054144180836981914
B0_STRUCT_XGB,82,0.02,IID_BALANCED->DOMAIN_TEMPLATE_OOD,2116,3708,0.5,0.5,0.9105762623384108,0.9257598950238283,0.015183632685417447,0.013232514177693762,0.016720604099244876,0.0034880899215511147,0.5869565217391305,0.5711974110032363,-0.0157591107358942
BASE_EMB_MLP,42,0.005,IID_BALANCED->TEMPORAL,2116,8000,0.5,0.5,0.9201195641823804,0.932125377759016,0.01200581357663566,0.006616257088846881,0.0045,-0.002116257088846881,0.3771266540642722,0.32275,-0.05437665406427222
BASE_EMB_MLP,42,0.005,IID_BALANCED->DOMAIN_OOD,2116,3858,0.5,0.5,0.9201195641823804,0.8971163480498583,-0.023003216132522097,0.006616257088846881,0.005702436495593572,-0.0009138205932533085,0.3771266540642722,0.20269569725246242,-0.17443095681180978
BASE_EMB_MLP,42,0.005,IID_BALANCED->TEMPLATE_OOD,2116,6832,0.5,0.5,0.9201195641823804,0.9256942404195135,0.005574676237133147,0.006616257088846881,0.005269320843091335,-0.001346936245755546,0.3771266540642722,0.3164519906323185,-0.06067466343195371
BASE_EMB_MLP,42,0.005,IID_BALANCED->DOMAIN_TEMPLATE_OOD,2116,3708,0.5,0.5,0.9201195641823804,0.8880807092531171,-0.03203885492926328,0.006616257088846881,0.005933117583603021,-0.0006831395052438599,0.3771266540642722,0.18770226537216828,-0.18942438869210393
BASE_EMB_MLP,42,0.01,IID_BALANCED->TEMPORAL,2116,8000,0.5,0.5,0.9201195641823804,0.932125377759016,0.01200581357663566,0.00945179584120983,0.00675,-0.00270179584120983,0.43005671077504726,0.375,-0.05505671077504726
BASE_EMB_MLP,42,0.01,IID_BALANCED->DOMAIN_OOD,2116,3858,0.5,0.5,0.9201195641823804,0.8971163480498583,-0.023003216132522097,0.00945179584120983,0.00933125972006221,-0.00012053612114762066,0.43005671077504726,0.2643856920684292,-0.16567101870661805
BASE_EMB_MLP,42,0.01,IID_BALANCED->TEMPLATE_OOD,2116,6832,0.5,0.5,0.9201195641823804,0.9256942404195135,0.005574676237133147,0.00945179584120983,0.007903981264637002,-0.0015478145765728275,0.43005671077504726,0.36416861826697894,-0.06588809250806832
BASE_EMB_MLP,42,0.01,IID_BALANCED->DOMAIN_TEMPLATE_OOD,2116,3708,0.5,0.5,0.9201195641823804,0.8880807092531171,-0.03203885492926328,0.00945179584120983,0.009708737864077669,0.00025694202286783915,0.43005671077504726,0.24002157497303128,-0.19003513580201598
BASE_EMB_MLP,42,0.02,IID_BALANCED->TEMPORAL,2116,8000,0.5,0.5,0.9201195641823804,0.932125377759016,0.01200581357663566,0.020793950850661626,0.0165,-0.004293950850661626,0.5283553875236295,0.515,-0.013355387523629525
BASE_EMB_MLP,42,0.02,IID_BALANCED->DOMAIN_OOD,2116,3858,0.5,0.5,0.9201195641823804,0.8971163480498583,-0.023003216132522097,0.020793950850661626,0.023846552617936754,0.0030526017672751274,0.5283553875236295,0.4250907205806117,-0.10326466694301784
BASE_EMB_MLP,42,0.02,IID_BALANCED->TEMPLATE_OOD,2116,6832,0.5,0.5,0.9201195641823804,0.9256942404195135,0.005574676237133147,0.020793950850661626,0.018442622950819672,-0.0023513278998419547,0.5283553875236295,0.5011709601873536,-0.027184427336275907
BASE_EMB_MLP,42,0.02,IID_BALANCED->DOMAIN_TEMPLATE_OOD,2116,3708,0.5,0.5,0.9201195641823804,0.8880807092531171,-0.03203885492926328,0.020793950850661626,0.024271844660194174,0.003477893809532548,0.5283553875236295,0.40507011866235165,-0.12328526886127789
BASE_EMB_MLP,52,0.005,IID_BALANCED->TEMPORAL,2116,8000,0.5,0.5,0.9145822263971042,0.9317732443237148,0.017191017926610597,0.005671077504725898,0.00525,-0.00042107750472589797,0.32892249527410206,0.27275,-0.05617249527410206
BASE_EMB_MLP,52,0.005,IID_BALANCED->DOMAIN_OOD,2116,3858,0.5,0.5,0.9145822263971042,0.9098049013512496,-0.004777325045854597,0.005671077504725898,0.004665629860031105,-0.0010054476446947937,0.32892249527410206,0.2011404872991187,-0.12778200797498335
BASE_EMB_MLP,52,0.005,IID_BALANCED->TEMPLATE_OOD,2116,6832,0.5,0.5,0.9145822263971042,0.9281080017633704,0.013525775366266202,0.005671077504725898,0.00468384074941452,-0.0009872367553113784,0.32892249527410206,0.2538056206088993,-0.07511687466520278
BASE_EMB_MLP,52,0.005,IID_BALANCED->DOMAIN_TEMPLATE_OOD,2116,3708,0.5,0.5,0.9145822263971042,0.9018134782599003,-0.012768748137203856,0.005671077504725898,0.0048543689320388345,-0.0008167085726870638,0.32892249527410206,0.1871628910463862,-0.14175960422771586
BASE_EMB_MLP,52,0.01,IID_BALANCED->TEMPORAL,2116,8000,0.5,0.5,0.9145822263971042,0.9317732443237148,0.017191017926610597,0.024574669187145556,0.01925,-0.005324669187145557,0.505671077504726,0.5615,0.05582892249527405
BASE_EMB_MLP,52,0.01,IID_BALANCED->DOMAIN_OOD,2116,3858,0.5,0.5,0.9145822263971042,0.9098049013512496,-0.004777325045854597,0.024574669187145556,0.02280974598237429,-0.0017649232047712675,0.505671077504726,0.4924831518921721,-0.01318792561255383
BASE_EMB_MLP,52,0.01,IID_BALANCED->TEMPLATE_OOD,2116,6832,0.5,0.5,0.9145822263971042,0.9281080017633704,0.013525775366266202,0.024574669187145556,0.018149882903981264,-0.006424786283164292,0.505671077504726,0.5386416861826698,0.03297060867794388
BASE_EMB_MLP,52,0.01,IID_BALANCED->DOMAIN_TEMPLATE_OOD,2116,3708,0.5,0.5,0.9145822263971042,0.9018134782599003,-0.012768748137203856,0.024574669187145556,0.022114347357065803,-0.002460321830079753,0.505671077504726,0.4633225458468177,-0.04234853165790825
BASE_EMB_MLP,52,0.02,IID_BALANCED->TEMPORAL,2116,8000,0.5,0.5,0.9145822263971042,0.9317732443237148,0.017191017926610597,0.036862003780718335,0.02675,-0.010112003780718335,0.556710775047259,0.628,0.07128922495274104
BASE_EMB_MLP,52,0.02,IID_BALANCED->DOMAIN_OOD,2116,3858,0.5,0.5,0.9145822263971042,0.9098049013512496,-0.004777325045854597,0.036862003780718335,0.030585795749092794,-0.006276208031625541,0.556710775047259,0.5624675997926387,0.005756824745379752
BASE_EMB_MLP,52,0.02,IID_BALANCED->TEMPLATE_OOD,2116,6832,0.5,0.5,0.9145822263971042,0.9281080017633704,0.013525775366266202,0.036862003780718335,0.024882903981264637,-0.011979099799453698,0.556710775047259,0.6083138173302107,0.05160304228295176
BASE_EMB_MLP,52,0.02,IID_BALANCED->DOMAIN_TEMPLATE_OOD,2116,3708,0.5,0.5,0.9145822263971042,0.9018134782599003,-0.012768748137203856,0.036862003780718335,0.030204962243797196,-0.0066570415369211385,0.556710775047259,0.5323624595469255,-0.02434831550033345
BASE_EMB_MLP,62,0.005,IID_BALANCED->TEMPORAL,2116,8000,0.5,0.5,0.9085741599882311,0.9157362715187515,0.007162111530520376,0.001890359168241966,0.005,0.0031096408317580343,0.3553875236294896,0.378,0.022612476370510393
BASE_EMB_MLP,62,0.005,IID_BALANCED->DOMAIN_OOD,2116,3858,0.5,0.5,0.9085741599882311,0.8817100173567283,-0.02686414263150283,0.001890359168241966,0.007776049766718507,0.005885690598476542,0.3553875236294896,0.2846034214618974,-0.07078410216759223
BASE_EMB_MLP,62,0.005,IID_BALANCED->TEMPLATE_OOD,2116,6832,0.5,0.5,0.9085741599882311,0.9105415885372715,0.0019674285490404175,0.001890359168241966,0.0055620608899297425,0.0036717017216877767,0.3553875236294896,0.3638758782201405,0.008488354590650893
BASE_EMB_MLP,62,0.005,IID_BALANCED->DOMAIN_TEMPLATE_OOD,2116,3708,0.5,0.5,0.9085741599882311,0.8721632965405901,-0.036410863447640995,0.001890359168241966,0.007551240560949299,0.005660881392707333,0.3553875236294896,0.2626752966558792,-0.09271222697361042
BASE_EMB_MLP,62,0.01,IID_BALANCED->TEMPORAL,2116,8000,0.5,0.5,0.9085741599882311,0.9157362715187515,0.007162111530520376,0.003780718336483932,0.0115,0.007719281663516068,0.42533081285444235,0.4415,0.01616918714555765
BASE_EMB_MLP,62,0.01,IID_BALANCED->DOMAIN_OOD,2116,3858,0.5,0.5,0.9085741599882311,0.8817100173567283,-0.02686414263150283,0.003780718336483932,0.017107309486780714,0.013326591150296782,0.42533081285444235,0.35303265940902023,-0.07229815344542212
BASE_EMB_MLP,62,0.01,IID_BALANCED->TEMPLATE_OOD,2116,6832,0.5,0.5,0.9085741599882311,0.9105415885372715,0.0019674285490404175,0.003780718336483932,0.012587822014051522,0.00880710367756759,0.42533081285444235,0.4244730679156909,-0.0008577449387514591
BASE_EMB_MLP,62,0.01,IID_BALANCED->DOMAIN_TEMPLATE_OOD,2116,3708,0.5,0.5,0.9085741599882311,0.8721632965405901,-0.036410863447640995,0.003780718336483932,0.016720604099244876,0.012939885762760945,0.42533081285444235,0.3268608414239482,-0.09846997143049413
BASE_EMB_MLP,62,0.02,IID_BALANCED->TEMPORAL,2116,8000,0.5,0.5,0.9085741599882311,0.9157362715187515,0.007162111530520376,0.01984877126654064,0.0205,0.0006512287334593594,0.5,0.55625,0.05625000000000002
BASE_EMB_MLP,62,0.02,IID_BALANCED->DOMAIN_OOD,2116,3858,0.5,0.5,0.9085741599882311,0.8817100173567283,-0.02686414263150283,0.01984877126654064,0.02695697252462416,0.007108201258083518,0.5,0.47433903576982894,-0.025660964230171057
BASE_EMB_MLP,62,0.02,IID_BALANCED->TEMPLATE_OOD,2116,6832,0.5,0.5,0.9085741599882311,0.9105415885372715,0.0019674285490404175,0.01984877126654064,0.021370023419203747,0.001521252152663105,0.5,0.5389344262295082,0.03893442622950816
BASE_EMB_MLP,62,0.02,IID_BALANCED->DOMAIN_TEMPLATE_OOD,2116,3708,0.5,0.5,0.9085741599882311,0.8721632965405901,-0.036410863447640995,0.01984877126654064,0.026429341963322545,0.006580570696781904,0.5,0.4557713052858684,-0.0442286947141316
BASE_EMB_MLP,72,0.005,IID_BALANCED->TEMPORAL,2116,8000,0.5,0.5,0.9217646240426969,0.9404459686642013,0.018681344621504392,0.003780718336483932,0.00525,0.0014692816635160683,0.3790170132325142,0.37425,-0.004767013232514161
BASE_EMB_MLP,72,0.005,IID_BALANCED->DOMAIN_OOD,2116,3858,0.5,0.5,0.9217646240426969,0.9119091733156228,-0.009855450727074055,0.003780718336483932,0.00933125972006221,0.005550541383578278,0.3790170132325142,0.2856402280974598,-0.09337678513505437
BASE_EMB_MLP,72,0.005,IID_BALANCED->TEMPLATE_OOD,2116,6832,0.5,0.5,0.9217646240426969,0.9353758454933137,0.013611221450616773,0.003780718336483932,0.006147540983606557,0.002366822647122625,0.3790170132325142,0.36885245901639346,-0.010164554216120725
BASE_EMB_MLP,72,0.005,IID_BALANCED->DOMAIN_TEMPLATE_OOD,2116,3708,0.5,0.5,0.9217646240426969,0.9041990061073157,-0.01756561793538114,0.003780718336483932,0.009708737864077669,0.0059280195275937374,0.3790170132325142,0.2750809061488673,-0.10393610708364687
BASE_EMB_MLP,72,0.01,IID_BALANCED->TEMPORAL,2116,8000,0.5,0.5,0.9217646240426969,0.9404459686642013,0.018681344621504392,0.010396975425330813,0.0095,-0.0008969754253308135,0.4603024574669187,0.4985,0.038197542533081275
BASE_EMB_MLP,72,0.01,IID_BALANCED->DOMAIN_OOD,2116,3858,0.5,0.5,0.9217646240426969,0.9119091733156228,-0.009855450727074055,0.010396975425330813,0.015552099533437015,0.005155124108106202,0.4603024574669187,0.4307931570762053,-0.029509300390713422
BASE_EMB_MLP,72,0.01,IID_BALANCED->TEMPLATE_OOD,2116,6832,0.5,0.5,0.9217646240426969,0.9353758454933137,0.013611221450616773,0.010396975425330813,0.010831381733021077,0.0004344063076902639,0.4603024574669187,0.4929742388758782,0.03267178140895949
BASE_EMB_MLP,72,0.01,IID_BALANCED->DOMAIN_TEMPLATE_OOD,2116,3708,0.5,0.5,0.9217646240426969,0.9041990061073157,-0.01756561793538114,0.010396975425330813,0.01564185544768069,0.0052448800223498775,0.4603024574669187,0.4223300970873786,-0.037972360379540104
BASE_EMB_MLP,72,0.02,IID_BALANCED->TEMPORAL,2116,8000,0.5,0.5,0.9217646240426969,0.9404459686642013,0.018681344621504392,0.023629489603024575,0.0215,-0.0021294896030245765,0.5671077504725898,0.61175,0.04464224952741025
BASE_EMB_MLP,72,0.02,IID_BALANCED->DOMAIN_OOD,2116,3858,0.5,0.5,0.9217646240426969,0.9119091733156228,-0.009855450727074055,0.023629489603024575,0.03162260238465526,0.007993112781630684,0.5671077504725898,0.5536547433903577,-0.013453007082232071
BASE_EMB_MLP,72,0.02,IID_BALANCED->TEMPLATE_OOD,2116,6832,0.5,0.5,0.9217646240426969,0.9353758454933137,0.013611221450616773,0.023629489603024575,0.0234192037470726,-0.00021028585595197352,0.5671077504725898,0.5957259953161592,0.02861824484356945
BASE_EMB_MLP,72,0.02,IID_BALANCED->DOMAIN_TEMPLATE_OOD,2116,3708,0.5,0.5,0.9217646240426969,0.9041990061073157,-0.01756561793538114,0.023629489603024575,0.030744336569579287,0.007114846966554712,0.5671077504725898,0.5221143473570659,-0.04499340311552391
BASE_EMB_MLP,82,0.005,IID_BALANCED->TEMPORAL,2116,8000,0.5,0.5,0.9149574610263718,0.9306372930089575,0.015679831982585712,0.007561436672967864,0.00575,-0.0018114366729678642,0.31852551984877125,0.37125,0.05272448015122877
BASE_EMB_MLP,82,0.005,IID_BALANCED->DOMAIN_OOD,2116,3858,0.5,0.5,0.9149574610263718,0.9096843049602445,-0.005273156066127216,0.007561436672967864,0.0036288232244686366,-0.003932613448499227,0.31852551984877125,0.28512182477967857,-0.03340369506909269
BASE_EMB_MLP,82,0.005,IID_BALANCED->TEMPLATE_OOD,2116,6832,0.5,0.5,0.9149574610263718,0.9273579242276084,0.012400463201236667,0.007561436672967864,0.00468384074941452,-0.002877595923553344,0.31852551984877125,0.3644613583138173,0.045935838465046064
BASE_EMB_MLP,82,0.005,IID_BALANCED->DOMAIN_TEMPLATE_OOD,2116,3708,0.5,0.5,0.9149574610263718,0.9007544119564976,-0.01420304906987413,0.007561436672967864,0.0037756202804746495,-0.0037858163924932146,0.31852551984877125,0.26483279395900755,-0.053692725889763704
BASE_EMB_MLP,82,0.01,IID_BALANCED->TEMPORAL,2116,8000,0.5,0.5,0.9149574610263718,0.9306372930089575,0.015679831982585712,0.010396975425330813,0.0095,-0.0008969754253308135,0.3695652173913043,0.454,0.08443478260869569
BASE_EMB_MLP,82,0.01,IID_BALANCED->DOMAIN_OOD,2116,3858,0.5,0.5,0.9149574610263718,0.9096843049602445,-0.005273156066127216,0.010396975425330813,0.006220839813374806,-0.004176135611956008,0.3695652173913043,0.37532400207361327,0.005758784682308948
BASE_EMB_MLP,82,0.01,IID_BALANCED->TEMPLATE_OOD,2116,6832,0.5,0.5,0.9149574610263718,0.9273579242276084,0.012400463201236667,0.010396975425330813,0.007611241217798595,-0.0027857342075322186,0.3695652173913043,0.44437939110070257,0.07481417370939825
BASE_EMB_MLP,82,0.01,IID_BALANCED->DOMAIN_TEMPLATE_OOD,2116,3708,0.5,0.5,0.9149574610263718,0.9007544119564976,-0.01420304906987413,0.010396975425330813,0.006472491909385114,-0.0039244835159457,0.3695652173913043,0.3592233009708738,-0.01034191642043053
BASE_EMB_MLP,82,0.02,IID_BALANCED->TEMPORAL,2116,8000,0.5,0.5,0.9149574610263718,0.9306372930089575,0.015679831982585712,0.027410207939508508,0.02175,-0.00566020793950851,0.5170132325141777,0.574,0.05698676748582221
BASE_EMB_MLP,82,0.02,IID_BALANCED->DOMAIN_OOD,2116,3858,0.5,0.5,0.9149574610263718,0.9096843049602445,-0.005273156066127216,0.027410207939508508,0.021254536029030584,-0.006155671910477924,0.5170132325141777,0.49922239502332816,-0.017790837490849587
BASE_EMB_MLP,82,0.02,IID_BALANCED->TEMPLATE_OOD,2116,6832,0.5,0.5,0.9149574610263718,0.9273579242276084,0.012400463201236667,0.027410207939508508,0.018442622950819672,-0.008967584988688836,0.5170132325141777,0.5535714285714286,0.03655819605725086
BASE_EMB_MLP,82,0.02,IID_BALANCED->DOMAIN_TEMPLATE_OOD,2116,3708,0.5,0.5,0.9149574610263718,0.9007544119564976,-0.01420304906987413,0.027410207939508508,0.020496224379719527,-0.006913983559788981,0.5170132325141777,0.46817691477885653,-0.04883631773532121
CONTRASTIVE_EMB_MLP,42,0.005,IID_BALANCED->TEMPORAL,2116,8000,0.5,0.5,0.8707872879727342,0.8902414883062039,0.019454200333469673,0.007561436672967864,0.00625,-0.0013114366729678638,0.17107750472589792,0.22225,0.05117249527410209
CONTRASTIVE_EMB_MLP,42,0.005,IID_BALANCED->DOMAIN_OOD,2116,3858,0.5,0.5,0.8707872879727342,0.8586762471060783,-0.012111040866655931,0.007561436672967864,0.007257646448937273,-0.0003037902240305909,0.17107750472589792,0.168481078278901,-0.0025964264469969245
CONTRASTIVE_EMB_MLP,42,0.005,IID_BALANCED->TEMPLATE_OOD,2116,6832,0.5,0.5,0.8707872879727342,0.8891847796678004,0.018397491695066215,0.007561436672967864,0.006147540983606557,-0.0014138956893613068,0.17107750472589792,0.2259953161592506,0.05491781143335267
CONTRASTIVE_EMB_MLP,42,0.005,IID_BALANCED->DOMAIN_TEMPLATE_OOD,2116,3708,0.5,0.5,0.8707872879727342,0.8524460777896993,-0.018341210183034917,0.007561436672967864,0.007011866235167206,-0.0005495704378006578,0.17107750472589792,0.16181229773462782,-0.009265206991270092
CONTRASTIVE_EMB_MLP,42,0.01,IID_BALANCED->TEMPORAL,2116,8000,0.5,0.5,0.8707872879727342,0.8902414883062039,0.019454200333469673,0.014177693761814745,0.0105,-0.003677693761814744,0.24669187145557656,0.3115,0.06480812854442344
CONTRASTIVE_EMB_MLP,42,0.01,IID_BALANCED->DOMAIN_OOD,2116,3858,0.5,0.5,0.8707872879727342,0.8586762471060783,-0.012111040866655931,0.014177693761814745,0.01088646967340591,-0.0032912240884088347,0.24669187145557656,0.24261275272161742,-0.004079118733959136
CONTRASTIVE_EMB_MLP,42,0.01,IID_BALANCED->TEMPLATE_OOD,2116,6832,0.5,0.5,0.8707872879727342,0.8891847796678004,0.018397491695066215,0.014177693761814745,0.010245901639344262,-0.003931792122470483,0.24669187145557656,0.31030444964871196,0.0636125781931354
CONTRASTIVE_EMB_MLP,42,0.01,IID_BALANCED->DOMAIN_TEMPLATE_OOD,2116,3708,0.5,0.5,0.8707872879727342,0.8524460777896993,-0.018341210183034917,0.014177693761814745,0.010787486515641856,-0.0033902072461728886,0.24669187145557656,0.24002157497303128,-0.006670296482545274
CONTRASTIVE_EMB_MLP,42,0.02,IID_BALANCED->TEMPORAL,2116,8000,0.5,0.5,0.8707872879727342,0.8902414883062039,0.019454200333469673,0.020793950850661626,0.01625,-0.004543950850661626,0.31285444234404536,0.38,0.06714555765595465
CONTRASTIVE_EMB_MLP,42,0.02,IID_BALANCED->DOMAIN_OOD,2116,3858,0.5,0.5,0.8707872879727342,0.8586762471060783,-0.012111040866655931,0.020793950850661626,0.01762571280456195,-0.0031682380460996765,0.31285444234404536,0.30896837739761535,-0.0038860649464300123
CONTRASTIVE_EMB_MLP,42,0.02,IID_BALANCED->TEMPLATE_OOD,2116,6832,0.5,0.5,0.8707872879727342,0.8891847796678004,0.018397491695066215,0.020793950850661626,0.01522248243559719,-0.005571468415064437,0.31285444234404536,0.3793911007025761,0.06653665835853073
CONTRASTIVE_EMB_MLP,42,0.02,IID_BALANCED->DOMAIN_TEMPLATE_OOD,2116,3708,0.5,0.5,0.8707872879727342,0.8524460777896993,-0.018341210183034917,0.020793950850661626,0.016720604099244876,-0.00407334675141675,0.31285444234404536,0.3058252427184466,-0.007029199625598781
CONTRASTIVE_EMB_MLP,52,0.005,IID_BALANCED->TEMPORAL,2116,8000,0.5,0.5,0.8716183188662708,0.8816295857921419,0.010011266925871065,0.011342155009451797,0.0075,-0.003842155009451797,0.2448015122873346,0.2975,0.05269848771266539
CONTRASTIVE_EMB_MLP,52,0.005,IID_BALANCED->DOMAIN_OOD,2116,3858,0.5,0.5,0.8716183188662708,0.8479003469964791,-0.023717971869791743,0.011342155009451797,0.008812856402280975,-0.0025292986071708216,0.2448015122873346,0.20373250388802489,-0.041069008399309714
CONTRASTIVE_EMB_MLP,52,0.005,IID_BALANCED->TEMPLATE_OOD,2116,6832,0.5,0.5,0.8716183188662708,0.8822411408842583,0.010622822017987477,0.011342155009451797,0.007318501170960188,-0.004023653838491609,0.2448015122873346,0.2994730679156909,0.054671555628356294
CONTRASTIVE_EMB_MLP,52,0.005,IID_BALANCED->DOMAIN_TEMPLATE_OOD,2116,3708,0.5,0.5,0.8716183188662708,0.8397159770783035,-0.03190234178796736,0.011342155009451797,0.009169363538295576,-0.0021727914711562202,0.2448015122873346,0.19848975188781015,-0.04631176039952445
CONTRASTIVE_EMB_MLP,52,0.01,IID_BALANCED->TEMPORAL,2116,8000,0.5,0.5,0.8716183188662708,0.8816295857921419,0.010011266925871065,0.017013232514177693,0.01075,-0.006263232514177694,0.28166351606805295,0.34125,0.05958648393194704
CONTRASTIVE_EMB_MLP,52,0.01,IID_BALANCED->DOMAIN_OOD,2116,3858,0.5,0.5,0.8716183188662708,0.8479003469964791,-0.023717971869791743,0.017013232514177693,0.012441679626749611,-0.004571552887428082,0.28166351606805295,0.24572317262830481,-0.03594034343974814
CONTRASTIVE_EMB_MLP,52,0.01,IID_BALANCED->TEMPLATE_OOD,2116,6832,0.5,0.5,0.8716183188662708,0.8822411408842583,0.010622822017987477,0.017013232514177693,0.00936768149882904,-0.007645551015348653,0.28166351606805295,0.33782201405152223,0.05615849798346928
CONTRASTIVE_EMB_MLP,52,0.01,IID_BALANCED->DOMAIN_TEMPLATE_OOD,2116,3708,0.5,0.5,0.8716183188662708,0.8397159770783035,-0.03190234178796736,0.017013232514177693,0.011866235167206042,-0.0051469973469716514,0.28166351606805295,0.23624595469255663,-0.045417561375496324
CONTRASTIVE_EMB_MLP,52,0.02,IID_BALANCED->TEMPORAL,2116,8000,0.5,0.5,0.8716183188662708,0.8816295857921419,0.010011266925871065,0.030245746691871456,0.021,-0.009245746691871455,0.39792060491493386,0.43775,0.03982939508506611
CONTRASTIVE_EMB_MLP,52,0.02,IID_BALANCED->DOMAIN_OOD,2116,3858,0.5,0.5,0.8716183188662708,0.8479003469964791,-0.023717971869791743,0.030245746691871456,0.02177293934681182,-0.008472807345059636,0.39792060491493386,0.3431829963711768,-0.05473760854375709
CONTRASTIVE_EMB_MLP,52,0.02,IID_BALANCED->TEMPLATE_OOD,2116,6832,0.5,0.5,0.8716183188662708,0.8822411408842583,0.010622822017987477,0.030245746691871456,0.01873536299765808,-0.011510383694213377,0.39792060491493386,0.4244730679156909,0.02655246300075703
CONTRASTIVE_EMB_MLP,52,0.02,IID_BALANCED->DOMAIN_TEMPLATE_OOD,2116,3708,0.5,0.5,0.8716183188662708,0.8397159770783035,-0.03190234178796736,0.030245746691871456,0.021035598705501618,-0.009210147986369838,0.39792060491493386,0.32416396979503775,-0.07375663511989611
CONTRASTIVE_EMB_MLP,62,0.005,IID_BALANCED->TEMPORAL,2116,8000,0.5,0.5,0.8585153305815928,0.8680854852064264,0.009570154624833571,0.014177693761814745,0.0065,-0.007677693761814745,0.2107750472589792,0.2615,0.05072495274102082
CONTRASTIVE_EMB_MLP,62,0.005,IID_BALANCED->DOMAIN_OOD,2116,3858,0.5,0.5,0.8585153305815928,0.8339482999008877,-0.024567030680705093,0.014177693761814745,0.005702436495593572,-0.008475257266221174,0.2107750472589792,0.1964748574390876,-0.01430018981989159
CONTRASTIVE_EMB_MLP,62,0.005,IID_BALANCED->TEMPLATE_OOD,2116,6832,0.5,0.5,0.8585153305815928,0.8678809869513178,0.009365656369724973,0.014177693761814745,0.0055620608899297425,-0.008615632871885003,0.2107750472589792,0.2681498829039813,0.05737483564500209
CONTRASTIVE_EMB_MLP,62,0.005,IID_BALANCED->DOMAIN_TEMPLATE_OOD,2116,3708,0.5,0.5,0.8585153305815928,0.8252236895640325,-0.033291641017560325,0.014177693761814745,0.005393743257820928,-0.008783950503993818,0.2107750472589792,0.20550161812297735,-0.005273429136001845
CONTRASTIVE_EMB_MLP,62,0.01,IID_BALANCED->TEMPORAL,2116,8000,0.5,0.5,0.8585153305815928,0.8680854852064264,0.009570154624833571,0.01606805293005671,0.007,-0.009068052930056712,0.23534971644612476,0.289,0.053650283553875217
CONTRASTIVE_EMB_MLP,62,0.01,IID_BALANCED->DOMAIN_OOD,2116,3858,0.5,0.5,0.8585153305815928,0.8339482999008877,-0.024567030680705093,0.01606805293005671,0.006220839813374806,-0.009847213116681906,0.23534971644612476,0.2130637636080871,-0.022285952838037665
CONTRASTIVE_EMB_MLP,62,0.01,IID_BALANCED->TEMPLATE_OOD,2116,6832,0.5,0.5,0.8585153305815928,0.8678809869513178,0.009365656369724973,0.01606805293005671,0.00585480093676815,-0.010213251993288562,0.23534971644612476,0.2953747072599532,0.06002499081382842
CONTRASTIVE_EMB_MLP,62,0.01,IID_BALANCED->DOMAIN_TEMPLATE_OOD,2116,3708,0.5,0.5,0.8585153305815928,0.8252236895640325,-0.033291641017560325,0.01606805293005671,0.005933117583603021,-0.01013493534645369,0.23534971644612476,0.2243797195253506,-0.010969996920774161
CONTRASTIVE_EMB_MLP,62,0.02,IID_BALANCED->TEMPORAL,2116,8000,0.5,0.5,0.8585153305815928,0.8680854852064264,0.009570154624833571,0.036862003780718335,0.0215,-0.015362003780718336,0.41871455576559546,0.43775,0.01903544423440451
CONTRASTIVE_EMB_MLP,62,0.02,IID_BALANCED->DOMAIN_OOD,2116,3858,0.5,0.5,0.8585153305815928,0.8339482999008877,-0.024567030680705093,0.036862003780718335,0.022291342664593053,-0.014570661116125282,0.41871455576559546,0.35510627268014516,-0.0636082830854503
CONTRASTIVE_EMB_MLP,62,0.02,IID_BALANCED->TEMPLATE_OOD,2116,6832,0.5,0.5,0.8585153305815928,0.8678809869513178,0.009365656369724973,0.036862003780718335,0.019028103044496487,-0.017833900736221847,0.41871455576559546,0.4332552693208431,0.014540713555247609
CONTRASTIVE_EMB_MLP,62,0.02,IID_BALANCED->DOMAIN_TEMPLATE_OOD,2116,3708,0.5,0.5,0.8585153305815928,0.8252236895640325,-0.033291641017560325,0.036862003780718335,0.021574973031283712,-0.015287030749434622,0.41871455576559546,0.35005393743257823,-0.06866061833301723
CONTRASTIVE_EMB_MLP,72,0.005,IID_BALANCED->TEMPORAL,2116,8000,0.5,0.5,0.8560812918689858,0.8683847932890226,0.012303501420036778,0.006616257088846881,0.0035,-0.0031162570888468807,0.12948960302457466,0.1045,-0.02498960302457466
CONTRASTIVE_EMB_MLP,72,0.005,IID_BALANCED->DOMAIN_OOD,2116,3858,0.5,0.5,0.8560812918689858,0.8308823628551516,-0.025198929013834248,0.006616257088846881,0.005702436495593572,-0.0009138205932533085,0.12948960302457466,0.06998444790046657,-0.05950515512410809
CONTRASTIVE_EMB_MLP,72,0.005,IID_BALANCED->TEMPLATE_OOD,2116,6832,0.5,0.5,0.8560812918689858,0.8702607291626663,0.01417943729368043,0.006616257088846881,0.00351288056206089,-0.003103376526785991,0.12948960302457466,0.09982435597189696,-0.0296652470526777
CONTRASTIVE_EMB_MLP,72,0.005,IID_BALANCED->DOMAIN_TEMPLATE_OOD,2116,3708,0.5,0.5,0.8560812918689858,0.8237199104803565,-0.03236138138862932,0.006616257088846881,0.005393743257820928,-0.0012225138310259526,0.12948960302457466,0.059870550161812294,-0.06961905286276236
CONTRASTIVE_EMB_MLP,72,0.01,IID_BALANCED->TEMPORAL,2116,8000,0.5,0.5,0.8560812918689858,0.8683847932890226,0.012303501420036778,0.017958412098298678,0.01125,-0.006708412098298679,0.26937618147448017,0.2625,-0.006876181474480159
CONTRASTIVE_EMB_MLP,72,0.01,IID_BALANCED->DOMAIN_OOD,2116,3858,0.5,0.5,0.8560812918689858,0.8308823628551516,-0.025198929013834248,0.017958412098298678,0.01347848626231208,-0.004479925835986599,0.26937618147448017,0.1824779678589943,-0.08689821361548586
CONTRASTIVE_EMB_MLP,72,0.01,IID_BALANCED->TEMPLATE_OOD,2116,6832,0.5,0.5,0.8560812918689858,0.8702607291626663,0.01417943729368043,0.017958412098298678,0.009074941451990632,-0.008883470646308046,0.26937618147448017,0.24882903981264637,-0.0205471416618338
CONTRASTIVE_EMB_MLP,72,0.01,IID_BALANCED->DOMAIN_TEMPLATE_OOD,2116,3708,0.5,0.5,0.8560812918689858,0.8237199104803565,-0.03236138138862932,0.017958412098298678,0.012405609492988134,-0.005552802605310544,0.26937618147448017,0.16666666666666666,-0.10270951480781351
CONTRASTIVE_EMB_MLP,72,0.02,IID_BALANCED->TEMPORAL,2116,8000,0.5,0.5,0.8560812918689858,0.8683847932890226,0.012303501420036778,0.027410207939508508,0.0195,-0.007910207939508508,0.34026465028355385,0.36025,0.019985349716446166
CONTRASTIVE_EMB_MLP,72,0.02,IID_BALANCED->DOMAIN_OOD,2116,3858,0.5,0.5,0.8560812918689858,0.8308823628551516,-0.025198929013834248,0.027410207939508508,0.022291342664593053,-0.005118865274915455,0.34026465028355385,0.2820114048729912,-0.05825324541056265
CONTRASTIVE_EMB_MLP,72,0.02,IID_BALANCED->TEMPLATE_OOD,2116,6832,0.5,0.5,0.8560812918689858,0.8702607291626663,0.01417943729368043,0.027410207939508508,0.015515222482435597,-0.011894985457072911,0.34026465028355385,0.3457259953161593,0.005461345032605425
CONTRASTIVE_EMB_MLP,72,0.02,IID_BALANCED->DOMAIN_TEMPLATE_OOD,2116,3708,0.5,0.5,0.8560812918689858,0.8237199104803565,-0.03236138138862932,0.027410207939508508,0.019956850053937433,-0.0074533578855710755,0.34026465028355385,0.2551240560949299,-0.08514059418862396
CONTRASTIVE_EMB_MLP,82,0.005,IID_BALANCED->TEMPORAL,2116,8000,0.5,0.5,0.8633805206191119,0.8681150768639436,0.004734556244831767,0.007561436672967864,0.006,-0.001561436672967864,0.18052930056710775,0.23975,0.05922069943289224
CONTRASTIVE_EMB_MLP,82,0.005,IID_BALANCED->DOMAIN_OOD,2116,3858,0.5,0.5,0.8633805206191119,0.8371085917636363,-0.02627192885547558,0.007561436672967864,0.005702436495593572,-0.0018590001773742919,0.18052930056710775,0.1472265422498704,-0.03330275831723736
CONTRASTIVE_EMB_MLP,82,0.005,IID_BALANCED->TEMPLATE_OOD,2116,6832,0.5,0.5,0.8633805206191119,0.8709623485545449,0.00758182793543305,0.007561436672967864,0.005269320843091335,-0.0022921158298765294,0.18052930056710775,0.24795081967213115,0.06742151910502339
CONTRASTIVE_EMB_MLP,82,0.005,IID_BALANCED->DOMAIN_TEMPLATE_OOD,2116,3708,0.5,0.5,0.8633805206191119,0.8330919247744324,-0.030288595844679467,0.007561436672967864,0.005933117583603021,-0.0016283190893648433,0.18052930056710775,0.1499460625674218,-0.030583237999685958
CONTRASTIVE_EMB_MLP,82,0.01,IID_BALANCED->TEMPORAL,2116,8000,0.5,0.5,0.8633805206191119,0.8681150768639436,0.004734556244831767,0.012287334593572778,0.0095,-0.0027873345935727784,0.2580340264650284,0.3005,0.04246597353497161
CONTRASTIVE_EMB_MLP,82,0.01,IID_BALANCED->DOMAIN_OOD,2116,3858,0.5,0.5,0.8633805206191119,0.8371085917636363,-0.02627192885547558,0.012287334593572778,0.007257646448937273,-0.005029688144635505,0.2580340264650284,0.19543805080352514,-0.06259597566150324
CONTRASTIVE_EMB_MLP,82,0.01,IID_BALANCED->TEMPLATE_OOD,2116,6832,0.5,0.5,0.8633805206191119,0.8709623485545449,0.00758182793543305,0.012287334593572778,0.007903981264637002,-0.004383353328935776,0.2580340264650284,0.3088407494145199,0.05080672294949151
CONTRASTIVE_EMB_MLP,82,0.01,IID_BALANCED->DOMAIN_TEMPLATE_OOD,2116,3708,0.5,0.5,0.8633805206191119,0.8330919247744324,-0.030288595844679467,0.012287334593572778,0.007011866235167206,-0.005275468358405572,0.2580340264650284,0.20550161812297735,-0.05253240834205103
CONTRASTIVE_EMB_MLP,82,0.02,IID_BALANCED->TEMPORAL,2116,8000,0.5,0.5,0.8633805206191119,0.8681150768639436,0.004734556244831767,0.02551984877126654,0.0215,-0.004019848771266543,0.3610586011342155,0.3835,0.0224413988657845
CONTRASTIVE_EMB_MLP,82,0.02,IID_BALANCED->DOMAIN_OOD,2116,3858,0.5,0.5,0.8633805206191119,0.8371085917636363,-0.02627192885547558,0.02551984877126654,0.017107309486780714,-0.008412539284485827,0.3610586011342155,0.272680145152929,-0.08837845598128652
CONTRASTIVE_EMB_MLP,82,0.02,IID_BALANCED->TEMPLATE_OOD,2116,6832,0.5,0.5,0.8633805206191119,0.8709623485545449,0.00758182793543305,0.02551984877126654,0.018442622950819672,-0.00707722582044687,0.3610586011342155,0.3867096018735363,0.025651000739320806
CONTRASTIVE_EMB_MLP,82,0.02,IID_BALANCED->DOMAIN_TEMPLATE_OOD,2116,3708,0.5,0.5,0.8633805206191119,0.8330919247744324,-0.030288595844679467,0.02551984877126654,0.01564185544768069,-0.00987799332358585,0.3610586011342155,0.27885652642934194,-0.08220207470487356
DAPT_E2E,42,0.005,IID_BALANCED->TEMPORAL,2116,8000,0.5,0.5,0.9324374178305166,0.9729532006015396,0.04051578277102297,0.007561436672967864,0.00375,-0.0038114366729678642,0.5293005671077504,0.5955,0.06619943289224961
DAPT_E2E,42,0.005,IID_BALANCED->DOMAIN_OOD,2116,3858,0.5,0.5,0.9324374178305166,0.9679273673689677,0.03548994953845108,0.007561436672967864,0.002073613271124935,-0.005487823401842929,0.5293005671077504,0.49714878175220323,-0.03215178535554719
DAPT_E2E,42,0.005,IID_BALANCED->TEMPLATE_OOD,2116,6832,0.5,0.5,0.9324374178305166,0.9732424845159304,0.04080506668541384,0.007561436672967864,0.0032201405152224825,-0.0043412961577453816,0.5293005671077504,0.5872365339578455,0.057935966850095055
DAPT_E2E,42,0.005,IID_BALANCED->DOMAIN_TEMPLATE_OOD,2116,3708,0.5,0.5,0.9324374178305166,0.9646683956016016,0.03223097777108497,0.007561436672967864,0.002157497303128371,-0.005403939369839493,0.5293005671077504,0.47680690399137,-0.05249366311638043
DAPT_E2E,42,0.01,IID_BALANCED->TEMPORAL,2116,8000,0.5,0.5,0.9324374178305166,0.9729532006015396,0.04051578277102297,0.01606805293005671,0.0115,-0.004568052930056712,0.6332703213610587,0.722,0.08872967863894132
DAPT_E2E,42,0.01,IID_BALANCED->DOMAIN_OOD,2116,3858,0.5,0.5,0.9324374178305166,0.9679273673689677,0.03548994953845108,0.01606805293005671,0.010368066355624676,-0.0056999865744320356,0.6332703213610587,0.6537065837221359,0.020436262361077207
DAPT_E2E,42,0.01,IID_BALANCED->TEMPLATE_OOD,2116,6832,0.5,0.5,0.9324374178305166,0.9732424845159304,0.04080506668541384,0.01606805293005671,0.009953161592505855,-0.006114891337550856,0.6332703213610587,0.7151639344262295,0.08189361306517084
DAPT_E2E,42,0.01,IID_BALANCED->DOMAIN_TEMPLATE_OOD,2116,3708,0.5,0.5,0.9324374178305166,0.9646683956016016,0.03223097777108497,0.01606805293005671,0.009708737864077669,-0.0063593150659790425,0.6332703213610587,0.6294498381877023,-0.0038204831733563704
DAPT_E2E,42,0.02,IID_BALANCED->TEMPORAL,2116,8000,0.5,0.5,0.9324374178305166,0.9729532006015396,0.04051578277102297,0.030245746691871456,0.022,-0.008245746691871458,0.723062381852552,0.81725,0.09418761814744803
DAPT_E2E,42,0.02,IID_BALANCED->DOMAIN_OOD,2116,3858,0.5,0.5,0.9324374178305166,0.9679273673689677,0.03548994953845108,0.030245746691871456,0.02592016588906169,-0.004325580802809766,0.723062381852552,0.7801969932607569,0.05713461140820486
DAPT_E2E,42,0.02,IID_BALANCED->TEMPLATE_OOD,2116,6832,0.5,0.5,0.9324374178305166,0.9732424845159304,0.04080506668541384,0.030245746691871456,0.021662763466042154,-0.008582983225829302,0.723062381852552,0.8135245901639344,0.09046220831138241
DAPT_E2E,42,0.02,IID_BALANCED->DOMAIN_TEMPLATE_OOD,2116,3708,0.5,0.5,0.9324374178305166,0.9646683956016016,0.03223097777108497,0.030245746691871456,0.02535059331175836,-0.0048951533801130966,0.723062381852552,0.7556634304207119,0.03260104856815993
DAPT_E2E,52,0.005,IID_BALANCED->TEMPORAL,2116,8000,0.5,0.5,0.913535509065912,0.9634295449271139,0.04989403586120189,0.010396975425330813,0.00825,-0.002146975425330813,0.5160680529300568,0.5005,-0.015568052930056808
DAPT_E2E,52,0.005,IID_BALANCED->DOMAIN_OOD,2116,3858,0.5,0.5,0.913535509065912,0.9592938550490195,0.04575834598310757,0.010396975425330813,0.00414722654224987,-0.006249748883080943,0.5160680529300568,0.3820632452047693,-0.13400480772528744
DAPT_E2E,52,0.005,IID_BALANCED->TEMPLATE_OOD,2116,6832,0.5,0.5,0.913535509065912,0.9630695343883391,0.04953402532242712,0.010396975425330813,0.008489461358313818,-0.0019075140670169952,0.5160680529300568,0.507903981264637,-0.00816407166541977
DAPT_E2E,52,0.005,IID_BALANCED->DOMAIN_TEMPLATE_OOD,2116,3708,0.5,0.5,0.913535509065912,0.9568682762546215,0.04333276718870949,0.010396975425330813,0.004314994606256742,-0.0060819808190740714,0.5160680529300568,0.3926645091693635,-0.12340354376069324
DAPT_E2E,52,0.01,IID_BALANCED->TEMPORAL,2116,8000,0.5,0.5,0.913535509065912,0.9634295449271139,0.04989403586120189,0.01984877126654064,0.01775,-0.002098771266540643,0.6238185255198487,0.662,0.0381814744801513
DAPT_E2E,52,0.01,IID_BALANCED->DOMAIN_OOD,2116,3858,0.5,0.5,0.913535509065912,0.9592938550490195,0.04575834598310757,0.01984877126654064,0.010368066355624676,-0.009480704910915965,0.6238185255198487,0.5775012960082945,-0.04631722951155426
DAPT_E2E,52,0.01,IID_BALANCED->TEMPLATE_OOD,2116,6832,0.5,0.5,0.913535509065912,0.9630695343883391,0.04953402532242712,0.01984877126654064,0.01522248243559719,-0.004626288830943452,0.6238185255198487,0.6525175644028103,0.028699038882961547
DAPT_E2E,52,0.01,IID_BALANCED->DOMAIN_TEMPLATE_OOD,2116,3708,0.5,0.5,0.913535509065912,0.9568682762546215,0.04333276718870949,0.01984877126654064,0.009708737864077669,-0.010140033402462972,0.6238185255198487,0.5604099244875944,-0.06340860103225432
DAPT_E2E,52,0.02,IID_BALANCED->TEMPORAL,2116,8000,0.5,0.5,0.913535509065912,0.9634295449271139,0.04989403586120189,0.024574669187145556,0.02575,0.0011753308128544422,0.668241965973535,0.7495,0.08125803402646503
DAPT_E2E,52,0.02,IID_BALANCED->DOMAIN_OOD,2116,3858,0.5,0.5,0.913535509065912,0.9592938550490195,0.04575834598310757,0.024574669187145556,0.01918092275790565,-0.005393746429239905,0.668241965973535,0.687402799377916,0.019160833404381017
DAPT_E2E,52,0.02,IID_BALANCED->TEMPLATE_OOD,2116,6832,0.5,0.5,0.913535509065912,0.9630695343883391,0.04953402532242712,0.024574669187145556,0.021662763466042154,-0.002911905721103402,0.668241965973535,0.7418032786885246,0.07356131271498956
DAPT_E2E,52,0.02,IID_BALANCED->DOMAIN_TEMPLATE_OOD,2116,3708,0.5,0.5,0.913535509065912,0.9568682762546215,0.04333276718870949,0.024574669187145556,0.016720604099244876,-0.00785406508790068,0.668241965973535,0.668824163969795,0.0005821979962600254
DAPT_E2E,62,0.005,IID_BALANCED->TEMPORAL,2116,8000,0.5,0.5,0.9041250667052352,0.9634758856080932,0.05935081890285798,0.012287334593572778,0.007,-0.005287334593572778,0.6257088846880907,0.6545,0.028791115311909254
DAPT_E2E,62,0.005,IID_BALANCED->DOMAIN_OOD,2116,3858,0.5,0.5,0.9041250667052352,0.9559204706516481,0.05179540394641291,0.012287334593572778,0.00673924313115604,-0.005548091462416738,0.6257088846880907,0.5655780196993261,-0.06013086498876463
DAPT_E2E,62,0.005,IID_BALANCED->TEMPLATE_OOD,2116,6832,0.5,0.5,0.9041250667052352,0.9627585710017807,0.05863350429654557,0.012287334593572778,0.006440281030444965,-0.005847053563127813,0.6257088846880907,0.6533957845433255,0.02768689985523476
DAPT_E2E,62,0.005,IID_BALANCED->DOMAIN_TEMPLATE_OOD,2116,3708,0.5,0.5,0.9041250667052352,0.952478733874853,0.048353667169617864,0.012287334593572778,0.005933117583603021,-0.006354217009969757,0.6257088846880907,0.5507011866235167,-0.07500769806457397
DAPT_E2E,62,0.01,IID_BALANCED->TEMPORAL,2116,8000,0.5,0.5,0.9041250667052352,0.9634758856080932,0.05935081890285798,0.01984877126654064,0.012,-0.007848771266540641,0.6710775047258979,0.7585,0.08742249527410206
DAPT_E2E,62,0.01,IID_BALANCED->DOMAIN_OOD,2116,3858,0.5,0.5,0.9041250667052352,0.9559204706516481,0.05179540394641291,0.01984877126654064,0.012960082944530845,-0.006888688322009796,0.6710775047258979,0.6946604458268533,0.02358294110095538
DAPT_E2E,62,0.01,IID_BALANCED->TEMPLATE_OOD,2116,6832,0.5,0.5,0.9041250667052352,0.9627585710017807,0.05863350429654557,0.01984877126654064,0.0117096018735363,-0.00813916939300434,0.6710775047258979,0.757903981264637,0.0868264765387391
DAPT_E2E,62,0.01,IID_BALANCED->DOMAIN_TEMPLATE_OOD,2116,3708,0.5,0.5,0.9041250667052352,0.952478733874853,0.048353667169617864,0.01984877126654064,0.012405609492988134,-0.007443161773552507,0.6710775047258979,0.680151024811219,0.00907352008532114
DAPT_E2E,62,0.02,IID_BALANCED->TEMPORAL,2116,8000,0.5,0.5,0.9041250667052352,0.9634758856080932,0.05935081890285798,0.022684310018903593,0.01725,-0.005434310018903592,0.6918714555765595,0.791,0.09912854442344055
DAPT_E2E,62,0.02,IID_BALANCED->DOMAIN_OOD,2116,3858,0.5,0.5,0.9041250667052352,0.9559204706516481,0.05179540394641291,0.022684310018903593,0.01762571280456195,-0.005058597214341643,0.6918714555765595,0.738206324520477,0.04633486894391747
DAPT_E2E,62,0.02,IID_BALANCED->TEMPLATE_OOD,2116,6832,0.5,0.5,0.9041250667052352,0.9627585710017807,0.05863350429654557,0.022684310018903593,0.01727166276346604,-0.005412647255437553,0.6918714555765595,0.7915690866510539,0.09969763107449436
DAPT_E2E,62,0.02,IID_BALANCED->DOMAIN_TEMPLATE_OOD,2116,3708,0.5,0.5,0.9041250667052352,0.952478733874853,0.048353667169617864,0.022684310018903593,0.017259978425026967,-0.005424331593876626,0.6918714555765595,0.7286947141316074,0.036823258555047866
DAPT_E2E,72,0.005,IID_BALANCED->TEMPORAL,2116,8000,0.5,0.5,0.933084214454607,0.9721863145274329,0.039102100072825885,0.007561436672967864,0.00225,-0.005311436672967865,0.45368620037807184,0.49075,0.037063799621928184
DAPT_E2E,72,0.005,IID_BALANCED->DOMAIN_OOD,2116,3858,0.5,0.5,0.933084214454607,0.9659178173964015,0.03283360294179449,0.007561436672967864,0.0015552099533437014,-0.006006226719624162,0.45368620037807184,0.37325038880248834,-0.0804358115755835
DAPT_E2E,72,0.005,IID_BALANCED->TEMPLATE_OOD,2116,6832,0.5,0.5,0.933084214454607,0.9725434261816197,0.03945921172701272,0.007561436672967864,0.001756440281030445,-0.005804996391937419,0.45368620037807184,0.48507025761124123,0.03138405723316939
DAPT_E2E,72,0.005,IID_BALANCED->DOMAIN_TEMPLATE_OOD,2116,3708,0.5,0.5,0.933084214454607,0.9627758651214575,0.029691650666850533,0.007561436672967864,0.0016181229773462784,-0.005943313695621586,0.45368620037807184,0.35490830636461707,-0.09877789401345477
DAPT_E2E,72,0.01,IID_BALANCED->TEMPORAL,2116,8000,0.5,0.5,0.933084214454607,0.9721863145274329,0.039102100072825885,0.012287334593572778,0.00575,-0.006537334593572778,0.554820415879017,0.617,0.06217958412098301
DAPT_E2E,72,0.01,IID_BALANCED->DOMAIN_OOD,2116,3858,0.5,0.5,0.933084214454607,0.9659178173964015,0.03283360294179449,0.012287334593572778,0.004665629860031105,-0.0076217047335416736,0.554820415879017,0.5163297045101088,-0.03849071136890814
DAPT_E2E,72,0.01,IID_BALANCED->TEMPLATE_OOD,2116,6832,0.5,0.5,0.933084214454607,0.9725434261816197,0.03945921172701272,0.012287334593572778,0.004098360655737705,-0.008188973937835072,0.554820415879017,0.6048009367681498,0.04998052088913285
DAPT_E2E,72,0.01,IID_BALANCED->DOMAIN_TEMPLATE_OOD,2116,3708,0.5,0.5,0.933084214454607,0.9627758651214575,0.029691650666850533,0.012287334593572778,0.0048543689320388345,-0.007432965661533944,0.554820415879017,0.4919093851132686,-0.06291103076574839
DAPT_E2E,72,0.02,IID_BALANCED->TEMPORAL,2116,8000,0.5,0.5,0.933084214454607,0.9721863145274329,0.039102100072825885,0.022684310018903593,0.01825,-0.004434310018903594,0.7069943289224953,0.7765,0.06950567107750472
DAPT_E2E,72,0.02,IID_BALANCED->DOMAIN_OOD,2116,3858,0.5,0.5,0.933084214454607,0.9659178173964015,0.03283360294179449,0.022684310018903593,0.01658890616899948,-0.006095403849904112,0.7069943289224953,0.7268014515292898,0.019807122606794514
DAPT_E2E,72,0.02,IID_BALANCED->TEMPLATE_OOD,2116,6832,0.5,0.5,0.933084214454607,0.9725434261816197,0.03945921172701272,0.022684310018903593,0.014929742388758781,-0.007754567630144812,0.7069943289224953,0.767271662763466,0.06027733384097078
DAPT_E2E,72,0.02,IID_BALANCED->DOMAIN_TEMPLATE_OOD,2116,3708,0.5,0.5,0.933084214454607,0.9627758651214575,0.029691650666850533,0.022684310018903593,0.016720604099244876,-0.005963705919658717,0.7069943289224953,0.6968716289104638,-0.010122700012031416
DAPT_E2E,82,0.005,IID_BALANCED->TEMPORAL,2116,8000,0.5,0.5,0.92464294251495,0.962330457086451,0.03768751457150099,0.013232514177693762,0.0075,-0.005732514177693762,0.5198487712665406,0.58075,0.06090122873345938
DAPT_E2E,82,0.005,IID_BALANCED->DOMAIN_OOD,2116,3858,0.5,0.5,0.92464294251495,0.9585367206388212,0.03389377812387118,0.013232514177693762,0.002592016588906169,-0.010640497588787592,0.5198487712665406,0.4598237428719544,-0.06002502839458623
DAPT_E2E,82,0.005,IID_BALANCED->TEMPLATE_OOD,2116,6832,0.5,0.5,0.92464294251495,0.962730774359011,0.03808783184406095,0.013232514177693762,0.005269320843091335,-0.007963193334602426,0.5198487712665406,0.5655737704918032,0.04572499922526263
DAPT_E2E,82,0.005,IID_BALANCED->DOMAIN_TEMPLATE_OOD,2116,3708,0.5,0.5,0.92464294251495,0.9538202944114983,0.029177351896548243,0.013232514177693762,0.002696871628910464,-0.010535642548783298,0.5198487712665406,0.43042071197411,-0.08942805929243058
DAPT_E2E,82,0.01,IID_BALANCED->TEMPORAL,2116,8000,0.5,0.5,0.92464294251495,0.962330457086451,0.03768751457150099,0.015122873345935728,0.013,-0.002122873345935729,0.5595463137996219,0.63575,0.0762036862003781
DAPT_E2E,82,0.01,IID_BALANCED->DOMAIN_OOD,2116,3858,0.5,0.5,0.92464294251495,0.9585367206388212,0.03389377812387118,0.015122873345935728,0.004665629860031105,-0.010457243485904624,0.5595463137996219,0.5339554173146708,-0.025590896484951164
DAPT_E2E,82,0.01,IID_BALANCED->TEMPLATE_OOD,2116,6832,0.5,0.5,0.92464294251495,0.962730774359011,0.03808783184406095,0.015122873345935728,0.010245901639344262,-0.004876971706591467,0.5595463137996219,0.6217798594847775,0.0622335456851556
DAPT_E2E,82,0.01,IID_BALANCED->DOMAIN_TEMPLATE_OOD,2116,3708,0.5,0.5,0.92464294251495,0.9538202944114983,0.029177351896548243,0.015122873345935728,0.004314994606256742,-0.010807878739678986,0.5595463137996219,0.5070118662351673,-0.05253444756445469
DAPT_E2E,82,0.02,IID_BALANCED->TEMPORAL,2116,8000,0.5,0.5,0.92464294251495,0.962330457086451,0.03768751457150099,0.021739130434782608,0.02525,0.0035108695652173935,0.6455576559546313,0.73375,0.08819234404536869
DAPT_E2E,82,0.02,IID_BALANCED->DOMAIN_OOD,2116,3858,0.5,0.5,0.92464294251495,0.9585367206388212,0.03389377812387118,0.021739130434782608,0.012441679626749611,-0.009297450808032997,0.6455576559546313,0.6630378434421981,0.017480187487566745
DAPT_E2E,82,0.02,IID_BALANCED->TEMPLATE_OOD,2116,6832,0.5,0.5,0.92464294251495,0.962730774359011,0.03808783184406095,0.021739130434782608,0.02078454332552693,-0.0009545871092556772,0.6455576559546313,0.7259953161592506,0.08043766020461929
DAPT_E2E,82,0.02,IID_BALANCED->DOMAIN_TEMPLATE_OOD,2116,3708,0.5,0.5,0.92464294251495,0.9538202944114983,0.029177351896548243,0.021739130434782608,0.011866235167206042,-0.009872895267576566,0.6455576559546313,0.6359223300970874,-0.009635325857543897
DAPT_EMB_MLP,42,0.005,IID_BALANCED->TEMPORAL,2116,8000,0.5,0.5,0.9031099608918588,0.9337253208821631,0.03061535999030429,0.010396975425330813,0.006,-0.004396975425330813,0.32514177693761814,0.4005,0.07535822306238188
DAPT_EMB_MLP,42,0.005,IID_BALANCED->DOMAIN_OOD,2116,3858,0.5,0.5,0.9031099608918588,0.9015195446682549,-0.0015904162236038966,0.010396975425330813,0.00829445308449974,-0.0021025223408310725,0.32514177693761814,0.2846034214618974,-0.040538355475720766
DAPT_EMB_MLP,42,0.005,IID_BALANCED->TEMPLATE_OOD,2116,6832,0.5,0.5,0.9031099608918588,0.9266647436538664,0.02355478276200762,0.010396975425330813,0.006733021077283372,-0.003663954348047441,0.32514177693761814,0.3864168618266979,0.061275084889079734
DAPT_EMB_MLP,42,0.005,IID_BALANCED->DOMAIN_TEMPLATE_OOD,2116,3708,0.5,0.5,0.9031099608918588,0.8903806586209242,-0.012729302270934606,0.010396975425330813,0.008629989212513484,-0.0017669862128173296,0.32514177693761814,0.2702265372168285,-0.054915239720789655
DAPT_EMB_MLP,42,0.01,IID_BALANCED->TEMPORAL,2116,8000,0.5,0.5,0.9031099608918588,0.9337253208821631,0.03061535999030429,0.015122873345935728,0.0085,-0.006622873345935728,0.3657844990548204,0.4485,0.0827155009451796
DAPT_EMB_MLP,42,0.01,IID_BALANCED->DOMAIN_OOD,2116,3858,0.5,0.5,0.9031099608918588,0.9015195446682549,-0.0015904162236038966,0.015122873345935728,0.01088646967340591,-0.004236403672529818,0.3657844990548204,0.33488854328667705,-0.030895955768143357
DAPT_EMB_MLP,42,0.01,IID_BALANCED->TEMPLATE_OOD,2116,6832,0.5,0.5,0.9031099608918588,0.9266647436538664,0.02355478276200762,0.015122873345935728,0.009660421545667448,-0.005462451800268281,0.3657844990548204,0.43062060889929743,0.06483610984447702
DAPT_EMB_MLP,42,0.01,IID_BALANCED->DOMAIN_TEMPLATE_OOD,2116,3708,0.5,0.5,0.9031099608918588,0.8903806586209242,-0.012729302270934606,0.015122873345935728,0.011326860841423949,-0.0037960125045117792,0.3657844990548204,0.31283710895361383,-0.05294739010120658
DAPT_EMB_MLP,42,0.02,IID_BALANCED->TEMPORAL,2116,8000,0.5,0.5,0.9031099608918588,0.9337253208821631,0.03061535999030429,0.03213610586011342,0.01775,-0.014386105860113425,0.5066162570888468,0.55725,0.05063374291115319
DAPT_EMB_MLP,42,0.02,IID_BALANCED->DOMAIN_OOD,2116,3858,0.5,0.5,0.9031099608918588,0.9015195446682549,-0.0015904162236038966,0.03213610586011342,0.02280974598237429,-0.009326359877739134,0.5066162570888468,0.45049248315189216,-0.05612377393695467
DAPT_EMB_MLP,42,0.02,IID_BALANCED->TEMPLATE_OOD,2116,6832,0.5,0.5,0.9031099608918588,0.9266647436538664,0.02355478276200762,0.03213610586011342,0.019613583138173303,-0.01252252272194012,0.5066162570888468,0.5351288056206089,0.028512548531762105
DAPT_EMB_MLP,42,0.02,IID_BALANCED->DOMAIN_TEMPLATE_OOD,2116,3708,0.5,0.5,0.9031099608918588,0.8903806586209242,-0.012729302270934606,0.03213610586011342,0.02319309600862999,-0.008943009851483434,0.5066162570888468,0.41639697950377563,-0.0902192775850712
DAPT_EMB_MLP,52,0.005,IID_BALANCED->TEMPORAL,2116,8000,0.5,0.5,0.8950935541450735,0.9286748912133302,0.03358133706825672,0.011342155009451797,0.007,-0.0043421550094517964,0.2892249527410208,0.334,0.04477504725897924
DAPT_EMB_MLP,52,0.005,IID_BALANCED->DOMAIN_OOD,2116,3858,0.5,0.5,0.8950935541450735,0.9097361680880964,0.014642613943022909,0.011342155009451797,0.0036288232244686366,-0.00771333178498316,0.2892249527410208,0.2534992223950233,-0.035725730345997464
DAPT_EMB_MLP,52,0.005,IID_BALANCED->TEMPLATE_OOD,2116,6832,0.5,0.5,0.8950935541450735,0.9251190511333787,0.030025496988305145,0.011342155009451797,0.005269320843091335,-0.006072834166360462,0.2892249527410208,0.31469555035128804,0.025470597610267265
DAPT_EMB_MLP,52,0.005,IID_BALANCED->DOMAIN_TEMPLATE_OOD,2116,3708,0.5,0.5,0.8950935541450735,0.900573898751755,0.005480344606681453,0.011342155009451797,0.0037756202804746495,-0.0075665347289771475,0.2892249527410208,0.2389428263214671,-0.05028212641955368
DAPT_EMB_MLP,52,0.01,IID_BALANCED->TEMPORAL,2116,8000,0.5,0.5,0.8950935541450735,0.9286748912133302,0.03358133706825672,0.01984877126654064,0.01225,-0.007598771266540641,0.3676748582230624,0.46825,0.1005751417769376
DAPT_EMB_MLP,52,0.01,IID_BALANCED->DOMAIN_OOD,2116,3858,0.5,0.5,0.8950935541450735,0.9097361680880964,0.014642613943022909,0.01984877126654064,0.009849663037843442,-0.0099991082286972,0.3676748582230624,0.39346811819595645,0.025793259972894056
DAPT_EMB_MLP,52,0.01,IID_BALANCED->TEMPLATE_OOD,2116,6832,0.5,0.5,0.8950935541450735,0.9251190511333787,0.030025496988305145,0.01984877126654064,0.00936768149882904,-0.010481089767711602,0.3676748582230624,0.4455503512880562,0.0778754930649938
DAPT_EMB_MLP,52,0.01,IID_BALANCED->DOMAIN_TEMPLATE_OOD,2116,3708,0.5,0.5,0.8950935541450735,0.900573898751755,0.005480344606681453,0.01984877126654064,0.010248112189859764,-0.009600659076680878,0.3676748582230624,0.37001078748651567,0.0023359292634532736
DAPT_EMB_MLP,52,0.02,IID_BALANCED->TEMPORAL,2116,8000,0.5,0.5,0.8950935541450735,0.9286748912133302,0.03358133706825672,0.0444234404536862,0.02175,-0.022673440453686203,0.5491493383742911,0.5925,0.043350661625708886
DAPT_EMB_MLP,52,0.02,IID_BALANCED->DOMAIN_OOD,2116,3858,0.5,0.5,0.8950935541450735,0.9097361680880964,0.014642613943022909,0.0444234404536862,0.023846552617936754,-0.020576887835749447,0.5491493383742911,0.5230689476412649,-0.02608039073302626
DAPT_EMB_MLP,52,0.02,IID_BALANCED->TEMPLATE_OOD,2116,6832,0.5,0.5,0.8950935541450735,0.9251190511333787,0.030025496988305145,0.0444234404536862,0.01990632318501171,-0.02451711726867449,0.5491493383742911,0.5676229508196722,0.018473612445381038
DAPT_EMB_MLP,52,0.02,IID_BALANCED->DOMAIN_TEMPLATE_OOD,2116,3708,0.5,0.5,0.8950935541450735,0.900573898751755,0.005480344606681453,0.0444234404536862,0.02481121898597627,-0.019612221467709932,0.5491493383742911,0.4962243797195254,-0.052924958654765764
DAPT_EMB_MLP,62,0.005,IID_BALANCED->TEMPORAL,2116,8000,0.5,0.5,0.9022143230988775,0.9164563160254998,0.014241992926622316,0.005671077504725898,0.00275,-0.0029210775047258985,0.3818525519848771,0.31075,-0.07110255198487708
DAPT_EMB_MLP,62,0.005,IID_BALANCED->DOMAIN_OOD,2116,3858,0.5,0.5,0.9022143230988775,0.8860006459471634,-0.016213677151714068,0.005671077504725898,0.002592016588906169,-0.0030790609158197293,0.3818525519848771,0.21721099015033696,-0.16464156183454015
DAPT_EMB_MLP,62,0.005,IID_BALANCED->TEMPLATE_OOD,2116,6832,0.5,0.5,0.9022143230988775,0.9111131460727355,0.008898822973858023,0.005671077504725898,0.002927400468384075,-0.002743677036341823,0.3818525519848771,0.3003512880562061,-0.08150126392867102
DAPT_EMB_MLP,62,0.005,IID_BALANCED->DOMAIN_TEMPLATE_OOD,2116,3708,0.5,0.5,0.9022143230988775,0.8745533666984876,-0.027660956400389902,0.005671077504725898,0.002696871628910464,-0.0029742058758154342,0.3818525519848771,0.20496224379719524,-0.17689030818768187
DAPT_EMB_MLP,62,0.01,IID_BALANCED->TEMPORAL,2116,8000,0.5,0.5,0.9022143230988775,0.9164563160254998,0.014241992926622316,0.00945179584120983,0.0075,-0.0019517958412098302,0.4612476370510397,0.436,-0.025247637051039717
DAPT_EMB_MLP,62,0.01,IID_BALANCED->DOMAIN_OOD,2116,3858,0.5,0.5,0.9022143230988775,0.8860006459471634,-0.016213677151714068,0.00945179584120983,0.008812856402280975,-0.0006389394389288549,0.4612476370510397,0.35199585277345774,-0.10925178427758198
DAPT_EMB_MLP,62,0.01,IID_BALANCED->TEMPLATE_OOD,2116,6832,0.5,0.5,0.9022143230988775,0.9111131460727355,0.008898822973858023,0.00945179584120983,0.007903981264637002,-0.0015478145765728275,0.4612476370510397,0.4218384074941452,-0.03940922955689452
DAPT_EMB_MLP,62,0.01,IID_BALANCED->DOMAIN_TEMPLATE_OOD,2116,3708,0.5,0.5,0.9022143230988775,0.8745533666984876,-0.027660956400389902,0.00945179584120983,0.009169363538295576,-0.00028243230291425357,0.4612476370510397,0.33171521035598706,-0.12953242669505266
DAPT_EMB_MLP,62,0.02,IID_BALANCED->TEMPORAL,2116,8000,0.5,0.5,0.9022143230988775,0.9164563160254998,0.014241992926622316,0.02551984877126654,0.017,-0.00851984877126654,0.5453686200378072,0.548,0.00263137996219287
DAPT_EMB_MLP,62,0.02,IID_BALANCED->DOMAIN_OOD,2116,3858,0.5,0.5,0.9022143230988775,0.8860006459471634,-0.016213677151714068,0.02551984877126654,0.021254536029030584,-0.004265312742235957,0.5453686200378072,0.45671332296526695,-0.08865529707254022
DAPT_EMB_MLP,62,0.02,IID_BALANCED->TEMPLATE_OOD,2116,6832,0.5,0.5,0.9022143230988775,0.9111131460727355,0.008898822973858023,0.02551984877126654,0.017857142857142856,-0.007662705914123685,0.5453686200378072,0.5307377049180327,-0.014630915119774435
DAPT_EMB_MLP,62,0.02,IID_BALANCED->DOMAIN_TEMPLATE_OOD,2116,3708,0.5,0.5,0.9022143230988775,0.8745533666984876,-0.027660956400389902,0.02551984877126654,0.022114347357065803,-0.003405501414200738,0.5453686200378072,0.43635382955771307,-0.1090147904800941
DAPT_EMB_MLP,72,0.005,IID_BALANCED->TEMPORAL,2116,8000,0.5,0.5,0.908157898094238,0.9386520149561229,0.030494116861884968,0.005671077504725898,0.004,-0.0016710775047258982,0.3620037807183365,0.346,-0.016003780718336524
DAPT_EMB_MLP,72,0.005,IID_BALANCED->DOMAIN_OOD,2116,3858,0.5,0.5,0.908157898094238,0.906808964017693,-0.0013489340765450164,0.005671077504725898,0.005702436495593572,3.135899086767393e-05,0.3620037807183365,0.22706065318818042,-0.13494312753015608
DAPT_EMB_MLP,72,0.005,IID_BALANCED->TEMPLATE_OOD,2116,6832,0.5,0.5,0.908157898094238,0.9331810867838117,0.02502318868957376,0.005671077504725898,0.004391100702576112,-0.0012799768021497862,0.3620037807183365,0.3363583138173302,-0.025645466901006275
DAPT_EMB_MLP,72,0.005,IID_BALANCED->DOMAIN_TEMPLATE_OOD,2116,3708,0.5,0.5,0.908157898094238,0.8972413665739544,-0.010916531520283601,0.005671077504725898,0.005933117583603021,0.00026204007887712256,0.3620037807183365,0.21305285868392665,-0.14895092203440985
DAPT_EMB_MLP,72,0.01,IID_BALANCED->TEMPORAL,2116,8000,0.5,0.5,0.908157898094238,0.9386520149561229,0.030494116861884968,0.013232514177693762,0.00625,-0.006982514177693761,0.46408317580340264,0.38975,-0.07433317580340265
DAPT_EMB_MLP,72,0.01,IID_BALANCED->DOMAIN_OOD,2116,3858,0.5,0.5,0.908157898094238,0.906808964017693,-0.0013489340765450164,0.013232514177693762,0.009849663037843442,-0.0033828511398503198,0.46408317580340264,0.27786417833074134,-0.1862189974726613
DAPT_EMB_MLP,72,0.01,IID_BALANCED->TEMPLATE_OOD,2116,6832,0.5,0.5,0.908157898094238,0.9331810867838117,0.02502318868957376,0.013232514177693762,0.00702576112412178,-0.006206753053571982,0.46408317580340264,0.37382903981264637,-0.09025413599075627
DAPT_EMB_MLP,72,0.01,IID_BALANCED->DOMAIN_TEMPLATE_OOD,2116,3708,0.5,0.5,0.908157898094238,0.8972413665739544,-0.010916531520283601,0.013232514177693762,0.010248112189859764,-0.002984401987833998,0.46408317580340264,0.2513484358144552,-0.21273473998894743
DAPT_EMB_MLP,72,0.02,IID_BALANCED->TEMPORAL,2116,8000,0.5,0.5,0.908157898094238,0.9386520149561229,0.030494116861884968,0.02835538752362949,0.012,-0.01635538752362949,0.5160680529300568,0.47675,-0.039318052930056746
DAPT_EMB_MLP,72,0.02,IID_BALANCED->DOMAIN_OOD,2116,3858,0.5,0.5,0.908157898094238,0.906808964017693,-0.0013489340765450164,0.02835538752362949,0.01658890616899948,-0.011766481354630008,0.5160680529300568,0.3831000518403318,-0.13296800108972495
DAPT_EMB_MLP,72,0.02,IID_BALANCED->TEMPLATE_OOD,2116,6832,0.5,0.5,0.908157898094238,0.9331810867838117,0.02502318868957376,0.02835538752362949,0.013173302107728338,-0.015182085415901152,0.5160680529300568,0.45491803278688525,-0.0611500201431715
DAPT_EMB_MLP,72,0.02,IID_BALANCED->DOMAIN_TEMPLATE_OOD,2116,3708,0.5,0.5,0.908157898094238,0.8972413665739544,-0.010916531520283601,0.02835538752362949,0.017259978425026967,-0.011095409098602523,0.5160680529300568,0.348975188781014,-0.16709286414904273
DAPT_EMB_MLP,82,0.005,IID_BALANCED->TEMPORAL,2116,8000,0.5,0.5,0.9098633799595408,0.936441617501975,0.026578237542434158,0.004725897920604915,0.00375,-0.0009758979206049151,0.21644612476370512,0.3585,0.14205387523629487
DAPT_EMB_MLP,82,0.005,IID_BALANCED->DOMAIN_OOD,2116,3858,0.5,0.5,0.9098633799595408,0.9184432464224718,0.008579866462930963,0.004725897920604915,0.002592016588906169,-0.002133881331698746,0.21644612476370512,0.27527216174183516,0.05882603697813005
DAPT_EMB_MLP,82,0.005,IID_BALANCED->TEMPLATE_OOD,2116,6832,0.5,0.5,0.9098633799595408,0.9333464506258704,0.023483070666329597,0.004725897920604915,0.0038056206088992973,-0.0009202773117056176,0.21644612476370512,0.34660421545667447,0.13015809069296935
DAPT_EMB_MLP,82,0.005,IID_BALANCED->DOMAIN_TEMPLATE_OOD,2116,3708,0.5,0.5,0.9098633799595408,0.9095278876487428,-0.00033549231079799124,0.004725897920604915,0.002696871628910464,-0.002029026291694451,0.21644612476370512,0.2551240560949299,0.03867793133122477
DAPT_EMB_MLP,82,0.01,IID_BALANCED->TEMPORAL,2116,8000,0.5,0.5,0.9098633799595408,0.936441617501975,0.026578237542434158,0.01606805293005671,0.009,-0.007068052930056712,0.4054820415879017,0.4845,0.0790179584120983
DAPT_EMB_MLP,82,0.01,IID_BALANCED->DOMAIN_OOD,2116,3858,0.5,0.5,0.9098633799595408,0.9184432464224718,0.008579866462930963,0.01606805293005671,0.00673924313115604,-0.009328809798900672,0.4054820415879017,0.4199066874027994,0.014424645814897719
DAPT_EMB_MLP,82,0.01,IID_BALANCED->TEMPLATE_OOD,2116,6832,0.5,0.5,0.9098633799595408,0.9333464506258704,0.023483070666329597,0.01606805293005671,0.007903981264637002,-0.008164071665419709,0.4054820415879017,0.4622365339578454,0.05675449236994373
DAPT_EMB_MLP,82,0.01,IID_BALANCED->DOMAIN_TEMPLATE_OOD,2116,3708,0.5,0.5,0.9098633799595408,0.9095278876487428,-0.00033549231079799124,0.01606805293005671,0.007011866235167206,-0.009056186694889504,0.4054820415879017,0.37971952535059333,-0.025762516237308353
DAPT_EMB_MLP,82,0.02,IID_BALANCED->TEMPORAL,2116,8000,0.5,0.5,0.9098633799595408,0.936441617501975,0.026578237542434158,0.031190926275992438,0.0215,-0.00969092627599244,0.498109640831758,0.5915,0.09339035916824201
DAPT_EMB_MLP,82,0.02,IID_BALANCED->DOMAIN_OOD,2116,3858,0.5,0.5,0.9098633799595408,0.9184432464224718,0.008579866462930963,0.031190926275992438,0.01762571280456195,-0.013565213471430488,0.498109640831758,0.5334370139968896,0.03532737316513157
DAPT_EMB_MLP,82,0.02,IID_BALANCED->TEMPLATE_OOD,2116,6832,0.5,0.5,0.9098633799595408,0.9333464506258704,0.023483070666329597,0.031190926275992438,0.01873536299765808,-0.012455563278334358,0.498109640831758,0.5687939110070258,0.0706842701752678
DAPT_EMB_MLP,82,0.02,IID_BALANCED->DOMAIN_TEMPLATE_OOD,2116,3708,0.5,0.5,0.9098633799595408,0.9095278876487428,-0.00033549231079799124,0.031190926275992438,0.018338727076591153,-0.012852199199401285,0.498109640831758,0.49460625674217906,-0.0035033840895789536
T0_E2E,42,0.005,IID_BALANCED->TEMPORAL,2116,8000,0.5,0.5,0.9274551164512228,0.9716616420506878,0.04420652559946503,0.00945179584120983,0.0065,-0.00295179584120983,0.6077504725897921,0.6595,0.051749527410207885
T0_E2E,42,0.005,IID_BALANCED->DOMAIN_OOD,2116,3858,0.5,0.5,0.9274551164512228,0.9645501687117198,0.03709505226049703,0.00945179584120983,0.006220839813374806,-0.0032309560278350243,0.6077504725897921,0.5717988595127009,-0.03595161307709116
T0_E2E,42,0.005,IID_BALANCED->TEMPLATE_OOD,2116,6832,0.5,0.5,0.9274551164512228,0.9712809829538936,0.04382586650267084,0.00945179584120983,0.005269320843091335,-0.004182474998118495,0.6077504725897921,0.647248243559719,0.039497770969926904
T0_E2E,42,0.005,IID_BALANCED->DOMAIN_TEMPLATE_OOD,2116,3708,0.5,0.5,0.9274551164512228,0.9607070732188739,0.033251956767651136,0.00945179584120983,0.005393743257820928,-0.004058052583388902,0.6077504725897921,0.5485436893203883,-0.05920678326940376
T0_E2E,42,0.01,IID_BALANCED->TEMPORAL,2116,8000,0.5,0.5,0.9274551164512228,0.9716616420506878,0.04420652559946503,0.014177693761814745,0.00975,-0.004427693761814745,0.6465028355387523,0.69875,0.052247164461247664
T0_E2E,42,0.01,IID_BALANCED->DOMAIN_OOD,2116,3858,0.5,0.5,0.9274551164512228,0.9645501687117198,0.03709505226049703,0.014177693761814745,0.009849663037843442,-0.004328030723971303,0.6465028355387523,0.623120787973043,-0.023382047565709274
T0_E2E,42,0.01,IID_BALANCED->TEMPLATE_OOD,2116,6832,0.5,0.5,0.9274551164512228,0.9712809829538936,0.04382586650267084,0.014177693761814745,0.00819672131147541,-0.005980972450339335,0.6465028355387523,0.6879391100702577,0.041436274531505335
T0_E2E,42,0.01,IID_BALANCED->DOMAIN_TEMPLATE_OOD,2116,3708,0.5,0.5,0.9274551164512228,0.9607070732188739,0.033251956767651136,0.014177693761814745,0.009169363538295576,-0.0050083302235191685,0.6465028355387523,0.598705501618123,-0.04779733392062935
T0_E2E,42,0.02,IID_BALANCED->TEMPORAL,2116,8000,0.5,0.5,0.9274551164512228,0.9716616420506878,0.04420652559946503,0.02835538752362949,0.0255,-0.0028553875236294914,0.7136105860113422,0.8025,0.0888894139886578
T0_E2E,42,0.02,IID_BALANCED->DOMAIN_OOD,2116,3858,0.5,0.5,0.9274551164512228,0.9645501687117198,0.03709505226049703,0.02835538752362949,0.03006739243131156,0.0017120049076820715,0.7136105860113422,0.7584240539139451,0.04481346790260288
T0_E2E,42,0.02,IID_BALANCED->TEMPLATE_OOD,2116,6832,0.5,0.5,0.9274551164512228,0.9712809829538936,0.04382586650267084,0.02835538752362949,0.024882903981264637,-0.003472483542364853,0.7136105860113422,0.7927400468384075,0.07912946082706529
T0_E2E,42,0.02,IID_BALANCED->DOMAIN_TEMPLATE_OOD,2116,3708,0.5,0.5,0.9274551164512228,0.9607070732188739,0.033251956767651136,0.02835538752362949,0.0296655879180151,0.001310200394385612,0.7136105860113422,0.7276159654800431,0.014005379468700951
T0_E2E,52,0.005,IID_BALANCED->TEMPORAL,2116,8000,0.5,0.5,0.9157684396170865,0.9635486068518324,0.047780167234745874,0.011342155009451797,0.006,-0.0053421550094517965,0.503780718336484,0.47275,-0.031030718336483964
T0_E2E,52,0.005,IID_BALANCED->DOMAIN_OOD,2116,3858,0.5,0.5,0.9157684396170865,0.9566371149425466,0.04086867532546001,0.011342155009451797,0.0036288232244686366,-0.00771333178498316,0.503780718336484,0.33488854328667705,-0.16889217504980691
T0_E2E,52,0.005,IID_BALANCED->TEMPLATE_OOD,2116,6832,0.5,0.5,0.9157684396170865,0.9632264831565154,0.04745804353942884,0.011342155009451797,0.0055620608899297425,-0.005780094119522054,0.503780718336484,0.46633489461358313,-0.03744582372290084
T0_E2E,52,0.005,IID_BALANCED->DOMAIN_TEMPLATE_OOD,2116,3708,0.5,0.5,0.9157684396170865,0.9537321464862862,0.0379637068691997,0.011342155009451797,0.0037756202804746495,-0.0075665347289771475,0.503780718336484,0.3284789644012945,-0.17530175393518949
T0_E2E,52,0.01,IID_BALANCED->TEMPORAL,2116,8000,0.5,0.5,0.9157684396170865,0.9635486068518324,0.047780167234745874,0.023629489603024575,0.021,-0.0026294896030245735,0.6361058601134215,0.65125,0.015144139886578478
T0_E2E,52,0.01,IID_BALANCED->DOMAIN_OOD,2116,3858,0.5,0.5,0.9157684396170865,0.9566371149425466,0.04086867532546001,0.023629489603024575,0.014515292897874546,-0.009114196705150028,0.6361058601134215,0.5531363400725765,-0.08296952004084501
T0_E2E,52,0.01,IID_BALANCED->TEMPLATE_OOD,2116,6832,0.5,0.5,0.9157684396170865,0.9632264831565154,0.04745804353942884,0.023629489603024575,0.018442622950819672,-0.005186866652204903,0.6361058601134215,0.639344262295082,0.0032384021816604935
T0_E2E,52,0.01,IID_BALANCED->DOMAIN_TEMPLATE_OOD,2116,3708,0.5,0.5,0.9157684396170865,0.9537321464862862,0.0379637068691997,0.023629489603024575,0.01348435814455232,-0.010145131458472255,0.6361058601134215,0.5334412081984897,-0.10266465191493179
T0_E2E,52,0.02,IID_BALANCED->TEMPORAL,2116,8000,0.5,0.5,0.9157684396170865,0.9635486068518324,0.047780167234745874,0.02930056710775047,0.0275,-0.0018005671077504712,0.6729678638941399,0.729,0.05603213610586011
T0_E2E,52,0.02,IID_BALANCED->DOMAIN_OOD,2116,3858,0.5,0.5,0.9157684396170865,0.9566371149425466,0.04086867532546001,0.02930056710775047,0.02332814930015552,-0.00597241780759495,0.6729678638941399,0.6656298600311042,-0.007338003863035625
T0_E2E,52,0.02,IID_BALANCED->TEMPLATE_OOD,2116,6832,0.5,0.5,0.9157684396170865,0.9632264831565154,0.04745804353942884,0.02930056710775047,0.02459016393442623,-0.004710403173324242,0.6729678638941399,0.7160421545667447,0.04307429067260482
T0_E2E,52,0.02,IID_BALANCED->DOMAIN_TEMPLATE_OOD,2116,3708,0.5,0.5,0.9157684396170865,0.9537321464862862,0.0379637068691997,0.02930056710775047,0.022114347357065803,-0.007186219750684668,0.6729678638941399,0.6380798274002157,-0.034888036493924135
T0_E2E,62,0.005,IID_BALANCED->TEMPORAL,2116,8000,0.5,0.5,0.9246075051138892,0.9669999135365398,0.042392408422650574,0.010396975425330813,0.0035,-0.006896975425330814,0.5151228733459358,0.547,0.03187712665406428
T0_E2E,62,0.005,IID_BALANCED->DOMAIN_OOD,2116,3858,0.5,0.5,0.9246075051138892,0.9558441244676338,0.031236619353744555,0.010396975425330813,0.0036288232244686366,-0.006768152200862177,0.5151228733459358,0.4230171073094868,-0.09210576603644899
T0_E2E,62,0.005,IID_BALANCED->TEMPLATE_OOD,2116,6832,0.5,0.5,0.9246075051138892,0.9662163208584575,0.04160881574456832,0.010396975425330813,0.00351288056206089,-0.006884094863269923,0.5151228733459358,0.5374707259953162,0.02234785264938044
T0_E2E,62,0.005,IID_BALANCED->DOMAIN_TEMPLATE_OOD,2116,3708,0.5,0.5,0.9246075051138892,0.9514542534931323,0.026846748379243057,0.010396975425330813,0.0037756202804746495,-0.006621355144856164,0.5151228733459358,0.4039913700107875,-0.11113150333514826
T0_E2E,62,0.01,IID_BALANCED->TEMPORAL,2116,8000,0.5,0.5,0.9246075051138892,0.9669999135365398,0.042392408422650574,0.013232514177693762,0.0055,-0.007732514177693762,0.5746691871455577,0.63225,0.057580812854442276
T0_E2E,62,0.01,IID_BALANCED->DOMAIN_OOD,2116,3858,0.5,0.5,0.9246075051138892,0.9558441244676338,0.031236619353744555,0.013232514177693762,0.006220839813374806,-0.007011674364318956,0.5746691871455577,0.5324002073613271,-0.04226897978423061
T0_E2E,62,0.01,IID_BALANCED->TEMPLATE_OOD,2116,6832,0.5,0.5,0.9246075051138892,0.9662163208584575,0.04160881574456832,0.013232514177693762,0.0055620608899297425,-0.007670453287764019,0.5746691871455577,0.6217798594847775,0.04711067233921984
T0_E2E,62,0.01,IID_BALANCED->DOMAIN_TEMPLATE_OOD,2116,3708,0.5,0.5,0.9246075051138892,0.9514542534931323,0.026846748379243057,0.013232514177693762,0.006472491909385114,-0.006760022268308648,0.5746691871455577,0.5091693635382956,-0.06549982360726214
T0_E2E,62,0.02,IID_BALANCED->TEMPORAL,2116,8000,0.5,0.5,0.9246075051138892,0.9669999135365398,0.042392408422650574,0.022684310018903593,0.01625,-0.006434310018903593,0.6625708884688091,0.75425,0.0916791115311909
T0_E2E,62,0.02,IID_BALANCED->DOMAIN_OOD,2116,3858,0.5,0.5,0.9246075051138892,0.9558441244676338,0.031236619353744555,0.022684310018903593,0.01866251944012442,-0.004021790578779175,0.6625708884688091,0.6905132192846034,0.027942330815794336
T0_E2E,62,0.02,IID_BALANCED->TEMPLATE_OOD,2116,6832,0.5,0.5,0.9246075051138892,0.9662163208584575,0.04160881574456832,0.022684310018903593,0.01522248243559719,-0.007461827583306404,0.6625708884688091,0.7473653395784543,0.08479445110964523
T0_E2E,62,0.02,IID_BALANCED->DOMAIN_TEMPLATE_OOD,2116,3708,0.5,0.5,0.9246075051138892,0.9514542534931323,0.026846748379243057,0.022684310018903593,0.018878101402373247,-0.003806208616530346,0.6625708884688091,0.6731391585760518,0.010568270107242705
T0_E2E,72,0.005,IID_BALANCED->TEMPORAL,2116,8000,0.5,0.5,0.933206715793798,0.9727809551809259,0.039574239387127896,0.006616257088846881,0.00225,-0.004366257088846881,0.48015122873345933,0.522,0.041848771266540685
T0_E2E,72,0.005,IID_BALANCED->DOMAIN_OOD,2116,3858,0.5,0.5,0.933206715793798,0.9653125232112922,0.03210580741749425,0.006616257088846881,0.002592016588906169,-0.004024240499940712,0.48015122873345933,0.39968895800933124,-0.0804622707241281
T0_E2E,72,0.005,IID_BALANCED->TEMPLATE_OOD,2116,6832,0.5,0.5,0.933206715793798,0.9725814890812227,0.03937477328742467,0.006616257088846881,0.0026346604215456673,-0.003981596667301213,0.48015122873345933,0.5084894613583139,0.02833823262485452
T0_E2E,72,0.005,IID_BALANCED->DOMAIN_TEMPLATE_OOD,2116,3708,0.5,0.5,0.933206715793798,0.9620810347067852,0.028874318912987196,0.006616257088846881,0.002696871628910464,-0.003919385459936416,0.48015122873345933,0.3786407766990291,-0.10151045203443021
T0_E2E,72,0.01,IID_BALANCED->TEMPORAL,2116,8000,0.5,0.5,0.933206715793798,0.9727809551809259,0.039574239387127896,0.014177693761814745,0.0075,-0.006677693761814745,0.5841209829867675,0.653,0.06887901701323251
T0_E2E,72,0.01,IID_BALANCED->DOMAIN_OOD,2116,3858,0.5,0.5,0.933206715793798,0.9653125232112922,0.03210580741749425,0.014177693761814745,0.00673924313115604,-0.007438450630658705,0.5841209829867675,0.5650596163815449,-0.01906136660522262
T0_E2E,72,0.01,IID_BALANCED->TEMPLATE_OOD,2116,6832,0.5,0.5,0.933206715793798,0.9725814890812227,0.03937477328742467,0.014177693761814745,0.006147540983606557,-0.008030152778208188,0.5841209829867675,0.6413934426229508,0.057272459636183326
T0_E2E,72,0.01,IID_BALANCED->DOMAIN_TEMPLATE_OOD,2116,3708,0.5,0.5,0.933206715793798,0.9620810347067852,0.028874318912987196,0.014177693761814745,0.007011866235167206,-0.0071658275266475386,0.5841209829867675,0.5426105717367853,-0.041510411249982226
T0_E2E,72,0.02,IID_BALANCED->TEMPORAL,2116,8000,0.5,0.5,0.933206715793798,0.9727809551809259,0.039574239387127896,0.02551984877126654,0.0175,-0.00801984877126654,0.7060491493383743,0.779,0.07295085066162577
T0_E2E,72,0.02,IID_BALANCED->DOMAIN_OOD,2116,3858,0.5,0.5,0.933206715793798,0.9653125232112922,0.03210580741749425,0.02551984877126654,0.01918092275790565,-0.0063389260133608905,0.7060491493383743,0.7293934681181959,0.023344318779821682
T0_E2E,72,0.02,IID_BALANCED->TEMPLATE_OOD,2116,6832,0.5,0.5,0.933206715793798,0.9725814890812227,0.03937477328742467,0.02551984877126654,0.014929742388758781,-0.01059010638250776,0.7060491493383743,0.7699063231850117,0.06385717384663747
T0_E2E,72,0.02,IID_BALANCED->DOMAIN_TEMPLATE_OOD,2116,3708,0.5,0.5,0.933206715793798,0.9620810347067852,0.028874318912987196,0.02551984877126654,0.018878101402373247,-0.006641747368893294,0.7060491493383743,0.7060409924487594,-8.156889614863161e-06
T0_E2E,82,0.005,IID_BALANCED->TEMPORAL,2116,8000,0.5,0.5,0.9190335170216697,0.9575564215891368,0.0385229045674671,0.014177693761814745,0.00775,-0.006427693761814745,0.4678638941398866,0.4515,-0.016363894139886592
T0_E2E,82,0.005,IID_BALANCED->DOMAIN_OOD,2116,3858,0.5,0.5,0.9190335170216697,0.9546583701151652,0.0356248530934955,0.014177693761814745,0.0005184033177812338,-0.01365929044403351,0.4678638941398866,0.30171073094867806,-0.16615316319120854
T0_E2E,82,0.005,IID_BALANCED->TEMPLATE_OOD,2116,6832,0.5,0.5,0.9190335170216697,0.9600262082877897,0.04099269126612004,0.014177693761814745,0.004098360655737705,-0.010079333106077039,0.4678638941398866,0.44437939110070257,-0.023484503039184035
T0_E2E,82,0.005,IID_BALANCED->DOMAIN_TEMPLATE_OOD,2116,3708,0.5,0.5,0.9190335170216697,0.9503601627584368,0.031326645736767134,0.014177693761814745,0.0005393743257820927,-0.013638319436032652,0.4678638941398866,0.2993527508090615,-0.16851114333082512
T0_E2E,82,0.01,IID_BALANCED->TEMPORAL,2116,8000,0.5,0.5,0.9190335170216697,0.9575564215891368,0.0385229045674671,0.01984877126654064,0.016,-0.003848771266540641,0.5264650283553876,0.551,0.02453497164461249
T0_E2E,82,0.01,IID_BALANCED->DOMAIN_OOD,2116,3858,0.5,0.5,0.9190335170216697,0.9546583701151652,0.0356248530934955,0.01984877126654064,0.005184033177812338,-0.014664738088728303,0.5264650283553876,0.43027475375842406,-0.0961902745969635
T0_E2E,82,0.01,IID_BALANCED->TEMPLATE_OOD,2116,6832,0.5,0.5,0.9190335170216697,0.9600262082877897,0.04099269126612004,0.01984877126654064,0.009953161592505855,-0.009895609674034786,0.5264650283553876,0.542447306791569,0.015982278436181496
T0_E2E,82,0.01,IID_BALANCED->DOMAIN_TEMPLATE_OOD,2116,3708,0.5,0.5,0.9190335170216697,0.9503601627584368,0.031326645736767134,0.01984877126654064,0.0048543689320388345,-0.014994402334501807,0.5264650283553876,0.418554476806904,-0.10791055154848356
T0_E2E,82,0.02,IID_BALANCED->TEMPORAL,2116,8000,0.5,0.5,0.9190335170216697,0.9575564215891368,0.0385229045674671,0.026465028355387523,0.02775,0.0012849716446124773,0.6096408317580341,0.675,0.06535916824196597
T0_E2E,82,0.02,IID_BALANCED->DOMAIN_OOD,2116,3858,0.5,0.5,0.9190335170216697,0.9546583701151652,0.0356248530934955,0.026465028355387523,0.01607050285121825,-0.010394525504169274,0.6096408317580341,0.5878693623639192,-0.021771469394114895
T0_E2E,82,0.02,IID_BALANCED->TEMPLATE_OOD,2116,6832,0.5,0.5,0.9190335170216697,0.9600262082877897,0.04099269126612004,0.026465028355387523,0.02107728337236534,-0.005387744983022184,0.6096408317580341,0.6636416861826698,0.05400085442463576
T0_E2E,82,0.02,IID_BALANCED->DOMAIN_TEMPLATE_OOD,2116,3708,0.5,0.5,0.9190335170216697,0.9503601627584368,0.031326645736767134,0.026465028355387523,0.014563106796116505,-0.011901921559271018,0.6096408317580341,0.558252427184466,-0.05138840457356808
